stage	path	fn	line	verdict	note
01_genotype	gatk-haplotypecaller/src/af_calc.rs	calculate_biallelic_af_em	132	tight	reviewed isolation; no safe absolute-speed win without algo/parity change
01_genotype	gatk-haplotypecaller/src/af_calc.rs	calculate_multiallelic_af_em	259	tight	reviewed isolation; no safe absolute-speed win without algo/parity change
01_genotype	gatk-haplotypecaller/src/af_calc.rs	default	56	tight	short leaf; no safe absolute-speed win
01_genotype	gatk-haplotypecaller/src/af_calc.rs	diploid_genotype_allele_counts	75	tight	short leaf; no safe absolute-speed win
01_genotype	gatk-haplotypecaller/src/af_calc.rs	diploid_genotype_pairs	202	tight	reviewed isolation; no safe absolute-speed win without algo/parity change
01_genotype	gatk-haplotypecaller/src/af_calc.rs	effective_allele_counts_biallelic	106	tight	reviewed isolation; no safe absolute-speed win without algo/parity change
01_genotype	gatk-haplotypecaller/src/af_calc.rs	effective_allele_counts_multi	234	tight	reviewed isolation; no safe absolute-speed win without algo/parity change
01_genotype	gatk-haplotypecaller/src/af_calc.rs	log10_dirichlet_mean_weights	67	tight	reviewed isolation; no safe absolute-speed win without algo/parity change
01_genotype	gatk-haplotypecaller/src/af_calc.rs	log10_normalized_genotype_posteriors_biallelic	83	tight	reviewed isolation; no safe absolute-speed win without algo/parity change
01_genotype	gatk-haplotypecaller/src/af_calc.rs	log10_normalized_genotype_posteriors_multi	212	tight	reviewed isolation; no safe absolute-speed win without algo/parity change
01_genotype	gatk-haplotypecaller/src/af_calc.rs	qual_from_log10_p_no_variant	351	tight	trivial getter/ctor
01_genotype	gatk-haplotypecaller/src/emit_gates.rs	gl_for_java_af_calculation	44	tight	trivial getter/ctor
01_genotype	gatk-haplotypecaller/src/emit_gates.rs	java_emit_would_pass	91	tight	reviewed isolation; no safe absolute-speed win without algo/parity change
01_genotype	gatk-haplotypecaller/src/emit_gates.rs	passes_cluster_anchor_read_support	27	tight	trivial getter/ctor
01_genotype	gatk-haplotypecaller/src/emit_gates.rs	passes_emit_for_variation_event	114	tight	reviewed isolation; no safe absolute-speed win without algo/parity change
01_genotype	gatk-haplotypecaller/src/emit_gates.rs	passes_hc_variant_emit_biallelic	70	tight	short leaf; no safe absolute-speed win
01_genotype	gatk-haplotypecaller/src/emit_gates.rs	passes_hc_variant_emit_biallelic_inner	48	tight	reviewed isolation; no safe absolute-speed win without algo/parity change
01_genotype	gatk-haplotypecaller/src/emit_gates.rs	passes_java_emit_not_hom_ref	78	tight	reviewed isolation; no safe absolute-speed win without algo/parity change
01_genotype	gatk-haplotypecaller/src/emit_gates.rs	passes_read_style_sparse_emit	33	tight	short leaf; no safe absolute-speed win
01_genotype	gatk-haplotypecaller/src/emit_gates.rs	qual_to_error_prob_log10	18	tight	short leaf; no safe absolute-speed win
01_genotype	gatk-haplotypecaller/src/genotyping.rs	ad_as_i32	206	tight	reviewed isolation; no safe absolute-speed win without algo/parity change
01_genotype	gatk-haplotypecaller/src/genotyping.rs	aggregate_haplotype_log10_likelihoods	44	tight	reviewed isolation; no safe absolute-speed win without algo/parity change
01_genotype	gatk-haplotypecaller/src/genotyping.rs	aggregation_rejects_haplotype_width_mismatch	1362	tight	short leaf; no safe absolute-speed win
01_genotype	gatk-haplotypecaller/src/genotyping.rs	aggregation_skips_non_finite_likelihoods	1378	tight	short leaf; no safe absolute-speed win
01_genotype	gatk-haplotypecaller/src/genotyping.rs	aggregation_sums_log10_likelihoods_per_haplotype	1334	tight	reviewed isolation; no safe absolute-speed win without algo/parity change
01_genotype	gatk-haplotypecaller/src/genotyping.rs	allele_to_gt_token	575	tight	reviewed isolation; no safe absolute-speed win without algo/parity change
01_genotype	gatk-haplotypecaller/src/genotyping.rs	best_biallelic_diploid_genotype_index	1242	tight	reviewed isolation; no safe absolute-speed win without algo/parity change
01_genotype	gatk-haplotypecaller/src/genotyping.rs	best_haplotype_index	87	tight	reviewed isolation; no safe absolute-speed win without algo/parity change
01_genotype	gatk-haplotypecaller/src/genotyping.rs	biallelic_diploid_log10_priors	124	tight	reviewed isolation; no safe absolute-speed win without algo/parity change
01_genotype	gatk-haplotypecaller/src/genotyping.rs	biallelic_genotype_fields_cardinality_and_shape	1442	tight	short leaf; no safe absolute-speed win
01_genotype	gatk-haplotypecaller/src/genotyping.rs	biallelic_genotype_index_from_pl	1218	tight	reviewed isolation; no safe absolute-speed win without algo/parity change
01_genotype	gatk-haplotypecaller/src/genotyping.rs	biallelic_genotype_index_from_pl_i32	1232	tight	reviewed isolation; no safe absolute-speed win without algo/parity change
01_genotype	gatk-haplotypecaller/src/genotyping.rs	biallelic_priors_are_valid_and_finite	1389	tight	short leaf; no safe absolute-speed win
01_genotype	gatk-haplotypecaller/src/genotyping.rs	build_gvcf_blocks	755	tight	short leaf; no safe absolute-speed win
01_genotype	gatk-haplotypecaller/src/genotyping.rs	build_gvcf_blocks_hc_emit	904	tight	reviewed isolation; no safe absolute-speed win without algo/parity change
01_genotype	gatk-haplotypecaller/src/genotyping.rs	build_gvcf_blocks_java_combiner	844	tight	reviewed isolation; no safe absolute-speed win without algo/parity change
01_genotype	gatk-haplotypecaller/src/genotyping.rs	build_gvcf_blocks_with_semantics	763	tight	reviewed isolation; no safe absolute-speed win without algo/parity change
01_genotype	gatk-haplotypecaller/src/genotyping.rs	canonicalize_format_keys	698	tight	reviewed isolation; no safe absolute-speed win without algo/parity change
01_genotype	gatk-haplotypecaller/src/genotyping.rs	coalesce_gvcf_blocks_for_emit	914	tight	reviewed isolation; no safe absolute-speed win without algo/parity change
01_genotype	gatk-haplotypecaller/src/genotyping.rs	compute_core_variant_annotations	638	tight	reviewed isolation; no safe absolute-speed win without algo/parity change
01_genotype	gatk-haplotypecaller/src/genotyping.rs	core_annotations_biallelic_ac_an_af_ns_dp	1518	tight	reviewed isolation; no safe absolute-speed win without algo/parity change
01_genotype	gatk-haplotypecaller/src/genotyping.rs	core_annotations_multiallelic_counts_match_indices	1545	tight	reviewed isolation; no safe absolute-speed win without algo/parity change
01_genotype	gatk-haplotypecaller/src/genotyping.rs	core_annotations_reject_invalid_alt_index	1569	tight	short leaf; no safe absolute-speed win
01_genotype	gatk-haplotypecaller/src/genotyping.rs	decide_locus_emission	977	tight	reviewed isolation; no safe absolute-speed win without algo/parity change
01_genotype	gatk-haplotypecaller/src/genotyping.rs	default	116	tight	short leaf; no safe absolute-speed win
01_genotype	gatk-haplotypecaller/src/genotyping.rs	default	460	tight	short leaf; no safe absolute-speed win
01_genotype	gatk-haplotypecaller/src/genotyping.rs	deterministic_call_sort_orders_by_contig_then_pos_then_alleles	1704	tight	reviewed isolation; no safe absolute-speed win without algo/parity change
01_genotype	gatk-haplotypecaller/src/genotyping.rs	deterministic_sort_rejects_unknown_contig	1742	tight	short leaf; no safe absolute-speed win
01_genotype	gatk-haplotypecaller/src/genotyping.rs	emit_genotype_format_fields	1269	tight	reviewed isolation; no safe absolute-speed win without algo/parity change
01_genotype	gatk-haplotypecaller/src/genotyping.rs	emit_genotype_phasing_fields	586	tight	reviewed isolation; no safe absolute-speed win without algo/parity change
01_genotype	gatk-haplotypecaller/src/genotyping.rs	emit_mode_bp_resolution_emits_reference_sites_per_base	1957	tight	short leaf; no safe absolute-speed win
01_genotype	gatk-haplotypecaller/src/genotyping.rs	emit_mode_gvcf_emits_reference_blocks_for_non_variant_loci	1945	tight	short leaf; no safe absolute-speed win
01_genotype	gatk-haplotypecaller/src/genotyping.rs	emit_mode_vcf_skips_reference_loci	1933	tight	short leaf; no safe absolute-speed win
01_genotype	gatk-haplotypecaller/src/genotyping.rs	expected_diploid_genotype_count	406	tight	trivial getter/ctor
01_genotype	gatk-haplotypecaller/src/genotyping.rs	format_field_emission_pl_gq_ad_dp_basic_semantics	1412	tight	short leaf; no safe absolute-speed win
01_genotype	gatk-haplotypecaller/src/genotyping.rs	format_field_emission_rejects_negative_depths	1436	tight	trivial getter/ctor
01_genotype	gatk-haplotypecaller/src/genotyping.rs	format_field_emission_synthetic_het_gq_matches_p7	1421	tight	short leaf; no safe absolute-speed win
01_genotype	gatk-haplotypecaller/src/genotyping.rs	from_wire	184	tight	reviewed isolation; no safe absolute-speed win without algo/parity change
01_genotype	gatk-haplotypecaller/src/genotyping.rs	genotype_posteriors_combine_likelihoods_and_priors	1397	tight	short leaf; no safe absolute-speed win
01_genotype	gatk-haplotypecaller/src/genotyping.rs	genotype_posteriors_from_log10_likelihoods	1103	tight	reviewed isolation; no safe absolute-speed win without algo/parity change
01_genotype	gatk-haplotypecaller/src/genotyping.rs	gq_band_upper	410	tight	reviewed isolation; no safe absolute-speed win without algo/parity change
01_genotype	gatk-haplotypecaller/src/genotyping.rs	gq_phred_from_biallelic_log10	1195	tight	reviewed isolation; no safe absolute-speed win without algo/parity change
01_genotype	gatk-haplotypecaller/src/genotyping.rs	gq_phred_from_pl	1177	tight	reviewed isolation; no safe absolute-speed win without algo/parity change
01_genotype	gatk-haplotypecaller/src/genotyping.rs	gq_phred_p7_compatible	1149	tight	reviewed isolation; no safe absolute-speed win without algo/parity change
01_genotype	gatk-haplotypecaller/src/genotyping.rs	gvcf_block_to_record_fields	956	tight	reviewed isolation; no safe absolute-speed win without algo/parity change
01_genotype	gatk-haplotypecaller/src/genotyping.rs	gvcf_blocks_merge_adjacent_positions_with_same_band	1805	tight	reviewed isolation; no safe absolute-speed win without algo/parity change
01_genotype	gatk-haplotypecaller/src/genotyping.rs	gvcf_blocks_split_on_coordinate_gap_even_same_band	1855	tight	short leaf; no safe absolute-speed win
01_genotype	gatk-haplotypecaller/src/genotyping.rs	gvcf_blocks_split_when_rgq_delta_exceeds_merge_semantics	1875	tight	reviewed isolation; no safe absolute-speed win without algo/parity change
01_genotype	gatk-haplotypecaller/src/genotyping.rs	gvcf_gq_partition	420	tight	reviewed isolation; no safe absolute-speed win without algo/parity change
01_genotype	gatk-haplotypecaller/src/genotyping.rs	gvcf_hc_emit_semantics_absorb_zero_min_rgq_fringe	1784	tight	reviewed isolation; no safe absolute-speed win without algo/parity change
01_genotype	gatk-haplotypecaller/src/genotyping.rs	gvcf_merge_semantics_hc_emit	469	tight	short leaf; no safe absolute-speed win
01_genotype	gatk-haplotypecaller/src/genotyping.rs	gvcf_record_fields_end_matches_multi_locus_boundary	1916	tight	short leaf; no safe absolute-speed win
01_genotype	gatk-haplotypecaller/src/genotyping.rs	gvcf_record_fields_end_matches_single_locus_boundary	1901	tight	short leaf; no safe absolute-speed win
01_genotype	gatk-haplotypecaller/src/genotyping.rs	het_strong_pl_gap_gq_is_capped_at_99	1429	tight	short leaf; no safe absolute-speed win
01_genotype	gatk-haplotypecaller/src/genotyping.rs	java_combiner_merges_within_start_partition_only	1756	tight	reviewed isolation; no safe absolute-speed win without algo/parity change
01_genotype	gatk-haplotypecaller/src/genotyping.rs	joint_compat_accepts_sorted_non_overlapping_records	1996	tight	reviewed isolation; no safe absolute-speed win without algo/parity change
01_genotype	gatk-haplotypecaller/src/genotyping.rs	joint_compat_rejects_end_before_pos	2045	tight	short leaf; no safe absolute-speed win
01_genotype	gatk-haplotypecaller/src/genotyping.rs	joint_compat_rejects_overlapping_records	2021	tight	reviewed isolation; no safe absolute-speed win without algo/parity change
01_genotype	gatk-haplotypecaller/src/genotyping.rs	low_confidence_locus_has_low_gq_when_likelihoods_nearly_equal	1615	tight	short leaf; no safe absolute-speed win
01_genotype	gatk-haplotypecaller/src/genotyping.rs	multi_sample_annotation_is_invariant_to_sample_order	1643	tight	reviewed isolation; no safe absolute-speed win without algo/parity change
01_genotype	gatk-haplotypecaller/src/genotyping.rs	multi_sample_regression_mixed_called_and_nocall_counts_stable	1671	tight	reviewed isolation; no safe absolute-speed win without algo/parity change
01_genotype	gatk-haplotypecaller/src/genotyping.rs	multiallelic_genotype_fields_cardinality_and_shape	1450	tight	short leaf; no safe absolute-speed win
01_genotype	gatk-haplotypecaller/src/genotyping.rs	multiallelic_rejects_gl_cardinality_mismatch	1462	tight	short leaf; no safe absolute-speed win
01_genotype	gatk-haplotypecaller/src/genotyping.rs	no_call_annotations_have_zero_an_af_and_ns	1592	tight	reviewed isolation; no safe absolute-speed win without algo/parity change
01_genotype	gatk-haplotypecaller/src/genotyping.rs	no_call_phasing_fields_emit_dot_gt_without_phase_tags	1582	tight	short leaf; no safe absolute-speed win
01_genotype	gatk-haplotypecaller/src/genotyping.rs	no_variation_region_bp_resolution_emits_per_base_reference_sites	1987	tight	short leaf; no safe absolute-speed win
01_genotype	gatk-haplotypecaller/src/genotyping.rs	no_variation_region_gvcf_mode_prefers_block_style_emission	1978	tight	short leaf; no safe absolute-speed win
01_genotype	gatk-haplotypecaller/src/genotyping.rs	no_variation_region_vcf_mode_emits_nothing	1969	tight	short leaf; no safe absolute-speed win
01_genotype	gatk-haplotypecaller/src/genotyping.rs	normalize_variant_alleles_left_aligned	512	tight	reviewed isolation; no safe absolute-speed win without algo/parity change
01_genotype	gatk-haplotypecaller/src/genotyping.rs	normalize_variant_left_aligns_deletion_in_homopolymer	1485	tight	reviewed isolation; no safe absolute-speed win without algo/parity change
01_genotype	gatk-haplotypecaller/src/genotyping.rs	normalize_variant_trims_shared_prefix_suffix	1471	tight	reviewed isolation; no safe absolute-speed win without algo/parity change
01_genotype	gatk-haplotypecaller/src/genotyping.rs	phasing_fields_emit_for_diploid_het_with_phase_set	1495	tight	short leaf; no safe absolute-speed win
01_genotype	gatk-haplotypecaller/src/genotyping.rs	phasing_fields_remain_unphased_without_phase_set_or_for_hom	1505	tight	short leaf; no safe absolute-speed win
01_genotype	gatk-haplotypecaller/src/genotyping.rs	pl_as_i32	201	tight	trivial getter/ctor
01_genotype	gatk-haplotypecaller/src/genotyping.rs	posterior_selects_expected_genotype_for_low_confidence_case	1628	tight	short leaf; no safe absolute-speed win
01_genotype	gatk-haplotypecaller/src/genotyping.rs	sort_genotyped_calls_deterministic	719	tight	reviewed isolation; no safe absolute-speed win without algo/parity change
01_genotype	gatk-haplotypecaller/src/genotyping.rs	summarize_no_variation_region	1029	tight	reviewed isolation; no safe absolute-speed win without algo/parity change
01_genotype	gatk-haplotypecaller/src/genotyping.rs	trim_common_allele_context	476	tight	reviewed isolation; no safe absolute-speed win without algo/parity change
01_genotype	gatk-haplotypecaller/src/genotyping.rs	validate_joint_compatibility_gvcf_records	1055	tight	reviewed isolation; no safe absolute-speed win without algo/parity change
01_genotype	gatk-haplotypecaller/src/genotyping.rs	within_gvcf_partition	432	tight	reviewed isolation; no safe absolute-speed win without algo/parity change
01_genotype	gatk-haplotypecaller/src/hc_allele_mapping.rs	best_alt_haplotype_index	553	tight	reviewed isolation; no safe absolute-speed win without algo/parity change
01_genotype	gatk-haplotypecaller/src/hc_allele_mapping.rs	create_allele_mapper	306	tight	reviewed isolation; no safe absolute-speed win without algo/parity change
01_genotype	gatk-haplotypecaller/src/hc_allele_mapping.rs	create_allele_mapper_with_events	331	tight	parity-sensitive; no safe absolute-speed win without gate risk
01_genotype	gatk-haplotypecaller/src/hc_allele_mapping.rs	hap_base_at_ref_locus	77	opt	CIGAR span bulk-advance (same hit/miss)
01_genotype	gatk-haplotypecaller/src/hc_allele_mapping.rs	hap_overlapping_events_at	280	tight	reviewed isolation; no safe absolute-speed win without algo/parity change
01_genotype	gatk-haplotypecaller/src/hc_allele_mapping.rs	haplotype_supports_allele_at	141	tight	reviewed isolation; no safe absolute-speed win without algo/parity change
01_genotype	gatk-haplotypecaller/src/hc_allele_mapping.rs	haplotype_supports_allele_at_with_events	193	tight	reviewed isolation; no safe absolute-speed win without algo/parity change
01_genotype	gatk-haplotypecaller/src/hc_allele_mapping.rs	haplotype_supports_allele_at_with_ref	163	tight	reviewed isolation; no safe absolute-speed win without algo/parity change
01_genotype	gatk-haplotypecaller/src/hc_allele_mapping.rs	overlapping_events_at_loc	271	tight	short leaf; no safe absolute-speed win
01_genotype	gatk-haplotypecaller/src/hc_allele_mapping.rs	ref_byte_at	35	tight	trivial getter/ctor
01_genotype	gatk-haplotypecaller/src/hc_allele_mapping.rs	replace_span_del_events	41	tight	reviewed isolation; no safe absolute-speed win without algo/parity change
01_genotype	gatk-haplotypecaller/src/hc_emit_policy.rs	explain_strict_java_emit_gates	67	tight	reviewed isolation; no safe absolute-speed win without algo/parity change
01_genotype	gatk-haplotypecaller/src/hc_emit_policy.rs	genotype_from_best_index	150	tight	reviewed isolation; no safe absolute-speed win without algo/parity change
01_genotype	gatk-haplotypecaller/src/hc_emit_policy.rs	passes_emit_for_genotyped_call	97	tight	reviewed isolation; no safe absolute-speed win without algo/parity change
01_genotype	gatk-haplotypecaller/src/hc_emit_policy.rs	passes_strict_java_emit_for_genotyped_call	30	tight	reviewed isolation; no safe absolute-speed win without algo/parity change
01_genotype	gatk-haplotypecaller/src/hc_emit_policy.rs	vcf_emit_key	163	tight	short leaf; no safe absolute-speed win
01_genotype	gatk-haplotypecaller/src/hc_genotyping_engine/config.rs	default	48	tight	short leaf; no safe absolute-speed win
01_genotype	gatk-haplotypecaller/src/hc_genotyping_engine/config.rs	enable_java_strict	61	tight	trivial getter/ctor
01_genotype	gatk-haplotypecaller/src/hc_genotyping_engine/config.rs	is_java_compatible	55	tight	trivial getter/ctor
01_genotype	gatk-haplotypecaller/src/hc_genotyping_engine/config.rs	legacy_read_bridges	110	tight	short leaf; no safe absolute-speed win
01_genotype	gatk-haplotypecaller/src/hc_genotyping_engine/config.rs	parity_aligned	100	tight	short leaf; no safe absolute-speed win
01_genotype	gatk-haplotypecaller/src/hc_genotyping_engine/config.rs	strict_java	66	tight	short leaf; no safe absolute-speed win
01_genotype	gatk-haplotypecaller/src/hc_genotyping_engine/config.rs	strict_java_emit	82	tight	reviewed isolation; no safe absolute-speed win without algo/parity change
01_genotype	gatk-haplotypecaller/src/hc_genotyping_engine/config.rs	strict_java_l4	89	tight	short leaf; no safe absolute-speed win
01_genotype	gatk-haplotypecaller/src/hc_genotyping_engine/config.rs	with_call_region_mode	121	tight	trivial getter/ctor
01_genotype	gatk-haplotypecaller/src/hc_genotyping_engine/genotype_assign.rs	assign_genotype_likelihoods_for_region	26	tight	reviewed isolation; no safe absolute-speed win without algo/parity change
01_genotype	gatk-haplotypecaller/src/hc_genotyping_engine/genotype_assign.rs	genotype_biallelic_indices	442	tight	reviewed isolation; no safe absolute-speed win without algo/parity change
01_genotype	gatk-haplotypecaller/src/hc_genotyping_engine/genotype_assign.rs	hap_supports_allele_for_sort	363	tight	reviewed isolation; no safe absolute-speed win without algo/parity change
01_genotype	gatk-haplotypecaller/src/hc_genotyping_engine/genotype_assign.rs	maybe_post_finalize_strict_java_call	4	tight	reviewed isolation; no safe absolute-speed win without algo/parity change
01_genotype	gatk-haplotypecaller/src/hc_genotyping_engine/genotype_assign.rs	merge_stored_variation_events_at_position	413	opt	BTreeSet→HashSet event dedupe
01_genotype	gatk-haplotypecaller/src/hc_genotyping_engine/genotype_finalize.rs	classify_genotype_reject	1128	tight	reviewed isolation; no safe absolute-speed win without algo/parity change
01_genotype	gatk-haplotypecaller/src/hc_genotyping_engine/genotype_finalize.rs	diagnose_genotype_variation_event	1078	tight	reviewed isolation; no safe absolute-speed win without algo/parity change
01_genotype	gatk-haplotypecaller/src/hc_genotyping_engine/genotype_finalize.rs	event_already_called	642	tight	reviewed isolation; no safe absolute-speed win without algo/parity change
01_genotype	gatk-haplotypecaller/src/hc_genotyping_engine/genotype_finalize.rs	filter_genotyped_calls_for_strict_java_emit	1277	tight	reviewed isolation; no safe absolute-speed win without algo/parity change
01_genotype	gatk-haplotypecaller/src/hc_genotyping_engine/genotype_finalize.rs	finalize_strict_java_genotype_for_emit	312	tight	parity-sensitive; no safe absolute-speed win without gate risk
01_genotype	gatk-haplotypecaller/src/hc_genotyping_engine/genotype_finalize.rs	finalize_strict_java_variation_genotype	206	tight	reviewed isolation; no safe absolute-speed win without algo/parity change
01_genotype	gatk-haplotypecaller/src/hc_genotyping_engine/genotype_finalize.rs	finalize_strict_java_variation_genotype_parity	14	tight	reviewed isolation; no safe absolute-speed win without algo/parity change
01_genotype	gatk-haplotypecaller/src/hc_genotyping_engine/genotype_finalize.rs	finish_strict_java_shaped_site_call	168	tight	reviewed isolation; no safe absolute-speed win without algo/parity change
01_genotype	gatk-haplotypecaller/src/hc_genotyping_engine/genotype_finalize.rs	format_locus_genotype_pl_dump	671	n/a	test/dump helper
01_genotype	gatk-haplotypecaller/src/hc_genotyping_engine/genotype_finalize.rs	genotype_from_marginalized_rows	497	tight	reviewed isolation; no safe absolute-speed win without algo/parity change
01_genotype	gatk-haplotypecaller/src/hc_genotyping_engine/genotype_finalize.rs	java_emit_af_decision	390	tight	reviewed isolation; no safe absolute-speed win without algo/parity change
01_genotype	gatk-haplotypecaller/src/hc_genotyping_engine/genotype_finalize.rs	java_vcf_shaped_rescue_gl	380	tight	trivial getter/ctor
01_genotype	gatk-haplotypecaller/src/hc_genotyping_engine/genotype_finalize.rs	java_vcf_shaped_rescue_gl_for_ad_pair	385	tight	trivial getter/ctor
01_genotype	gatk-haplotypecaller/src/hc_genotyping_engine/genotype_finalize.rs	long_insertion_pileup_shape_ad	430	tight	short leaf; no safe absolute-speed win
01_genotype	gatk-haplotypecaller/src/hc_genotyping_engine/genotype_finalize.rs	pairhmm_locus_trace_dump	772	n/a	test/dump helper
01_genotype	gatk-haplotypecaller/src/hc_genotyping_engine/genotype_finalize.rs	parity_emit_rescue_with_read_and_alt_hap	520	tight	reviewed isolation; no safe absolute-speed win without algo/parity change
01_genotype	gatk-haplotypecaller/src/hc_genotyping_engine/genotype_finalize.rs	post_finalize_strict_java_call	273	tight	reviewed isolation; no safe absolute-speed win without algo/parity change
01_genotype	gatk-haplotypecaller/src/hc_genotyping_engine/genotype_finalize.rs	reshape_genotype_allele_depths_keep_pls	444	tight	short leaf; no safe absolute-speed win
01_genotype	gatk-haplotypecaller/src/hc_genotyping_engine/genotype_finalize.rs	sparse_snp_genotype_from_read_depths	460	tight	reviewed isolation; no safe absolute-speed win without algo/parity change
01_genotype	gatk-haplotypecaller/src/hc_genotyping_engine/genotype_finalize.rs	stored_events_with_p12_cluster_anchors	582	tight	parity-sensitive; no safe absolute-speed win without gate risk
01_genotype	gatk-haplotypecaller/src/hc_genotyping_engine/genotype_finalize.rs	strict_asm8_emit_call_eligible	1193	tight	parity-sensitive; no safe absolute-speed win without gate risk
01_genotype	gatk-haplotypecaller/src/hc_genotyping_engine/genotype_finalize_java.rs	finalize_strict_java_variation_genotype_java	1	tight	reviewed isolation; no safe absolute-speed win without algo/parity change
01_genotype	gatk-haplotypecaller/src/hc_genotyping_engine/genotype_finalize_l11.rs	drop_clustered_short_indel_fragments	54	tight	reviewed isolation; no safe absolute-speed win without algo/parity change
01_genotype	gatk-haplotypecaller/src/hc_genotyping_engine/genotype_finalize_l11.rs	finalize_site	11	tight	reviewed isolation; no safe absolute-speed win without algo/parity change
01_genotype	gatk-haplotypecaller/src/hc_genotyping_engine/genotype_site_early_template.rs	try_shaped	6	tight	reviewed isolation; no safe absolute-speed win without algo/parity change
01_genotype	gatk-haplotypecaller/src/hc_genotyping_engine/genotype_site_map.rs	build_mapping	13	tight	reviewed isolation; no safe absolute-speed win without algo/parity change
01_genotype	gatk-haplotypecaller/src/hc_genotyping_engine/genotype_site_pileup_rescue.rs	try_empty_mapper	5	tight	reviewed isolation; no safe absolute-speed win without algo/parity change
01_genotype	gatk-haplotypecaller/src/hc_genotyping_engine/genotype_site_pipeline.rs	narrow_strict_java_cluster_anchor_snp_het_subset	199	tight	reviewed isolation; no safe absolute-speed win without algo/parity change
01_genotype	gatk-haplotypecaller/src/hc_genotyping_engine/genotype_site_pipeline.rs	narrow_strict_java_cluster_coupled_indel_subset	147	tight	reviewed isolation; no safe absolute-speed win without algo/parity change
01_genotype	gatk-haplotypecaller/src/hc_genotyping_engine/genotype_site_pipeline.rs	narrow_strict_java_cluster_upstream_hom_alt_subset	290	opt	BTreeSet→HashSet keep_qnames
01_genotype	gatk-haplotypecaller/src/hc_genotyping_engine/genotype_site_pipeline.rs	narrow_strict_java_sparse_hom_alt_subset	232	opt	BTreeSet→HashSet keep_qnames
01_genotype	gatk-haplotypecaller/src/hc_genotyping_engine/genotype_site_pipeline.rs	read_allele_depths_at_locus_for_genotyping	47	tight	reviewed isolation; no safe absolute-speed win without algo/parity change
01_genotype	gatk-haplotypecaller/src/hc_genotyping_engine/genotype_site_pipeline.rs	read_allele_depths_for_strict_emit	68	tight	reviewed isolation; no safe absolute-speed win without algo/parity change
01_genotype	gatk-haplotypecaller/src/hc_genotyping_engine/genotype_site_pipeline.rs	sparse_softclip_pileup_alt_counts	7	opt	HashSet QNAME dedupe
01_genotype	gatk-haplotypecaller/src/hc_genotyping_engine/genotype_site_pipeline.rs	try_genotype_variation_event	339	opt	format-narrow keep_qnames HashSet
01_genotype	gatk-haplotypecaller/src/hc_genotyping_engine/genotype_site_reshape.rs	apply_class_a_family	11	tight	reviewed isolation; no safe absolute-speed win without algo/parity change
01_genotype	gatk-haplotypecaller/src/hc_genotyping_engine/genotype_site_score.rs	as_slice	11	tight	short leaf; no safe absolute-speed win
01_genotype	gatk-haplotypecaller/src/hc_genotyping_engine/genotype_site_score.rs	from_allele_mapping	18	tight	reviewed isolation; no safe absolute-speed win without algo/parity change
01_genotype	gatk-haplotypecaller/src/hc_genotyping_engine/genotype_site_score.rs	genotype_from_allele_mapping	62	tight	reviewed isolation; no safe absolute-speed win without algo/parity change
01_genotype	gatk-haplotypecaller/src/hc_genotyping_engine/mod.rs	ad_for_java_shaped_genotype	1193	tight	reviewed isolation; no safe absolute-speed win without algo/parity change
01_genotype	gatk-haplotypecaller/src/hc_genotyping_engine/mod.rs	alt_hap_indices_for_genotype_marginalization	350	tight	reviewed isolation; no safe absolute-speed win without algo/parity change
01_genotype	gatk-haplotypecaller/src/hc_genotyping_engine/mod.rs	apply_java_hmm_l4_format	1145	tight	short leaf; no safe absolute-speed win
01_genotype	gatk-haplotypecaller/src/hc_genotyping_engine/mod.rs	apply_java_marginal_normalize_gap	283	tight	reviewed isolation; no safe absolute-speed win without algo/parity change
01_genotype	gatk-haplotypecaller/src/hc_genotyping_engine/mod.rs	apply_sparse_shaped_hom_alt_rescue	2093	tight	short leaf; no safe absolute-speed win
01_genotype	gatk-haplotypecaller/src/hc_genotyping_engine/mod.rs	as_vec	534	tight	trivial getter/ctor
01_genotype	gatk-haplotypecaller/src/hc_genotyping_engine/mod.rs	augment_sparse_alignment_subset_from_pileup_qnames	1722	opt	keep indices HashSet
01_genotype	gatk-haplotypecaller/src/hc_genotyping_engine/mod.rs	augment_sparse_softclip_likelihood_subset	1755	opt	O(n) QNAME HashSet (was O(n^2))
01_genotype	gatk-haplotypecaller/src/hc_genotyping_engine/mod.rs	augment_sparse_softclip_subset_from_pileup_qnames	1688	opt	keep indices HashSet
01_genotype	gatk-haplotypecaller/src/hc_genotyping_engine/mod.rs	biallelic_allele_depths_from_rows	580	tight	short leaf; no safe absolute-speed win
01_genotype	gatk-haplotypecaller/src/hc_genotyping_engine/mod.rs	biallelic_allele_depths_from_rows_min_conf	589	tight	short leaf; no safe absolute-speed win
01_genotype	gatk-haplotypecaller/src/hc_genotyping_engine/mod.rs	biallelic_genotype_log10_likelihoods_gatk	238	tight	parity-sensitive; no safe absolute-speed win without gate risk
01_genotype	gatk-haplotypecaller/src/hc_genotyping_engine/mod.rs	biallelic_genotype_log10_likelihoods_parity_legacy	219	tight	reviewed isolation; no safe absolute-speed win without algo/parity change
01_genotype	gatk-haplotypecaller/src/hc_genotyping_engine/mod.rs	calibrate_cluster_upstream_hom_alt_gl_if_best	1925	tight	short leaf; no safe absolute-speed win
01_genotype	gatk-haplotypecaller/src/hc_genotyping_engine/mod.rs	calibrate_gap_tail_het_gl_if_best	2007	tight	short leaf; no safe absolute-speed win
01_genotype	gatk-haplotypecaller/src/hc_genotyping_engine/mod.rs	calibrate_sparse_java_hom_alt_gl_if_best_with_event	1938	tight	short leaf; no safe absolute-speed win
01_genotype	gatk-haplotypecaller/src/hc_genotyping_engine/mod.rs	calibrate_weak_sparse_het_gl_if_best	1983	tight	short leaf; no safe absolute-speed win
01_genotype	gatk-haplotypecaller/src/hc_genotyping_engine/mod.rs	cluster_upstream_format_ad	2073	tight	short leaf; no safe absolute-speed win
01_genotype	gatk-haplotypecaller/src/hc_genotyping_engine/mod.rs	count_alt_best_reads_in_marginalized_subset	1796	tight	reviewed isolation; no safe absolute-speed win without algo/parity change
01_genotype	gatk-haplotypecaller/src/hc_genotyping_engine/mod.rs	count_informative_alt_best_reads_in_marginalized_subset	1819	tight	reviewed isolation; no safe absolute-speed win without algo/parity change
01_genotype	gatk-haplotypecaller/src/hc_genotyping_engine/mod.rs	dedupe_likelihood_subset_by_qname	950	opt	HashMap max-LL + best-per-QNAME (was O(n^2))
01_genotype	gatk-haplotypecaller/src/hc_genotyping_engine/mod.rs	event_tier3_hom_alt_java_pileup	1963	tight	short leaf; no safe absolute-speed win
01_genotype	gatk-haplotypecaller/src/hc_genotyping_engine/mod.rs	filter_likelihoods_for_variant	791	tight	reviewed isolation; no safe absolute-speed win without algo/parity change
01_genotype	gatk-haplotypecaller/src/hc_genotyping_engine/mod.rs	from_marginalized_rows	539	tight	reviewed isolation; no safe absolute-speed win without algo/parity change
01_genotype	gatk-haplotypecaller/src/hc_genotyping_engine/mod.rs	gap_event_has_supported_alt_haplotype	1274	tight	reviewed isolation; no safe absolute-speed win without algo/parity change
01_genotype	gatk-haplotypecaller/src/hc_genotyping_engine/mod.rs	gap_softclip_format_informative_tier	1329	tight	reviewed isolation; no safe absolute-speed win without algo/parity change
01_genotype	gatk-haplotypecaller/src/hc_genotyping_engine/mod.rs	gap_softclip_sparse_format_alt	1351	tight	reviewed isolation; no safe absolute-speed win without algo/parity change
01_genotype	gatk-haplotypecaller/src/hc_genotyping_engine/mod.rs	genotype_active_region	625	tight	short leaf; no safe absolute-speed win
01_genotype	gatk-haplotypecaller/src/hc_genotyping_engine/mod.rs	genotype_from_java_shaped_gls	1052	tight	reviewed isolation; no safe absolute-speed win without algo/parity change
01_genotype	gatk-haplotypecaller/src/hc_genotyping_engine/mod.rs	genotype_from_read_rows	599	tight	reviewed isolation; no safe absolute-speed win without algo/parity change
01_genotype	gatk-haplotypecaller/src/hc_genotyping_engine/mod.rs	is_cluster_coupled_45_3_0_pl	1900	tight	trivial getter/ctor
01_genotype	gatk-haplotypecaller/src/hc_genotyping_engine/mod.rs	is_cluster_ctc_39_0_39_pl	1905	tight	trivial getter/ctor
01_genotype	gatk-haplotypecaller/src/hc_genotyping_engine/mod.rs	is_hmm_hom_ref_emit_trap	1132	tight	short leaf; no safe absolute-speed win
01_genotype	gatk-haplotypecaller/src/hc_genotyping_engine/mod.rs	is_malformed_sparse_hom_alt_pl	2065	tight	short leaf; no safe absolute-speed win
01_genotype	gatk-haplotypecaller/src/hc_genotyping_engine/mod.rs	is_p12_phase_e_two_read_hom_alt_site	1958	tight	trivial getter/ctor
01_genotype	gatk-haplotypecaller/src/hc_genotyping_engine/mod.rs	is_sparse_p12_130_9_0_pl	1870	tight	trivial getter/ctor
01_genotype	gatk-haplotypecaller/src/hc_genotyping_engine/mod.rs	is_sparse_p12_90_6_0_pl	1865	tight	trivial getter/ctor
01_genotype	gatk-haplotypecaller/src/hc_genotyping_engine/mod.rs	is_sparse_p12_het_trap_pl	1861	tight	trivial getter/ctor
01_genotype	gatk-haplotypecaller/src/hc_genotyping_engine/mod.rs	java_alignment_read_covers_variant_base	662	tight	reviewed isolation; no safe absolute-speed win without algo/parity change
01_genotype	gatk-haplotypecaller/src/hc_genotyping_engine/mod.rs	java_alignment_read_overlaps_interval	635	tight	reviewed isolation; no safe absolute-speed win without algo/parity change
01_genotype	gatk-haplotypecaller/src/hc_genotyping_engine/mod.rs	java_cluster_downstream_shaped_genotype	1875	tight	trivial getter/ctor
01_genotype	gatk-haplotypecaller/src/hc_genotyping_engine/mod.rs	java_cluster_shaped_genotype	1096	tight	reviewed isolation; no safe absolute-speed win without algo/parity change
01_genotype	gatk-haplotypecaller/src/hc_genotyping_engine/mod.rs	java_cluster_tc_het_shaped_genotype	2002	tight	trivial getter/ctor
01_genotype	gatk-haplotypecaller/src/hc_genotyping_engine/mod.rs	java_cluster_upstream_shaped_genotype	2085	tight	short leaf; no safe absolute-speed win
01_genotype	gatk-haplotypecaller/src/hc_genotyping_engine/mod.rs	java_format_alt_from_informative_and_pileup	1305	tight	reviewed isolation; no safe absolute-speed win without algo/parity change
01_genotype	gatk-haplotypecaller/src/hc_genotyping_engine/mod.rs	java_gap_sparse_pileup_alt	1585	tight	trivial getter/ctor
01_genotype	gatk-haplotypecaller/src/hc_genotyping_engine/mod.rs	java_gap_tail_het_shaped_genotype	1997	tight	trivial getter/ctor
01_genotype	gatk-haplotypecaller/src/hc_genotyping_engine/mod.rs	java_read_overlaps_for_genotyping_filter	650	tight	reviewed isolation; no safe absolute-speed win without algo/parity change
01_genotype	gatk-haplotypecaller/src/hc_genotyping_engine/mod.rs	java_sparse_format_alt_target	1394	tight	reviewed isolation; no safe absolute-speed win without algo/parity change
01_genotype	gatk-haplotypecaller/src/hc_genotyping_engine/mod.rs	java_sparse_informative_alt_read_count	1372	tight	reviewed isolation; no safe absolute-speed win without algo/parity change
01_genotype	gatk-haplotypecaller/src/hc_genotyping_engine/mod.rs	java_sparse_snp_shaped_genotype	1110	tight	reviewed isolation; no safe absolute-speed win without algo/parity change
01_genotype	gatk-haplotypecaller/src/hc_genotyping_engine/mod.rs	java_vcf_shape_ad_candidates	1017	tight	reviewed isolation; no safe absolute-speed win without algo/parity change
01_genotype	gatk-haplotypecaller/src/hc_genotyping_engine/mod.rs	likelihood_subset_for_event	844	tight	reviewed isolation; no safe absolute-speed win without algo/parity change
01_genotype	gatk-haplotypecaller/src/hc_genotyping_engine/mod.rs	marginalize_rows_to_biallelic_alleles	506	tight	reviewed isolation; no safe absolute-speed win without algo/parity change
01_genotype	gatk-haplotypecaller/src/hc_genotyping_engine/mod.rs	p12_sparse_bam_hom_alt_pl_template	1220	tight	trivial getter/ctor
01_genotype	gatk-haplotypecaller/src/hc_genotyping_engine/mod.rs	pool_max_log10	301	tight	reviewed isolation; no safe absolute-speed win without algo/parity change
01_genotype	gatk-haplotypecaller/src/hc_genotyping_engine/mod.rs	read_allele_depths_at_locus_dedupe_qname	1179	opt	BTreeSet→HashSet QNAME dedupe
01_genotype	gatk-haplotypecaller/src/hc_genotyping_engine/mod.rs	read_overlaps_variant	768	tight	short leaf; no safe absolute-speed win
01_genotype	gatk-haplotypecaller/src/hc_genotyping_engine/mod.rs	read_overlaps_variant_for_config	736	tight	reviewed isolation; no safe absolute-speed win without algo/parity change
01_genotype	gatk-haplotypecaller/src/hc_genotyping_engine/mod.rs	read_overlaps_variant_for_config_event	747	tight	reviewed isolation; no safe absolute-speed win without algo/parity change
01_genotype	gatk-haplotypecaller/src/hc_genotyping_engine/mod.rs	ref_hap_indices_for_genotype_marginalization	317	tight	reviewed isolation; no safe absolute-speed win without algo/parity change
01_genotype	gatk-haplotypecaller/src/hc_genotyping_engine/mod.rs	region_likelihoods_to_rows	164	tight	reviewed isolation; no safe absolute-speed win without algo/parity change
01_genotype	gatk-haplotypecaller/src/hc_genotyping_engine/mod.rs	repair_strict_java_l4_format	2107	tight	reviewed isolation; no safe absolute-speed win without algo/parity change
01_genotype	gatk-haplotypecaller/src/hc_genotyping_engine/mod.rs	shaped_sparse_hom_alt_from_event	2052	tight	reviewed isolation; no safe absolute-speed win without algo/parity change
01_genotype	gatk-haplotypecaller/src/hc_genotyping_engine/mod.rs	soft_unclipped_read_overlaps_interval	778	tight	short leaf; no safe absolute-speed win
01_genotype	gatk-haplotypecaller/src/hc_genotyping_engine/mod.rs	sparse_alignment_alt_qnames_at_locus	1629	opt	BTreeSet→HashSet membership-only
01_genotype	gatk-haplotypecaller/src/hc_genotyping_engine/mod.rs	sparse_finalize_format_alt_informative_reads	719	tight	reviewed isolation; no safe absolute-speed win without algo/parity change
01_genotype	gatk-haplotypecaller/src/hc_genotyping_engine/mod.rs	sparse_finalize_pileup_alt_pa	2224	tight	reviewed isolation; no safe absolute-speed win without algo/parity change
01_genotype	gatk-haplotypecaller/src/hc_genotyping_engine/mod.rs	sparse_hmm_alt_read_count_for_format	1843	tight	short leaf; no safe absolute-speed win
01_genotype	gatk-haplotypecaller/src/hc_genotyping_engine/mod.rs	sparse_hom_alt_gl_anchor	2020	tight	reviewed isolation; no safe absolute-speed win without algo/parity change
01_genotype	gatk-haplotypecaller/src/hc_genotyping_engine/mod.rs	sparse_java_hom_alt_format_ad	1240	tight	reviewed isolation; no safe absolute-speed win without algo/parity change
01_genotype	gatk-haplotypecaller/src/hc_genotyping_engine/mod.rs	sparse_java_hom_alt_gl_penalties	1879	tight	reviewed isolation; no safe absolute-speed win without algo/parity change
01_genotype	gatk-haplotypecaller/src/hc_genotyping_engine/mod.rs	sparse_java_softclip_overlap_rescue_eligible	684	tight	reviewed isolation; no safe absolute-speed win without algo/parity change
01_genotype	gatk-haplotypecaller/src/hc_genotyping_engine/mod.rs	sparse_java_softclip_pairhmm_band	698	tight	short leaf; no safe absolute-speed win
01_genotype	gatk-haplotypecaller/src/hc_genotyping_engine/mod.rs	sparse_p12_l4_hom_alt_ad	1225	tight	reviewed isolation; no safe absolute-speed win without algo/parity change
01_genotype	gatk-haplotypecaller/src/hc_genotyping_engine/mod.rs	sparse_softclip_alt_qnames_at_locus	1590	opt	BTreeSet→HashSet membership-only
01_genotype	gatk-haplotypecaller/src/hc_genotyping_engine/mod.rs	sparse_softclip_tier3_evidence	708	tight	short leaf; no safe absolute-speed win
01_genotype	gatk-haplotypecaller/src/hc_genotyping_engine/mod.rs	strict_java_genotype_ready_for_emit	2201	tight	reviewed isolation; no safe absolute-speed win without algo/parity change
01_genotype	gatk-haplotypecaller/src/hc_genotyping_engine/mod.rs	strict_java_pairhmm_normalize_hap_indices	407	opt	BTreeSet→HashSet (mask consumer)
01_genotype	gatk-haplotypecaller/src/hc_genotyping_engine/mod.rs	subset_biallelic_haplotype_indices	196	tight	reviewed isolation; no safe absolute-speed win without algo/parity change
01_genotype	gatk-haplotypecaller/src/hc_genotyping_engine/mod.rs	supplement_mid_b_sparse_softclip_alt_reads_for_pairhmm	1668	tight	short leaf; no safe absolute-speed win
01_genotype	gatk-haplotypecaller/src/hc_genotyping_engine/mod.rs	symmetrize_cluster_anchor_het_gl_if_best	1910	tight	short leaf; no safe absolute-speed win
01_genotype	gatk-haplotypecaller/src/hc_genotyping_engine/mod.rs	try_java_sparse_snp_rescue_from_hmm	1159	tight	reviewed isolation; no safe absolute-speed win without algo/parity change
01_genotype	gatk-haplotypecaller/src/hc_genotyping_engine/mod.rs	variation_event_outside_trim_hap_window	1263	tight	short leaf; no safe absolute-speed win
01_genotype	gatk-haplotypecaller/src/hc_genotyping_engine/mod.rs	with_site_ad_scratch	1084	tight	reviewed isolation; no safe absolute-speed win without algo/parity change
01_genotype	gatk-haplotypecaller/src/hc_genotyping_engine/semantics.rs	from_call_region_mode	35	tight	short leaf; no safe absolute-speed win
01_genotype	gatk-haplotypecaller/src/hc_genotyping_engine/semantics.rs	is_java_compatible	30	tight	trivial getter/ctor
01_genotype	gatk-haplotypecaller/src/hc_genotyping_engine/sparse_pl_shape.rs	ad_pair_maps_java_rescue_shapes	92	tight	short leaf; no safe absolute-speed win
01_genotype	gatk-haplotypecaller/src/hc_genotyping_engine/sparse_pl_shape.rs	from_ad_pair	57	tight	short leaf; no safe absolute-speed win
01_genotype	gatk-haplotypecaller/src/hc_genotyping_engine/sparse_pl_shape.rs	from_pileup_depths	73	tight	short leaf; no safe absolute-speed win
01_genotype	gatk-haplotypecaller/src/hc_genotyping_engine/sparse_pl_shape.rs	gl	32	tight	short leaf; no safe absolute-speed win
01_genotype	gatk-haplotypecaller/src/hc_genotyping_engine/sparse_pl_shape.rs	gl_vec	52	tight	trivial getter/ctor
01_genotype	gatk-haplotypecaller/src/hc_genotyping_engine/sparse_pl_shape.rs	pl	42	tight	short leaf; no safe absolute-speed win
01_genotype	gatk-haplotypecaller/src/hc_genotyping_engine/sparse_pl_shape.rs	pl_gl_tables_match_java_vcf_inverses	106	tight	short leaf; no safe absolute-speed win
01_genotype	gatk-haplotypecaller/src/minimal_genotyping.rs	calculate_single_sample_ref_vs_any_active_state_profile_value	26	tight	short leaf; no safe absolute-speed win
01_genotype	gatk-haplotypecaller/src/minimal_genotyping.rs	cap_genotype_likelihoods_by_hom_ref	16	tight	reviewed isolation; no safe absolute-speed win without algo/parity change
01_genotype	gatk-haplotypecaller/src/minimal_genotyping.rs	haplotype_caller_activity_profile_state_minimal_genotyping	34	tight	reviewed isolation; no safe absolute-speed win without algo/parity change
01_genotype	gatk-haplotypecaller/src/minimal_genotyping.rs	max_element_index	76	tight	reviewed isolation; no safe absolute-speed win without algo/parity change
02_pairhmm	gatk-haplotypecaller/src/engine_pairhmm_post_process_tests.rs	filter_drops_all_reads_when_none_pass_threshold	52	n/a	test/dump helper
02_pairhmm	gatk-haplotypecaller/src/engine_pairhmm_post_process_tests.rs	filter_drops_poorly_modeled_read_keeps_informative	4	n/a	test/dump helper
02_pairhmm	gatk-haplotypecaller/src/likelihood_engine.rs	default	120	tight	short leaf; no safe absolute-speed win
02_pairhmm	gatk-haplotypecaller/src/likelihood_engine.rs	empty	26	tight	short leaf; no safe absolute-speed win
02_pairhmm	gatk-haplotypecaller/src/likelihood_engine.rs	ensure	35	tight	parity-sensitive; no safe absolute-speed win without gate risk
02_pairhmm	gatk-haplotypecaller/src/likelihood_engine.rs	filter_step_engine_active	165	tight	reviewed isolation; no safe absolute-speed win without algo/parity change
02_pairhmm	gatk-haplotypecaller/src/likelihood_engine.rs	gatk_haplotype_caller_production	105	tight	trivial getter/ctor
02_pairhmm	gatk-haplotypecaller/src/likelihood_engine.rs	log10_read_haplotype_likelihood	189	tight	reviewed isolation; no safe absolute-speed win without algo/parity change
02_pairhmm	gatk-haplotypecaller/src/likelihood_engine.rs	prepare_read_quals_for_pairhmm	136	tight	short leaf; no safe absolute-speed win
02_pairhmm	gatk-haplotypecaller/src/likelihood_engine.rs	prepare_read_quals_for_pairhmm_inplace	147	tight	short leaf; no safe absolute-speed win
02_pairhmm	gatk-haplotypecaller/src/likelihood_engine.rs	primary_engine_label	174	tight	short leaf; no safe absolute-speed win
02_pairhmm	gatk-haplotypecaller/src/likelihood_engine.rs	production_pairhmm_caps_low_base_qualities	290	tight	short leaf; no safe absolute-speed win
02_pairhmm	gatk-haplotypecaller/src/likelihood_engine.rs	resolved_pair_hmm_backend	114	tight	trivial getter/ctor
02_pairhmm	gatk-haplotypecaller/src/likelihood_engine.rs	score_read_against_haplotypes	214	tight	reviewed isolation; no safe absolute-speed win without algo/parity change
02_pairhmm	gatk-haplotypecaller/src/likelihood_engine.rs	uses_dragstr_pair_hmm	161	tight	trivial getter/ctor
02_pairhmm	gatk-haplotypecaller/src/likelihood_engine.rs	with_pair_hmm_impl	109	tight	trivial getter/ctor
02_pairhmm	gatk-haplotypecaller/src/pairhmm.rs	default	47	tight	reviewed isolation; no safe absolute-speed win without algo/parity change
02_pairhmm	gatk-haplotypecaller/src/pairhmm.rs	default	56	tight	reviewed isolation; no safe absolute-speed win without algo/parity change
02_pairhmm	gatk-haplotypecaller/src/pairhmm.rs	effective_qual	127	tight	trivial getter/ctor
02_pairhmm	gatk-haplotypecaller/src/pairhmm.rs	emission_log10	148	tight	short leaf; no safe absolute-speed win
02_pairhmm	gatk-haplotypecaller/src/pairhmm.rs	emission_tables	132	tight	reviewed isolation; no safe absolute-speed win without algo/parity change
02_pairhmm	gatk-haplotypecaller/src/pairhmm.rs	fp_policy_accepts_tiny_numeric_drift	401	tight	trivial getter/ctor
02_pairhmm	gatk-haplotypecaller/src/pairhmm.rs	log10_sum	110	tight	short leaf; no safe absolute-speed win
02_pairhmm	gatk-haplotypecaller/src/pairhmm.rs	log10_sum3	122	tight	trivial getter/ctor
02_pairhmm	gatk-haplotypecaller/src/pairhmm.rs	long_read_stays_finite	354	tight	short leaf; no safe absolute-speed win
02_pairhmm	gatk-haplotypecaller/src/pairhmm.rs	mapping_quality_caps_confidence	345	tight	short leaf; no safe absolute-speed win
02_pairhmm	gatk-haplotypecaller/src/pairhmm.rs	mk_input	325	tight	short leaf; no safe absolute-speed win
02_pairhmm	gatk-haplotypecaller/src/pairhmm.rs	n_base_is_non_informative	391	tight	short leaf; no safe absolute-speed win
02_pairhmm	gatk-haplotypecaller/src/pairhmm.rs	pairhmm_fp_eq	312	tight	short leaf; no safe absolute-speed win
02_pairhmm	gatk-haplotypecaller/src/pairhmm.rs	pairhmm_log10_likelihood	251	tight	reviewed isolation; no safe absolute-speed win without algo/parity change
02_pairhmm	gatk-haplotypecaller/src/pairhmm.rs	pairhmm_log10_likelihood_slices	164	tight	reviewed isolation; no safe absolute-speed win without algo/parity change
02_pairhmm	gatk-haplotypecaller/src/pairhmm.rs	pairhmm_log10_likelihoods_vectorized	294	tight	reviewed isolation; no safe absolute-speed win without algo/parity change
02_pairhmm	gatk-haplotypecaller/src/pairhmm.rs	pairhmm_log10_likelihoods_vectorized_slices	264	tight	reviewed isolation; no safe absolute-speed win without algo/parity change
02_pairhmm	gatk-haplotypecaller/src/pairhmm.rs	perfect_match_scores_higher_than_mismatch	335	tight	short leaf; no safe absolute-speed win
02_pairhmm	gatk-haplotypecaller/src/pairhmm.rs	prob_to_log10	101	tight	short leaf; no safe absolute-speed win
02_pairhmm	gatk-haplotypecaller/src/pairhmm.rs	validate	85	tight	short leaf; no safe absolute-speed win
02_pairhmm	gatk-haplotypecaller/src/pairhmm.rs	vectorized_path_matches_scalar	363	tight	reviewed isolation; no safe absolute-speed win without algo/parity change
02_pairhmm	gatk-haplotypecaller/src/pairhmm_log10.rs	approximate_log10_sum_log10	103	tight	trivial getter/ctor
02_pairhmm	gatk-haplotypecaller/src/pairhmm_log10.rs	build_match_to_match_log10_table	133	tight	reviewed isolation; no safe absolute-speed win without algo/parity change
02_pairhmm	gatk-haplotypecaller/src/pairhmm_log10.rs	clear	198	tight	short leaf; no safe absolute-speed win
02_pairhmm	gatk-haplotypecaller/src/pairhmm_log10.rs	ensure	182	tight	short leaf; no safe absolute-speed win
02_pairhmm	gatk-haplotypecaller/src/pairhmm_log10.rs	exact_log10_sum3	82	tight	reviewed isolation; no safe absolute-speed win without algo/parity change
02_pairhmm	gatk-haplotypecaller/src/pairhmm_log10.rs	exact_log10_sum3_matches_slice	375	tight	short leaf; no safe absolute-speed win
02_pairhmm	gatk-haplotypecaller/src/pairhmm_log10.rs	exact_log10_sum_log10	58	tight	reviewed isolation; no safe absolute-speed win without algo/parity change
02_pairhmm	gatk-haplotypecaller/src/pairhmm_log10.rs	first_cell_m11_matches_java	385	tight	reviewed isolation; no safe absolute-speed win without algo/parity change
02_pairhmm	gatk-haplotypecaller/src/pairhmm_log10.rs	log10_match_to_match_from_error_log10_sum	10	tight	short leaf; no safe absolute-speed win
02_pairhmm	gatk-haplotypecaller/src/pairhmm_log10.rs	log10_pairhmm_likelihood	216	tight	reviewed isolation; no safe absolute-speed win without algo/parity change
02_pairhmm	gatk-haplotypecaller/src/pairhmm_log10.rs	log10_pairhmm_likelihood_into	270	tight	reviewed isolation; no safe absolute-speed win without algo/parity change
02_pairhmm	gatk-haplotypecaller/src/pairhmm_log10.rs	log10_pairhmm_likelihood_parity_defaults	352	tight	short leaf; no safe absolute-speed win
02_pairhmm	gatk-haplotypecaller/src/pairhmm_log10.rs	log10_sum2	43	tight	short leaf; no safe absolute-speed win
02_pairhmm	gatk-haplotypecaller/src/pairhmm_log10.rs	log10_sum_single_finite_matches_java	369	tight	trivial getter/ctor
02_pairhmm	gatk-haplotypecaller/src/pairhmm_log10.rs	match_to_match_log10_table	146	tight	trivial getter/ctor
02_pairhmm	gatk-haplotypecaller/src/pairhmm_log10.rs	match_to_match_prob_log10	107	tight	short leaf; no safe absolute-speed win
02_pairhmm	gatk-haplotypecaller/src/pairhmm_log10.rs	new	172	tight	short leaf; no safe absolute-speed win
02_pairhmm	gatk-haplotypecaller/src/pairhmm_log10.rs	parity_fixture_case1_near_java_native	438	tight	short leaf; no safe absolute-speed win
02_pairhmm	gatk-haplotypecaller/src/pairhmm_log10.rs	parity_fixture_case2_near_java_native	447	tight	short leaf; no safe absolute-speed win
02_pairhmm	gatk-haplotypecaller/src/pairhmm_log10.rs	parity_fixture_case3_near_java_native	456	tight	short leaf; no safe absolute-speed win
02_pairhmm	gatk-haplotypecaller/src/pairhmm_log10.rs	qual_to_error_prob_log10	38	tight	trivial getter/ctor
02_pairhmm	gatk-haplotypecaller/src/pairhmm_log10.rs	qual_to_prob_log10	27	tight	short leaf; no safe absolute-speed win
02_pairhmm	gatk-haplotypecaller/src/pairhmm_log10.rs	qual_to_prob_log10_table	151	tight	reviewed isolation; no safe absolute-speed win without algo/parity change
02_pairhmm	gatk-haplotypecaller/src/pairhmm_log10.rs	qual_to_trans_probs_log10	121	tight	short leaf; no safe absolute-speed win
02_pairhmm	gatk-haplotypecaller/src/pairhmm_log10.rs	release_pairhmm_tls_scratch	209	tight	short leaf; no safe absolute-speed win
02_pairhmm	gatk-haplotypecaller/src/pairhmm_logless.rs	approximate_log10_sum_log10	47	tight	short leaf; no safe absolute-speed win
02_pairhmm	gatk-haplotypecaller/src/pairhmm_logless.rs	clear	151	tight	short leaf; no safe absolute-speed win
02_pairhmm	gatk-haplotypecaller/src/pairhmm_logless.rs	ensure	131	tight	reviewed isolation; no safe absolute-speed win without algo/parity change
02_pairhmm	gatk-haplotypecaller/src/pairhmm_logless.rs	initial_condition_constants_match_java	372	tight	trivial getter/ctor
02_pairhmm	gatk-haplotypecaller/src/pairhmm_logless.rs	logless_build_transitions	98	tight	reviewed isolation; no safe absolute-speed win without algo/parity change
02_pairhmm	gatk-haplotypecaller/src/pairhmm_logless.rs	logless_match_mismatch_prior	32	opt	qual match/mismatch LUT
02_pairhmm	gatk-haplotypecaller/src/pairhmm_logless.rs	logless_pairhmm_likelihood	168	tight	reviewed isolation; no safe absolute-speed win without algo/parity change
02_pairhmm	gatk-haplotypecaller/src/pairhmm_logless.rs	logless_pairhmm_likelihood_into	252	opt	skip full memset + inline priors via LUT
02_pairhmm	gatk-haplotypecaller/src/pairhmm_logless.rs	logless_pairhmm_likelihood_parity_defaults	214	tight	reviewed isolation; no safe absolute-speed win without algo/parity change
02_pairhmm	gatk-haplotypecaller/src/pairhmm_logless.rs	logless_pairhmm_likelihoods	334	tight	reviewed isolation; no safe absolute-speed win without algo/parity change
02_pairhmm	gatk-haplotypecaller/src/pairhmm_logless.rs	logless_qual_to_trans_probs	86	tight	short leaf; no safe absolute-speed win
02_pairhmm	gatk-haplotypecaller/src/pairhmm_logless.rs	logless_vs_log10_policy	364	tight	short leaf; no safe absolute-speed win
02_pairhmm	gatk-haplotypecaller/src/pairhmm_logless.rs	match_to_match_prob	55	tight	reviewed isolation; no safe absolute-speed win without algo/parity change
02_pairhmm	gatk-haplotypecaller/src/pairhmm_logless.rs	match_to_match_prob_table	69	tight	short leaf; no safe absolute-speed win
02_pairhmm	gatk-haplotypecaller/src/pairhmm_logless.rs	mismatch_and_short_read	392	tight	reviewed isolation; no safe absolute-speed win without algo/parity change
02_pairhmm	gatk-haplotypecaller/src/pairhmm_logless.rs	new	121	tight	short leaf; no safe absolute-speed win
02_pairhmm	gatk-haplotypecaller/src/pairhmm_logless.rs	perfect_match_finite_and_near_log10	378	tight	short leaf; no safe absolute-speed win
02_pairhmm	gatk-haplotypecaller/src/pairhmm_logless.rs	qual_to_error_prob	38	tight	trivial getter/ctor
02_pairhmm	gatk-haplotypecaller/src/pairhmm_logless.rs	qual_to_prob	43	tight	trivial getter/ctor
02_pairhmm	gatk-haplotypecaller/src/pairhmm_logless.rs	release_pairhmm_logless_tls_scratch	161	tight	short leaf; no safe absolute-speed win
02_pairhmm	gatk-haplotypecaller/src/pairhmm_logless.rs	validate_inputs	229	tight	reviewed isolation; no safe absolute-speed win without algo/parity change
02_pairhmm	gatk-haplotypecaller/src/pairhmm_qual.rs	cap_read_base_qualities	21	tight	reviewed isolation; no safe absolute-speed win without algo/parity change
02_pairhmm	gatk-haplotypecaller/src/pairhmm_qual.rs	caps_by_mapq_when_enabled	48	tight	trivial getter/ctor
02_pairhmm	gatk-haplotypecaller/src/pairhmm_qual.rs	caps_low_bases_to_min_usable	41	tight	short leaf; no safe absolute-speed win
02_pairhmm	gatk-haplotypecaller/src/pairhmm_qual.rs	set_to_fixed_value_if_too_low	10	tight	short leaf; no safe absolute-speed win
02_pairhmm	gatk-haplotypecaller/src/pairhmm_simd/avx2.rs	ensure	48	tight	reviewed isolation; no safe absolute-speed win without algo/parity change
02_pairhmm	gatk-haplotypecaller/src/pairhmm_simd/avx2.rs	new	39	tight	short leaf; no safe absolute-speed win
02_pairhmm	gatk-haplotypecaller/src/pairhmm_simd/avx2.rs	release_pairhmm_avx2_tls_scratch	72	tight	short leaf; no safe absolute-speed win
02_pairhmm	gatk-haplotypecaller/src/pairhmm_simd/avx2.rs	score_haps_avx2_f64	84	tight	reviewed isolation; no safe absolute-speed win without algo/parity change
02_pairhmm	gatk-haplotypecaller/src/pairhmm_simd/avx2.rs	score_haps_avx2_f64_unchecked	116	tight	reviewed isolation; no safe absolute-speed win without algo/parity change
02_pairhmm	gatk-haplotypecaller/src/pairhmm_simd/avx2.rs	score_pack4	218	tight	reviewed isolation; no safe absolute-speed win without algo/parity change
02_pairhmm	gatk-haplotypecaller/src/pairhmm_simd/dispatch.rs	best_simd_backend	98	tight	short leaf; no safe absolute-speed win
02_pairhmm	gatk-haplotypecaller/src/pairhmm_simd/dispatch.rs	label	36	tight	short leaf; no safe absolute-speed win
02_pairhmm	gatk-haplotypecaller/src/pairhmm_simd/dispatch.rs	label	48	tight	short leaf; no safe absolute-speed win
02_pairhmm	gatk-haplotypecaller/src/pairhmm_simd/dispatch.rs	parse_pair_hmm_impl	61	tight	reviewed isolation; no safe absolute-speed win without algo/parity change
02_pairhmm	gatk-haplotypecaller/src/pairhmm_simd/dispatch.rs	resolve_pair_hmm_impl	76	tight	reviewed isolation; no safe absolute-speed win without algo/parity change
02_pairhmm	gatk-haplotypecaller/src/pairhmm_simd/dispatch.rs	score_read_haps_logless	115	tight	reviewed isolation; no safe absolute-speed win without algo/parity change
02_pairhmm	gatk-haplotypecaller/src/pairhmm_simd/mod.rs	release_pairhmm_simd_tls_scratch	25	tight	trivial getter/ctor
02_pairhmm	gatk-haplotypecaller/src/pairhmm_simd/neon.rs	ensure	44	tight	reviewed isolation; no safe absolute-speed win without algo/parity change
02_pairhmm	gatk-haplotypecaller/src/pairhmm_simd/neon.rs	new	35	tight	short leaf; no safe absolute-speed win
02_pairhmm	gatk-haplotypecaller/src/pairhmm_simd/neon.rs	release_pairhmm_neon_tls_scratch	72	tight	short leaf; no safe absolute-speed win
02_pairhmm	gatk-haplotypecaller/src/pairhmm_simd/neon.rs	score_haps_neon_f64	93	tight	reviewed isolation; no safe absolute-speed win without algo/parity change
02_pairhmm	gatk-haplotypecaller/src/pairhmm_simd/neon.rs	score_haps_neon_f64_unchecked	127	tight	reviewed isolation; no safe absolute-speed win without algo/parity change
02_pairhmm	gatk-haplotypecaller/src/pairhmm_simd/neon.rs	score_pack2	228	tight	reviewed isolation; no safe absolute-speed win without algo/parity change
02_pairhmm	gatk-haplotypecaller/src/pairhmm_simd/neon.rs	take_neon_pack_stats	84	tight	short leaf; no safe absolute-speed win
02_pairhmm	gatk-haplotypecaller/src/pairhmm_simd/pack.rs	clear_prefix	331	tight	reviewed isolation; no safe absolute-speed win without algo/parity change
02_pairhmm	gatk-haplotypecaller/src/pairhmm_simd/pack.rs	clear_prefix	52	tight	short leaf; no safe absolute-speed win
02_pairhmm	gatk-haplotypecaller/src/pairhmm_simd/pack.rs	empty	313	tight	reviewed isolation; no safe absolute-speed win without algo/parity change
02_pairhmm	gatk-haplotypecaller/src/pairhmm_simd/pack.rs	empty	34	tight	short leaf; no safe absolute-speed win
02_pairhmm	gatk-haplotypecaller/src/pairhmm_simd/pack.rs	ensure_cells	322	tight	short leaf; no safe absolute-speed win
02_pairhmm	gatk-haplotypecaller/src/pairhmm_simd/pack.rs	ensure_cells	43	tight	short leaf; no safe absolute-speed win
02_pairhmm	gatk-haplotypecaller/src/pairhmm_simd/pack.rs	first_hap_divergence	125	opt	word-at-a-time prefix scan
02_pairhmm	gatk-haplotypecaller/src/pairhmm_simd/pack.rs	score_haps_logless_packed_f32	341	tight	reviewed isolation; no safe absolute-speed win without algo/parity change
02_pairhmm	gatk-haplotypecaller/src/pairhmm_simd/pack.rs	score_haps_logless_packed_f64	62	tight	reviewed isolation; no safe absolute-speed win without algo/parity change
02_pairhmm	gatk-haplotypecaller/src/pairhmm_simd/pack.rs	score_haps_logless_packed_f64_with_transitions	177	opt	prefix reuse + packed score
02_pairhmm	gatk-haplotypecaller/src/pairhmm_simd/pack.rs	score_one_f32	414	tight	reviewed isolation; no safe absolute-speed win without algo/parity change
02_pairhmm	gatk-haplotypecaller/src/pairhmm_simd/pack.rs	score_one_f64	231	opt	inline priors / skip memset / rolling leftovers
02_pairhmm	gatk-haplotypecaller/src/pairhmm_simd/pack.rs	score_one_hap_logless_f64_with_transitions	138	tight	reviewed isolation; no safe absolute-speed win without algo/parity change
02_pairhmm	gatk-haplotypecaller/src/pcr_error_model.rs	apply_pcr_error_model	74	opt	OnceLock PCR qual caches
02_pairhmm	gatk-haplotypecaller/src/pcr_error_model.rs	build_pcr_cache	45	tight	short leaf; no safe absolute-speed win
02_pairhmm	gatk-haplotypecaller/src/pcr_error_model.rs	conservative_caps_homopolymer_ins_del	98	tight	reviewed isolation; no safe absolute-speed win without algo/parity change
02_pairhmm	gatk-haplotypecaller/src/pcr_error_model.rs	error_model_adjusted_qual	39	tight	trivial getter/ctor
02_pairhmm	gatk-haplotypecaller/src/pcr_error_model.rs	rate_factor	29	tight	short leaf; no safe absolute-speed win
02_pairhmm	gatk-haplotypecaller/src/pcr_error_model.rs	tandem_repeat_units	54	tight	reviewed isolation; no safe absolute-speed win without algo/parity change
03_sw_cigar	gatk-haplotypecaller/src/cigar.rs	as_char	44	tight	reviewed isolation; no safe absolute-speed win without algo/parity change
03_sw_cigar	gatk-haplotypecaller/src/cigar.rs	consumes_read_bases	28	tight	trivial getter/ctor
03_sw_cigar	gatk-haplotypecaller/src/cigar.rs	consumes_reference_bases	24	tight	trivial getter/ctor
03_sw_cigar	gatk-haplotypecaller/src/cigar.rs	is_alignment	40	tight	trivial getter/ctor
03_sw_cigar	gatk-haplotypecaller/src/cigar.rs	is_clipping	32	tight	trivial getter/ctor
03_sw_cigar	gatk-haplotypecaller/src/cigar.rs	is_indel	36	tight	trivial getter/ctor
03_sw_cigar	gatk-haplotypecaller/src/cigar.rs	length_on_read	160	tight	short leaf; no safe absolute-speed win
03_sw_cigar	gatk-haplotypecaller/src/cigar.rs	length_on_reference	152	tight	short leaf; no safe absolute-speed win
03_sw_cigar	gatk-haplotypecaller/src/cigar.rs	max_indel_element_length	121	tight	short leaf; no safe absolute-speed win
03_sw_cigar	gatk-haplotypecaller/src/cigar.rs	new	90	tight	trivial getter/ctor
03_sw_cigar	gatk-haplotypecaller/src/cigar.rs	push	94	tight	short leaf; no safe absolute-speed win
03_sw_cigar	gatk-haplotypecaller/src/cigar.rs	read_length	130	tight	short leaf; no safe absolute-speed win
03_sw_cigar	gatk-haplotypecaller/src/cigar.rs	reference_length	107	tight	short leaf; no safe absolute-speed win
03_sw_cigar	gatk-haplotypecaller/src/cigar.rs	to_gatk_string	143	tight	reviewed isolation; no safe absolute-speed win without algo/parity change
03_sw_cigar	gatk-haplotypecaller/src/cigar_builder.rs	add	72	tight	reviewed isolation; no safe absolute-speed win without algo/parity change
03_sw_cigar	gatk-haplotypecaller/src/cigar_builder.rs	advance_section	147	tight	reviewed isolation; no safe absolute-speed win without algo/parity change
03_sw_cigar	gatk-haplotypecaller/src/cigar_builder.rs	default_trim	68	tight	trivial getter/ctor
03_sw_cigar	gatk-haplotypecaller/src/cigar_builder.rs	last_two_deletion_insertion	141	tight	trivial getter/ctor
03_sw_cigar	gatk-haplotypecaller/src/cigar_builder.rs	make	172	tight	short leaf; no safe absolute-speed win
03_sw_cigar	gatk-haplotypecaller/src/cigar_builder.rs	make_and_record	187	tight	short leaf; no safe absolute-speed win
03_sw_cigar	gatk-haplotypecaller/src/cigar_builder.rs	new	56	tight	short leaf; no safe absolute-speed win
03_sw_cigar	gatk-haplotypecaller/src/haplotype_cigar.rs	alignment_start_from_haplotype_sw	61	tight	reviewed isolation; no safe absolute-speed win without algo/parity change
03_sw_cigar	gatk-haplotypecaller/src/haplotype_cigar.rs	apply_cigar_to_cigar	345	tight	reviewed isolation; no safe absolute-speed win without algo/parity change
03_sw_cigar	gatk-haplotypecaller/src/haplotype_cigar.rs	calculate_haplotype_cigar	37	tight	short leaf; no safe absolute-speed win
03_sw_cigar	gatk-haplotypecaller/src/haplotype_cigar.rs	calculate_haplotype_cigar_for_assembly	76	tight	short leaf; no safe absolute-speed win
03_sw_cigar	gatk-haplotypecaller/src/haplotype_cigar.rs	calculate_haplotype_cigar_for_assembly_with_offset	92	tight	reviewed isolation; no safe absolute-speed win without algo/parity change
03_sw_cigar	gatk-haplotypecaller/src/haplotype_cigar.rs	calculate_haplotype_cigar_sw	148	tight	reviewed isolation; no safe absolute-speed win without algo/parity change
03_sw_cigar	gatk-haplotypecaller/src/haplotype_cigar.rs	calculate_haplotype_cigar_with_strategy	51	tight	short leaf; no safe absolute-speed win
03_sw_cigar	gatk-haplotypecaller/src/haplotype_cigar.rs	cigar_pair_transform	288	tight	reviewed isolation; no safe absolute-speed win without algo/parity change
03_sw_cigar	gatk-haplotypecaller/src/haplotype_cigar.rs	cigar_str	756	tight	short leaf; no safe absolute-speed win
03_sw_cigar	gatk-haplotypecaller/src/haplotype_cigar.rs	consolidated_padded_cigar	249	tight	reviewed isolation; no safe absolute-speed win without algo/parity change
03_sw_cigar	gatk-haplotypecaller/src/haplotype_cigar.rs	first_base_on_left_is_same	725	tight	short leaf; no safe absolute-speed win
03_sw_cigar	gatk-haplotypecaller/src/haplotype_cigar.rs	get_bases_covering_ref_interval	399	tight	reviewed isolation; no safe absolute-speed win without algo/parity change
03_sw_cigar	gatk-haplotypecaller/src/haplotype_cigar.rs	is_sw_failure	25	tight	reviewed isolation; no safe absolute-speed win without algo/parity change
03_sw_cigar	gatk-haplotypecaller/src/haplotype_cigar.rs	last_base_on_right_is_same	713	tight	short leaf; no safe absolute-speed win
03_sw_cigar	gatk-haplotypecaller/src/haplotype_cigar.rs	left_align_indel_at_read_start_no_panic	807	tight	short leaf; no safe absolute-speed win
03_sw_cigar	gatk-haplotypecaller/src/haplotype_cigar.rs	left_align_indels	542	tight	reviewed isolation; no safe absolute-speed win without algo/parity change
03_sw_cigar	gatk-haplotypecaller/src/haplotype_cigar.rs	left_align_indels_for_read	375	tight	short leaf; no safe absolute-speed win
03_sw_cigar	gatk-haplotypecaller/src/haplotype_cigar.rs	matches_gatk_java_cigar_fixtures	764	tight	short leaf; no safe absolute-speed win
03_sw_cigar	gatk-haplotypecaller/src/haplotype_cigar.rs	new	505	tight	trivial getter/ctor
03_sw_cigar	gatk-haplotypecaller/src/haplotype_cigar.rs	next_base_on_left_is_same	733	tight	reviewed isolation; no safe absolute-speed win without algo/parity change
03_sw_cigar	gatk-haplotypecaller/src/haplotype_cigar.rs	normalize_alleles	668	tight	reviewed isolation; no safe absolute-speed win without algo/parity change
03_sw_cigar	gatk-haplotypecaller/src/haplotype_cigar.rs	normalize_alleles_does_not_underflow_at_sequence_start	777	tight	reviewed isolation; no safe absolute-speed win without algo/parity change
03_sw_cigar	gatk-haplotypecaller/src/haplotype_cigar.rs	read_start_on_reference_haplotype	258	tight	reviewed isolation; no safe absolute-speed win without algo/parity change
03_sw_cigar	gatk-haplotypecaller/src/haplotype_cigar.rs	reference_offset_at_hap_read_offset	538	tight	trivial getter/ctor
03_sw_cigar	gatk-haplotypecaller/src/haplotype_cigar.rs	shift_end_left	526	tight	trivial getter/ctor
03_sw_cigar	gatk-haplotypecaller/src/haplotype_cigar.rs	shift_left	511	tight	short leaf; no safe absolute-speed win
03_sw_cigar	gatk-haplotypecaller/src/haplotype_cigar.rs	shift_start	520	tight	trivial getter/ctor
03_sw_cigar	gatk-haplotypecaller/src/haplotype_cigar.rs	shift_start_left	532	tight	trivial getter/ctor
03_sw_cigar	gatk-haplotypecaller/src/haplotype_cigar.rs	size	508	tight	trivial getter/ctor
03_sw_cigar	gatk-haplotypecaller/src/haplotype_cigar.rs	trim_cigar	463	tight	reviewed isolation; no safe absolute-speed win without algo/parity change
03_sw_cigar	gatk-haplotypecaller/src/haplotype_cigar.rs	trim_cigar_by_bases	240	tight	short leaf; no safe absolute-speed win
03_sw_cigar	gatk-haplotypecaller/src/haplotype_cigar.rs	trim_cigar_by_bases_public	390	tight	short leaf; no safe absolute-speed win
03_sw_cigar	gatk-haplotypecaller/src/haplotype_cigar.rs	trim_cigar_by_reference	232	tight	short leaf; no safe absolute-speed win
03_sw_cigar	gatk-haplotypecaller/src/read_projection.rs	cig	137	tight	trivial getter/ctor
03_sw_cigar	gatk-haplotypecaller/src/read_projection.rs	cigar_consumes_query	50	tight	short leaf; no safe absolute-speed win
03_sw_cigar	gatk-haplotypecaller/src/read_projection.rs	cigar_consumes_reference	40	tight	short leaf; no safe absolute-speed win
03_sw_cigar	gatk-haplotypecaller/src/read_projection.rs	cigar_hard_clip_length	9	tight	short leaf; no safe absolute-speed win
03_sw_cigar	gatk-haplotypecaller/src/read_projection.rs	cigar_soft_clip_ends	20	tight	reviewed isolation; no safe absolute-speed win without algo/parity change
03_sw_cigar	gatk-haplotypecaller/src/read_projection.rs	deletion_skips_reference_bases	168	tight	short leaf; no safe absolute-speed win
03_sw_cigar	gatk-haplotypecaller/src/read_projection.rs	hard_clip_length_is_counted	188	tight	short leaf; no safe absolute-speed win
03_sw_cigar	gatk-haplotypecaller/src/read_projection.rs	insertion_query_has_no_unique_ref_base	178	tight	short leaf; no safe absolute-speed win
03_sw_cigar	gatk-haplotypecaller/src/read_projection.rs	projection_roundtrip_8m	149	tight	reviewed isolation; no safe absolute-speed win without algo/parity change
03_sw_cigar	gatk-haplotypecaller/src/read_projection.rs	projection_soft_clip_offset	159	tight	short leaf; no safe absolute-speed win
03_sw_cigar	gatk-haplotypecaller/src/read_projection.rs	query_index_at_reference_position	98	tight	reviewed isolation; no safe absolute-speed win without algo/parity change
03_sw_cigar	gatk-haplotypecaller/src/read_projection.rs	ref_pos_outside_alignment_returns_none	201	tight	short leaf; no safe absolute-speed win
03_sw_cigar	gatk-haplotypecaller/src/read_projection.rs	reference_position_at_query_index	62	tight	reviewed isolation; no safe absolute-speed win without algo/parity change
03_sw_cigar	gatk-haplotypecaller/src/read_projection.rs	soft_clip_ends_2s8m	142	tight	short leaf; no safe absolute-speed win
03_sw_cigar	gatk-haplotypecaller/src/read_realignment.rs	append_clipped_elements_from_original	245	tight	reviewed isolation; no safe absolute-speed win without algo/parity change
03_sw_cigar	gatk-haplotypecaller/src/read_realignment.rs	best_haplotype_index_for_read	132	tight	reviewed isolation; no safe absolute-speed win without algo/parity change
03_sw_cigar	gatk-haplotypecaller/src/read_realignment.rs	best_haplotype_index_from_ll_row	154	tight	reviewed isolation; no safe absolute-speed win without algo/parity change
03_sw_cigar	gatk-haplotypecaller/src/read_realignment.rs	change_evidence_preserves_full_read_hap_matrix	458	tight	reviewed isolation; no safe absolute-speed win without algo/parity change
03_sw_cigar	gatk-haplotypecaller/src/read_realignment.rs	change_evidence_to_best_haplotype	202	tight	short leaf; no safe absolute-speed win
03_sw_cigar	gatk-haplotypecaller/src/read_realignment.rs	cigar_to_hts	424	tight	reviewed isolation; no safe absolute-speed win without algo/parity change
03_sw_cigar	gatk-haplotypecaller/src/read_realignment.rs	clip_from_hts	416	tight	short leaf; no safe absolute-speed win
03_sw_cigar	gatk-haplotypecaller/src/read_realignment.rs	consolidate_cigar	209	tight	reviewed isolation; no safe absolute-speed win without algo/parity change
03_sw_cigar	gatk-haplotypecaller/src/read_realignment.rs	create_read_aligned_to_ref	265	tight	short leaf; no safe absolute-speed win
03_sw_cigar	gatk-haplotypecaller/src/read_realignment.rs	create_read_aligned_to_ref_cached	282	tight	reviewed isolation; no safe absolute-speed win without algo/parity change
03_sw_cigar	gatk-haplotypecaller/src/read_realignment.rs	create_read_aligned_to_ref_preserves_soft_clips	558	tight	reviewed isolation; no safe absolute-speed win without algo/parity change
03_sw_cigar	gatk-haplotypecaller/src/read_realignment.rs	create_read_aligned_to_ref_sets_position_on_alt_hap	515	tight	reviewed isolation; no safe absolute-speed win without algo/parity change
03_sw_cigar	gatk-haplotypecaller/src/read_realignment.rs	create_read_aligned_to_ref_skips_spurious_hap_prefix_match_before_hap_ref_window	536	tight	reviewed isolation; no safe absolute-speed win without algo/parity change
03_sw_cigar	gatk-haplotypecaller/src/read_realignment.rs	edge_clips_from_record	217	tight	reviewed isolation; no safe absolute-speed win without algo/parity change
03_sw_cigar	gatk-haplotypecaller/src/read_realignment.rs	haplotype_alignment_tiebreak_priority	23	tight	short leaf; no safe absolute-speed win
03_sw_cigar	gatk-haplotypecaller/src/read_realignment.rs	hts_to_op_len	403	tight	short leaf; no safe absolute-speed win
03_sw_cigar	gatk-haplotypecaller/src/read_realignment.rs	realign_reads_to_best_haplotype	35	tight	reviewed isolation; no safe absolute-speed win without algo/parity change
03_sw_cigar	gatk-haplotypecaller/src/read_realignment.rs	record_cigar_differs	386	tight	reviewed isolation; no safe absolute-speed win without algo/parity change
03_sw_cigar	gatk-haplotypecaller/src/read_realignment.rs	test_record	448	n/a	test/dump helper
03_sw_cigar	gatk-haplotypecaller/src/read_realignment.rs	tiebreak_prefers_reference_within_informative_threshold	477	tight	reviewed isolation; no safe absolute-speed win without algo/parity change
03_sw_cigar	gatk-haplotypecaller/src/read_unclip.rs	adaptor_boundary_1based	533	tight	short leaf; no safe absolute-speed win
03_sw_cigar	gatk-haplotypecaller/src/read_unclip.rs	alignment_end_1based	514	tight	reviewed isolation; no safe absolute-speed win without algo/parity change
03_sw_cigar	gatk-haplotypecaller/src/read_unclip.rs	alignment_start_shift	245	tight	reviewed isolation; no safe absolute-speed win without algo/parity change
03_sw_cigar	gatk-haplotypecaller/src/read_unclip.rs	apply_hard_clip_bases	275	tight	reviewed isolation; no safe absolute-speed win without algo/parity change
03_sw_cigar	gatk-haplotypecaller/src/read_unclip.rs	apply_hc_softclip_pre_step	498	tight	short leaf; no safe absolute-speed win
03_sw_cigar	gatk-haplotypecaller/src/read_unclip.rs	cigar_len	64	tight	short leaf; no safe absolute-speed win
03_sw_cigar	gatk-haplotypecaller/src/read_unclip.rs	cigar_op_key	113	tight	short leaf; no safe absolute-speed win
03_sw_cigar	gatk-haplotypecaller/src/read_unclip.rs	clip_cigar	178	tight	reviewed isolation; no safe absolute-speed win without algo/parity change
03_sw_cigar	gatk-haplotypecaller/src/read_unclip.rs	clip_low_qual_ends	451	tight	reviewed isolation; no safe absolute-speed win without algo/parity change
03_sw_cigar	gatk-haplotypecaller/src/read_unclip.rs	clip_op_with_len	222	tight	short leaf; no safe absolute-speed win
03_sw_cigar	gatk-haplotypecaller/src/read_unclip.rs	consumes_read_bases	78	tight	short leaf; no safe absolute-speed win
03_sw_cigar	gatk-haplotypecaller/src/read_unclip.rs	consumes_ref_bases	85	tight	short leaf; no safe absolute-speed win
03_sw_cigar	gatk-haplotypecaller/src/read_unclip.rs	empty_unmapped_read	640	tight	short leaf; no safe absolute-speed win
03_sw_cigar	gatk-haplotypecaller/src/read_unclip.rs	gatk_soft_start_1based	148	tight	reviewed isolation; no safe absolute-speed win without algo/parity change
03_sw_cigar	gatk-haplotypecaller/src/read_unclip.rs	haplotype_caller_defaults	29	tight	short leaf; no safe absolute-speed win
03_sw_cigar	gatk-haplotypecaller/src/read_unclip.rs	hard_clip_adaptor_sequence	607	tight	reviewed isolation; no safe absolute-speed win without algo/parity change
03_sw_cigar	gatk-haplotypecaller/src/read_unclip.rs	hard_clip_by_ref_left_tail	622	tight	reviewed isolation; no safe absolute-speed win without algo/parity change
03_sw_cigar	gatk-haplotypecaller/src/read_unclip.rs	hard_clip_by_ref_right_tail	629	tight	reviewed isolation; no safe absolute-speed win without algo/parity change
03_sw_cigar	gatk-haplotypecaller/src/read_unclip.rs	hard_clip_low_qual_ends	442	tight	trivial getter/ctor
03_sw_cigar	gatk-haplotypecaller/src/read_unclip.rs	hard_clip_soft_clipped_bases	354	tight	reviewed isolation; no safe absolute-speed win without algo/parity change
03_sw_cigar	gatk-haplotypecaller/src/read_unclip.rs	hard_clip_soft_clipped_bases_seq	397	tight	reviewed isolation; no safe absolute-speed win without algo/parity change
03_sw_cigar	gatk-haplotypecaller/src/read_unclip.rs	hard_clip_to_region	648	tight	reviewed isolation; no safe absolute-speed win without algo/parity change
03_sw_cigar	gatk-haplotypecaller/src/read_unclip.rs	has_well_defined_fragment_size	43	tight	reviewed isolation; no safe absolute-speed win without algo/parity change
03_sw_cigar	gatk-haplotypecaller/src/read_unclip.rs	is_clipping_op	92	tight	trivial getter/ctor
03_sw_cigar	gatk-haplotypecaller/src/read_unclip.rs	is_inside_read_sam	547	tight	short leaf; no safe absolute-speed win
03_sw_cigar	gatk-haplotypecaller/src/read_unclip.rs	normalize_cigar	128	tight	reviewed isolation; no safe absolute-speed win without algo/parity change
03_sw_cigar	gatk-haplotypecaller/src/read_unclip.rs	normalize_merges_consecutive_hard_clips	687	tight	short leaf; no safe absolute-speed win
03_sw_cigar	gatk-haplotypecaller/src/read_unclip.rs	normalize_record_cigar	311	tight	reviewed isolation; no safe absolute-speed win without algo/parity change
03_sw_cigar	gatk-haplotypecaller/src/read_unclip.rs	op_with_len	230	tight	reviewed isolation; no safe absolute-speed win without algo/parity change
03_sw_cigar	gatk-haplotypecaller/src/read_unclip.rs	read_has_positive_cigar_length	674	tight	short leaf; no safe absolute-speed win
03_sw_cigar	gatk-haplotypecaller/src/read_unclip.rs	read_index_and_op_for_ref_coord_1based	554	tight	reviewed isolation; no safe absolute-speed win without algo/parity change
03_sw_cigar	gatk-haplotypecaller/src/read_unclip.rs	read_index_at_ref_for_left_tail	591	tight	short leaf; no safe absolute-speed win
03_sw_cigar	gatk-haplotypecaller/src/read_unclip.rs	read_index_at_ref_or_none	602	tight	trivial getter/ctor
03_sw_cigar	gatk-haplotypecaller/src/read_unclip.rs	replace_record_body	160	tight	short leaf; no safe absolute-speed win
03_sw_cigar	gatk-haplotypecaller/src/read_unclip.rs	revert_soft_clipped_bases	324	tight	reviewed isolation; no safe absolute-speed win without algo/parity change
03_sw_cigar	gatk-haplotypecaller/src/read_unclip.rs	revert_soft_clips_cigar	96	tight	reviewed isolation; no safe absolute-speed win without algo/parity change
03_sw_cigar	gatk-haplotypecaller/src/read_unclip.rs	soft_clip_low_qual_ends	447	tight	trivial getter/ctor
03_sw_cigar	gatk-haplotypecaller/src/read_unclip.rs	soft_clip_seq_matches_hard_clip_record_bases	694	tight	reviewed isolation; no safe absolute-speed win without algo/parity change
03_sw_cigar	gatk-haplotypecaller/src/read_unclip.rs	use_hard_clip_soft_bases	36	tight	short leaf; no safe absolute-speed win
03_sw_cigar	gatk-haplotypecaller/src/smith_waterman.rs	align	96	tight	short leaf; no safe absolute-speed win
03_sw_cigar	gatk-haplotypecaller/src/smith_waterman.rs	align_internal	125	tight	reviewed isolation; no safe absolute-speed win without algo/parity change
03_sw_cigar	gatk-haplotypecaller/src/smith_waterman.rs	align_read_to_best_haplotype	106	tight	short leaf; no safe absolute-speed win
03_sw_cigar	gatk-haplotypecaller/src/smith_waterman.rs	align_uppercase_ready	159	tight	reviewed isolation; no safe absolute-speed win without algo/parity change
03_sw_cigar	gatk-haplotypecaller/src/smith_waterman.rs	already_ascii_uppercase	121	tight	trivial getter/ctor
03_sw_cigar	gatk-haplotypecaller/src/smith_waterman.rs	calculate_cigar	434	tight	reviewed isolation; no safe absolute-speed win without algo/parity change
03_sw_cigar	gatk-haplotypecaller/src/smith_waterman.rs	calculate_matrix	325	opt	unchecked DP indexing
03_sw_cigar	gatk-haplotypecaller/src/smith_waterman.rs	cell	64	tight	trivial getter/ctor
03_sw_cigar	gatk-haplotypecaller/src/smith_waterman.rs	clear	309	tight	short leaf; no safe absolute-speed win
03_sw_cigar	gatk-haplotypecaller/src/smith_waterman.rs	empty_sequences_return_err_not_panic	591	tight	short leaf; no safe absolute-speed win
03_sw_cigar	gatk-haplotypecaller/src/smith_waterman.rs	ensure	284	tight	reviewed isolation; no safe absolute-speed win without algo/parity change
03_sw_cigar	gatk-haplotypecaller/src/smith_waterman.rs	gatk_haplotype_to_reference	21	tight	short leaf; no safe absolute-speed win
03_sw_cigar	gatk-haplotypecaller/src/smith_waterman.rs	gatk_read_to_best_haplotype	31	tight	reviewed isolation; no safe absolute-speed win without algo/parity change
03_sw_cigar	gatk-haplotypecaller/src/smith_waterman.rs	indel_strategy_produces_alignment	576	tight	short leaf; no safe absolute-speed win
03_sw_cigar	gatk-haplotypecaller/src/smith_waterman.rs	last_index_of	68	tight	reviewed isolation; no safe absolute-speed win without algo/parity change
03_sw_cigar	gatk-haplotypecaller/src/smith_waterman.rs	make_element	424	tight	short leaf; no safe absolute-speed win
03_sw_cigar	gatk-haplotypecaller/src/smith_waterman.rs	new	273	tight	short leaf; no safe absolute-speed win
03_sw_cigar	gatk-haplotypecaller/src/smith_waterman.rs	oversized_matrix_is_refused	609	tight	reviewed isolation; no safe absolute-speed win without algo/parity change
03_sw_cigar	gatk-haplotypecaller/src/smith_waterman.rs	release_sw_tls_scratch	319	tight	trivial getter/ctor
03_sw_cigar	gatk-haplotypecaller/src/smith_waterman.rs	substring_fast_path_soft_clip	559	tight	short leaf; no safe absolute-speed win
04_eventmap	gatk-haplotypecaller/src/event_map.rs	alt_allele	820	tight	trivial getter/ctor
04_eventmap	gatk-haplotypecaller/src/event_map.rs	alt_allele_bases	255	tight	trivial getter/ctor
04_eventmap	gatk-haplotypecaller/src/event_map.rs	as_bytes	45	tight	trivial getter/ctor
04_eventmap	gatk-haplotypecaller/src/event_map.rs	as_ref	72	tight	trivial getter/ctor
04_eventmap	gatk-haplotypecaller/src/event_map.rs	as_str	50	tight	trivial getter/ctor
04_eventmap	gatk-haplotypecaller/src/event_map.rs	build_event_start_positions_1based	642	tight	reviewed isolation; no safe absolute-speed win without algo/parity change
04_eventmap	gatk-haplotypecaller/src/event_map.rs	build_event_start_positions_from_cache	713	tight	reviewed isolation; no safe absolute-speed win without algo/parity change
04_eventmap	gatk-haplotypecaller/src/event_map.rs	build_per_haplotype_variation_events	683	tight	reviewed isolation; no safe absolute-speed win without algo/parity change
04_eventmap	gatk-haplotypecaller/src/event_map.rs	cached_events_support_allele_at	778	tight	reviewed isolation; no safe absolute-speed win without algo/parity change
04_eventmap	gatk-haplotypecaller/src/event_map.rs	cigar_has_indel	459	tight	trivial getter/ctor
04_eventmap	gatk-haplotypecaller/src/event_map.rs	cmp	267	tight	short leaf; no safe absolute-speed win
04_eventmap	gatk-haplotypecaller/src/event_map.rs	collect_variation_events	607	tight	reviewed isolation; no safe absolute-speed win without algo/parity change
04_eventmap	gatk-haplotypecaller/src/event_map.rs	effective_alignment_start_for_full_ref	536	tight	short leaf; no safe absolute-speed win
04_eventmap	gatk-haplotypecaller/src/event_map.rs	end_pos	236	tight	trivial getter/ctor
04_eventmap	gatk-haplotypecaller/src/event_map.rs	event_map_trim_slice_with_parent_offset_returns_empty	1053	tight	reviewed isolation; no safe absolute-speed win without algo/parity change
04_eventmap	gatk-haplotypecaller/src/event_map.rs	events_for	669	tight	short leaf; no safe absolute-speed win
04_eventmap	gatk-haplotypecaller/src/event_map.rs	fmt	66	tight	trivial getter/ctor
04_eventmap	gatk-haplotypecaller/src/event_map.rs	from	78	tight	trivial getter/ctor
04_eventmap	gatk-haplotypecaller/src/event_map.rs	from	84	tight	reviewed isolation; no safe absolute-speed win without algo/parity change
04_eventmap	gatk-haplotypecaller/src/event_map.rs	from_alleles	167	tight	trivial getter/ctor
04_eventmap	gatk-haplotypecaller/src/event_map.rs	from_bytes	30	tight	trivial getter/ctor
04_eventmap	gatk-haplotypecaller/src/event_map.rs	from_event	172	tight	trivial getter/ctor
04_eventmap	gatk-haplotypecaller/src/event_map.rs	from_event	810	tight	trivial getter/ctor
04_eventmap	gatk-haplotypecaller/src/event_map.rs	from_haplotype_and_reference	286	tight	reviewed isolation; no safe absolute-speed win without algo/parity change
04_eventmap	gatk-haplotypecaller/src/event_map.rs	from_str	40	tight	trivial getter/ctor
04_eventmap	gatk-haplotypecaller/src/event_map.rs	from_vec	35	tight	trivial getter/ctor
04_eventmap	gatk-haplotypecaller/src/event_map.rs	get	177	tight	trivial getter/ctor
04_eventmap	gatk-haplotypecaller/src/event_map.rs	hap_count	677	tight	trivial getter/ctor
04_eventmap	gatk-haplotypecaller/src/event_map.rs	hap_with_cigar	958	tight	reviewed isolation; no safe absolute-speed win without algo/parity change
04_eventmap	gatk-haplotypecaller/src/event_map.rs	indel_span	224	tight	trivial getter/ctor
04_eventmap	gatk-haplotypecaller/src/event_map.rs	indel_span_classifies_short_fragment_and_long_ins	975	tight	reviewed isolation; no safe absolute-speed win without algo/parity change
04_eventmap	gatk-haplotypecaller/src/event_map.rs	interval	242	tight	short leaf; no safe absolute-speed win
04_eventmap	gatk-haplotypecaller/src/event_map.rs	is_all_regular	280	tight	trivial getter/ctor
04_eventmap	gatk-haplotypecaller/src/event_map.rs	is_empty	60	tight	trivial getter/ctor
04_eventmap	gatk-haplotypecaller/src/event_map.rs	is_indel	213	tight	trivial getter/ctor
04_eventmap	gatk-haplotypecaller/src/event_map.rs	is_long_insertion_span	187	tight	trivial getter/ctor
04_eventmap	gatk-haplotypecaller/src/event_map.rs	is_regular_base	276	tight	trivial getter/ctor
04_eventmap	gatk-haplotypecaller/src/event_map.rs	is_short_fragment	182	tight	trivial getter/ctor
04_eventmap	gatk-haplotypecaller/src/event_map.rs	is_snp	218	tight	trivial getter/ctor
04_eventmap	gatk-haplotypecaller/src/event_map.rs	len	55	tight	trivial getter/ctor
04_eventmap	gatk-haplotypecaller/src/event_map.rs	merged_biallelic_remaps_nested_str_deletions	1013	tight	reviewed isolation; no safe absolute-speed win without algo/parity change
04_eventmap	gatk-haplotypecaller/src/event_map.rs	merged_biallelic_sites_at_position	861	tight	reviewed isolation; no safe absolute-speed win without algo/parity change
04_eventmap	gatk-haplotypecaller/src/event_map.rs	nests_beside_long	193	tight	short leaf; no safe absolute-speed win
04_eventmap	gatk-haplotypecaller/src/event_map.rs	new	162	tight	trivial getter/ctor
04_eventmap	gatk-haplotypecaller/src/event_map.rs	new	802	tight	short leaf; no safe absolute-speed win
04_eventmap	gatk-haplotypecaller/src/event_map.rs	partial_cmp	261	tight	trivial getter/ctor
04_eventmap	gatk-haplotypecaller/src/event_map.rs	prefer_dominant_spanning_indels	917	tight	reviewed isolation; no safe absolute-speed win without algo/parity change
04_eventmap	gatk-haplotypecaller/src/event_map.rs	prefer_indel_over_colocated_snps	519	opt	BTreeSet→HashSet indel_starts membership
04_eventmap	gatk-haplotypecaller/src/event_map.rs	ref_allele	815	tight	trivial getter/ctor
04_eventmap	gatk-haplotypecaller/src/event_map.rs	ref_allele_bases	249	tight	trivial getter/ctor
04_eventmap	gatk-haplotypecaller/src/event_map.rs	remap_alt_onto_longer_ref	848	tight	short leaf; no safe absolute-speed win
04_eventmap	gatk-haplotypecaller/src/event_map.rs	remap_onto_longer_ref	825	tight	reviewed isolation; no safe absolute-speed win without algo/parity change
04_eventmap	gatk-haplotypecaller/src/event_map.rs	remap_short_str_del_onto_longest_ref	1004	tight	short leaf; no safe absolute-speed win
04_eventmap	gatk-haplotypecaller/src/event_map.rs	snp_from_match_mismatch	1040	tight	short leaf; no safe absolute-speed win
04_eventmap	gatk-haplotypecaller/src/event_map.rs	snp_in_long_insertion_upstream_flank	203	tight	short leaf; no safe absolute-speed win
04_eventmap	gatk-haplotypecaller/src/event_map.rs	start_pos	230	tight	trivial getter/ctor
04_eventmap	gatk-haplotypecaller/src/event_map.rs	supplemental_indel_variation_events	464	tight	reviewed isolation; no safe absolute-speed win without algo/parity change
04_eventmap	gatk-haplotypecaller/src/event_map.rs	trimmed_hap_offset_does_not_create_spurious_snps	1088	tight	short leaf; no safe absolute-speed win
04_eventmap	gatk-haplotypecaller/src/event_map.rs	variation_events	432	tight	reviewed isolation; no safe absolute-speed win without algo/parity change
04_eventmap	gatk-haplotypecaller/src/event_map.rs	variation_events_at_position	726	tight	short leaf; no safe absolute-speed win
04_eventmap	gatk-haplotypecaller/src/event_map.rs	variation_events_at_position_from_cache	746	tight	reviewed isolation; no safe absolute-speed win without algo/parity change
04_eventmap	gatk-haplotypecaller/src/event_map.rs	variation_events_for_haplotype	553	tight	reviewed isolation; no safe absolute-speed win without algo/parity change
04_eventmap	gatk-haplotypecaller/src/event_map_rebuild.rs	rebuild_variation_events	29	tight	reviewed isolation; no safe absolute-speed win without algo/parity change
04_eventmap	gatk-haplotypecaller/src/pileup_detection.rs	default	35	tight	short leaf; no safe absolute-speed win
04_eventmap	gatk-haplotypecaller/src/pileup_detection.rs	gatk_haplotype_caller_defaults	42	tight	short leaf; no safe absolute-speed win
04_eventmap	gatk-haplotypecaller/src/pileup_detection.rs	should_run_pileup_supplement	51	tight	short leaf; no safe absolute-speed win
04_eventmap	gatk-haplotypecaller/src/pileup_detection.rs	supplement_pileup_events_into_assembly	67	tight	short leaf; no safe absolute-speed win
04_eventmap	gatk-haplotypecaller/src/pileup_element.rs	cigar_slice_to_string	194	tight	reviewed isolation; no safe absolute-speed win without algo/parity change
04_eventmap	gatk-haplotypecaller/src/pileup_element.rs	cigar_soft_clip_ends_from_slice	189	tight	trivial getter/ctor
04_eventmap	gatk-haplotypecaller/src/pileup_element.rs	deletion_span_and_flanks	203	tight	reviewed isolation; no safe absolute-speed win without algo/parity change
04_eventmap	gatk-haplotypecaller/src/pileup_element.rs	hom_ref_in_match_before_deletion_is_not_before_deletion_start	247	tight	reviewed isolation; no safe absolute-speed win without algo/parity change
04_eventmap	gatk-haplotypecaller/src/pileup_element.rs	insertion_before_after_flank_matches_gatk_rcm	265	tight	short leaf; no safe absolute-speed win
04_eventmap	gatk-haplotypecaller/src/pileup_element.rs	pileup_element_flags_at_ref	31	tight	reviewed isolation; no safe absolute-speed win without algo/parity change
04_eventmap	gatk-haplotypecaller/src/read_event_discovery/ad_decode_cache.rs	cigar_and_seq	23	tight	reviewed isolation; no safe absolute-speed win without algo/parity change
04_eventmap	gatk-haplotypecaller/src/read_event_discovery/ad_decode_cache.rs	clear	18	tight	trivial getter/ctor
04_eventmap	gatk-haplotypecaller/src/read_event_discovery/ad_decode_cache.rs	clear_ad_decode_cache	58	tight	trivial getter/ctor
04_eventmap	gatk-haplotypecaller/src/read_event_discovery/ad_decode_cache.rs	softclip_base_at_ref_1based	37	tight	reviewed isolation; no safe absolute-speed win without algo/parity change
04_eventmap	gatk-haplotypecaller/src/read_event_discovery/ad_decode_cache.rs	with_ad_decode_cache	63	tight	trivial getter/ctor
04_eventmap	gatk-haplotypecaller/src/read_event_discovery/apply_read_events.rs	apply_read_events_to_assembly	25	tight	reviewed isolation; no safe absolute-speed win without algo/parity change
04_eventmap	gatk-haplotypecaller/src/read_event_discovery/apply_read_events.rs	prune_spillover_supplement_haplotypes	1	tight	reviewed isolation; no safe absolute-speed win without algo/parity change
04_eventmap	gatk-haplotypecaller/src/read_event_discovery/cluster_materialize.rs	align_coupled_cluster_bases	217	tight	reviewed isolation; no safe absolute-speed win without algo/parity change
04_eventmap	gatk-haplotypecaller/src/read_event_discovery/cluster_materialize.rs	coupled_cluster_alt_bases	170	tight	reviewed isolation; no safe absolute-speed win without algo/parity change
04_eventmap	gatk-haplotypecaller/src/read_event_discovery/cluster_materialize.rs	ensure_assembly_cluster_indel_events	823	tight	parity-sensitive; no safe absolute-speed win without gate risk
04_eventmap	gatk-haplotypecaller/src/read_event_discovery/cluster_materialize.rs	ensure_cluster_coupled_alt_haplotype	766	tight	reviewed isolation; no safe absolute-speed win without algo/parity change
04_eventmap	gatk-haplotypecaller/src/read_event_discovery/cluster_materialize.rs	ensure_p12_cluster_coupled_variation_events	390	tight	short leaf; no safe absolute-speed win
04_eventmap	gatk-haplotypecaller/src/read_event_discovery/cluster_materialize.rs	ensure_p12_cluster_variation_events_for_active_span	343	tight	parity-sensitive; no safe absolute-speed win without gate risk
04_eventmap	gatk-haplotypecaller/src/read_event_discovery/cluster_materialize.rs	fix_p12_cluster_coupled_alt_haplotype	248	tight	parity-sensitive; no safe absolute-speed win without gate risk
04_eventmap	gatk-haplotypecaller/src/read_event_discovery/cluster_materialize.rs	force_cluster_coupled_haplotype_cigar	200	tight	short leaf; no safe absolute-speed win
04_eventmap	gatk-haplotypecaller/src/read_event_discovery/cluster_materialize.rs	harvest_snps_from_alt_haplotypes_on_trim_window	1042	tight	reviewed isolation; no safe absolute-speed win without algo/parity change
04_eventmap	gatk-haplotypecaller/src/read_event_discovery/cluster_materialize.rs	materialize_p12_cluster_from_assembly_cigars	518	tight	parity-sensitive; no safe absolute-speed win without gate risk
04_eventmap	gatk-haplotypecaller/src/read_event_discovery/cluster_materialize.rs	propagate_cluster_coupled_from_untrimmed	88	tight	reviewed isolation; no safe absolute-speed win without algo/parity change
04_eventmap	gatk-haplotypecaller/src/read_event_discovery/cluster_materialize.rs	push_coupled_cluster_alt_haplotype	469	tight	reviewed isolation; no safe absolute-speed win without algo/parity change
04_eventmap	gatk-haplotypecaller/src/read_event_discovery/cluster_materialize.rs	repair_alt_haplotype_alignment_for_event_map	974	tight	reviewed isolation; no safe absolute-speed win without algo/parity change
04_eventmap	gatk-haplotypecaller/src/read_event_discovery/cluster_materialize.rs	strict_materialize_cluster_haplotype_from_reads	7	tight	reviewed isolation; no safe absolute-speed win without algo/parity change
04_eventmap	gatk-haplotypecaller/src/read_event_discovery/cluster_materialize.rs	synthesize_coupled_cluster_bases_on_trim	141	tight	reviewed isolation; no safe absolute-speed win without algo/parity change
04_eventmap	gatk-haplotypecaller/src/read_event_discovery/cluster_materialize.rs	upsert_coupled_cluster_alt_haplotype	403	tight	reviewed isolation; no safe absolute-speed win without algo/parity change
04_eventmap	gatk-haplotypecaller/src/read_event_discovery/discover_from_reads.rs	allele_len_ok	70	tight	trivial getter/ctor
04_eventmap	gatk-haplotypecaller/src/read_event_discovery/discover_from_reads.rs	discover_cluster_tc_from_reads	5	tight	parity-sensitive; no safe absolute-speed win without gate risk
04_eventmap	gatk-haplotypecaller/src/read_event_discovery/discover_from_reads.rs	discover_indel_events_from_reads	244	opt	BTreeMap→HashMap support counts
04_eventmap	gatk-haplotypecaller/src/read_event_discovery/discover_from_reads.rs	discover_motif_insertion_events_from_reads	465	tight	reviewed isolation; no safe absolute-speed win without algo/parity change
04_eventmap	gatk-haplotypecaller/src/read_event_discovery/discover_from_reads.rs	discover_plug_insertion_events_from_reads	360	tight	reviewed isolation; no safe absolute-speed win without algo/parity change
04_eventmap	gatk-haplotypecaller/src/read_event_discovery/discover_from_reads.rs	discover_snp_events_from_reads	126	opt	span clamp + HashMap counts + AdDecodeCache
04_eventmap	gatk-haplotypecaller/src/read_event_discovery/discover_from_reads.rs	homopolymer_motif_phantom	58	tight	short leaf; no safe absolute-speed win
04_eventmap	gatk-haplotypecaller/src/read_event_discovery/discover_from_reads.rs	query_subseq	66	tight	trivial getter/ctor
04_eventmap	gatk-haplotypecaller/src/read_event_discovery/discover_from_reads.rs	reads_support_variation_in_active_span	76	tight	reviewed isolation; no safe absolute-speed win without algo/parity change
04_eventmap	gatk-haplotypecaller/src/read_event_discovery/indel_evidence.rs	cigar_for_single_indel_event	139	tight	reviewed isolation; no safe absolute-speed win without algo/parity change
04_eventmap	gatk-haplotypecaller/src/read_event_discovery/indel_evidence.rs	cigar_indel_evidence_builds_insertion_cigar	186	tight	short leaf; no safe absolute-speed win
04_eventmap	gatk-haplotypecaller/src/read_event_discovery/indel_evidence.rs	indel_ad_empty_reads_is_zero	201	tight	short leaf; no safe absolute-speed win
04_eventmap	gatk-haplotypecaller/src/read_event_discovery/indel_evidence.rs	query_subseq	9	tight	reviewed isolation; no safe absolute-speed win without algo/parity change
04_eventmap	gatk-haplotypecaller/src/read_event_discovery/indel_evidence.rs	read_indel_allele_depths_from_cigars	16	tight	reviewed isolation; no safe absolute-speed win without algo/parity change
04_eventmap	gatk-haplotypecaller/src/read_event_discovery/l9_dense_pileup_probe.rs	class_a2_hap_pool_collapse_probe	205	tight	reviewed isolation; no safe absolute-speed win without algo/parity change
04_eventmap	gatk-haplotypecaller/src/read_event_discovery/l9_dense_pileup_probe.rs	dense_bam	5	tight	trivial getter/ctor
04_eventmap	gatk-haplotypecaller/src/read_event_discovery/l9_dense_pileup_probe.rs	dense_ref	10	tight	trivial getter/ctor
04_eventmap	gatk-haplotypecaller/src/read_event_discovery/l9_dense_pileup_probe.rs	load_reads_at	14	tight	reviewed isolation; no safe absolute-speed win without algo/parity change
04_eventmap	gatk-haplotypecaller/src/read_event_discovery/l9_dense_pileup_probe.rs	pileup_matches_samtools_at_gt_flip_sites	28	tight	reviewed isolation; no safe absolute-speed win without algo/parity change
04_eventmap	gatk-haplotypecaller/src/read_event_discovery/l9_dense_pileup_probe.rs	snp_fn_sites_discover_and_call_region_stage	66	tight	reviewed isolation; no safe absolute-speed win without algo/parity change
04_eventmap	gatk-haplotypecaller/src/read_event_discovery/long_insertion.rs	discover_long_insertion_events_from_reads	31	tight	reviewed isolation; no safe absolute-speed win without algo/parity change
04_eventmap	gatk-haplotypecaller/src/read_event_discovery/long_insertion.rs	insertion_is_low_complexity	2	tight	reviewed isolation; no safe absolute-speed win without algo/parity change
04_eventmap	gatk-haplotypecaller/src/read_event_discovery/mod.rs	active_region_has_read_variation	330	tight	reviewed isolation; no safe absolute-speed win without algo/parity change
04_eventmap	gatk-haplotypecaller/src/read_event_discovery/mod.rs	allele_bytes_to_string	285	tight	trivial getter/ctor
04_eventmap	gatk-haplotypecaller/src/read_event_discovery/mod.rs	alt_hap_supports_cluster_coupled_indels	1188	tight	reviewed isolation; no safe absolute-speed win without algo/parity change
04_eventmap	gatk-haplotypecaller/src/read_event_discovery/mod.rs	alt_needs_indel_cigar_refresh	1856	tight	reviewed isolation; no safe absolute-speed win without algo/parity change
04_eventmap	gatk-haplotypecaller/src/read_event_discovery/mod.rs	apply_anchor_snp_haplotypes	2125	tight	reviewed isolation; no safe absolute-speed win without algo/parity change
04_eventmap	gatk-haplotypecaller/src/read_event_discovery/mod.rs	apply_event_to_ref	823	tight	short leaf; no safe absolute-speed win
04_eventmap	gatk-haplotypecaller/src/read_event_discovery/mod.rs	apply_events_to_ref_chained	843	tight	reviewed isolation; no safe absolute-speed win without algo/parity change
04_eventmap	gatk-haplotypecaller/src/read_event_discovery/mod.rs	assembly_cluster_inject_enabled	1178	tight	trivial getter/ctor
04_eventmap	gatk-haplotypecaller/src/read_event_discovery/mod.rs	assembly_has_alt_indel_cigar	1226	tight	short leaf; no safe absolute-speed win
04_eventmap	gatk-haplotypecaller/src/read_event_discovery/mod.rs	augment_assembly_with_read_events	2252	tight	reviewed isolation; no safe absolute-speed win without algo/parity change
04_eventmap	gatk-haplotypecaller/src/read_event_discovery/mod.rs	base_to_allele	277	tight	reviewed isolation; no safe absolute-speed win without algo/parity change
04_eventmap	gatk-haplotypecaller/src/read_event_discovery/mod.rs	c_has_deletion_at_ref_offset	1740	tight	reviewed isolation; no safe absolute-speed win without algo/parity change
04_eventmap	gatk-haplotypecaller/src/read_event_discovery/mod.rs	cluster_anchor_snp_pileup_het_qnames	721	tight	reviewed isolation; no safe absolute-speed win without algo/parity change
04_eventmap	gatk-haplotypecaller/src/read_event_discovery/mod.rs	cluster_coupled_events_complete	1355	tight	short leaf; no safe absolute-speed win
04_eventmap	gatk-haplotypecaller/src/read_event_discovery/mod.rs	cluster_coupled_events_from_assembly_haplotypes	1236	tight	reviewed isolation; no safe absolute-speed win without algo/parity change
04_eventmap	gatk-haplotypecaller/src/read_event_discovery/mod.rs	cluster_supplement_event	298	tight	reviewed isolation; no safe absolute-speed win without algo/parity change
04_eventmap	gatk-haplotypecaller/src/read_event_discovery/mod.rs	discover_p12_cluster_coupled_events_from_reads	1261	tight	reviewed isolation; no safe absolute-speed win without algo/parity change
04_eventmap	gatk-haplotypecaller/src/read_event_discovery/mod.rs	ensure_p12_cluster_mapper_gap_alt_haplotypes	1693	tight	reviewed isolation; no safe absolute-speed win without algo/parity change
04_eventmap	gatk-haplotypecaller/src/read_event_discovery/mod.rs	ensure_p12_mid_a_java_events	1783	tight	reviewed isolation; no safe absolute-speed win without algo/parity change
04_eventmap	gatk-haplotypecaller/src/read_event_discovery/mod.rs	ensure_p12_phase_e_gap_java_events	1763	tight	short leaf; no safe absolute-speed win
04_eventmap	gatk-haplotypecaller/src/read_event_discovery/mod.rs	ensure_p12_tg_anchor_alt_haplotype	2103	tight	reviewed isolation; no safe absolute-speed win without algo/parity change
04_eventmap	gatk-haplotypecaller/src/read_event_discovery/mod.rs	ensure_phase_e_gap_read_backed_alt_haplotypes	2052	tight	parity-sensitive; no safe absolute-speed win without gate risk
04_eventmap	gatk-haplotypecaller/src/read_event_discovery/mod.rs	ensure_read_backed_snp_alt_haplotypes	1995	tight	reviewed isolation; no safe absolute-speed win without algo/parity change
04_eventmap	gatk-haplotypecaller/src/read_event_discovery/mod.rs	env_flag_true	1649	tight	short leaf; no safe absolute-speed win
04_eventmap	gatk-haplotypecaller/src/read_event_discovery/mod.rs	events_match	293	tight	trivial getter/ctor
04_eventmap	gatk-haplotypecaller/src/read_event_discovery/mod.rs	finalize_graph_only_strict_event_map	864	tight	parity-sensitive; no safe absolute-speed win without gate risk
04_eventmap	gatk-haplotypecaller/src/read_event_discovery/mod.rs	genotype_emit	241	tight	short leaf; no safe absolute-speed win
04_eventmap	gatk-haplotypecaller/src/read_event_discovery/mod.rs	genotyping_eligible_event	319	tight	short leaf; no safe absolute-speed win
04_eventmap	gatk-haplotypecaller/src/read_event_discovery/mod.rs	graph_only_read_snp_discovery_options	399	tight	short leaf; no safe absolute-speed win
04_eventmap	gatk-haplotypecaller/src/read_event_discovery/mod.rs	in_active_span	289	tight	trivial getter/ctor
04_eventmap	gatk-haplotypecaller/src/read_event_discovery/mod.rs	inject_p12_java_registry_snps_in_span	92	tight	reviewed isolation; no safe absolute-speed win without algo/parity change
04_eventmap	gatk-haplotypecaller/src/read_event_discovery/mod.rs	is_java_diff_oracle_allele	535	tight	reviewed isolation; no safe absolute-speed win without algo/parity change
04_eventmap	gatk-haplotypecaller/src/read_event_discovery/mod.rs	is_p12_l5_java_extra_variant_no_hom_ref_pos	76	tight	reviewed isolation; no safe absolute-speed win without algo/parity change
04_eventmap	gatk-haplotypecaller/src/read_event_discovery/mod.rs	is_p12_phase_e_gap_event	1594	tight	short leaf; no safe absolute-speed win
04_eventmap	gatk-haplotypecaller/src/read_event_discovery/mod.rs	is_p12_phase_e_gap_het_event	121	tight	trivial getter/ctor
04_eventmap	gatk-haplotypecaller/src/read_event_discovery/mod.rs	is_sparse_snp_gl_rescue_eligible	564	tight	trivial getter/ctor
04_eventmap	gatk-haplotypecaller/src/read_event_discovery/mod.rs	is_strict_java_p12_production_emit_scope	149	tight	parity-sensitive; no safe absolute-speed win without gate risk
04_eventmap	gatk-haplotypecaller/src/read_event_discovery/mod.rs	is_strict_java_production_emit_admits	144	tight	trivial getter/ctor
04_eventmap	gatk-haplotypecaller/src/read_event_discovery/mod.rs	merge_graph_only_strict_read_snps_into_event_map	413	tight	parity-sensitive; no safe absolute-speed win without gate risk
04_eventmap	gatk-haplotypecaller/src/read_event_discovery/mod.rs	merge_p12_java_snp_registry	1612	tight	reviewed isolation; no safe absolute-speed win without algo/parity change
04_eventmap	gatk-haplotypecaller/src/read_event_discovery/mod.rs	merge_read_strict_snps_missing_from_event_map	1808	tight	reviewed isolation; no safe absolute-speed win without algo/parity change
04_eventmap	gatk-haplotypecaller/src/read_event_discovery/mod.rs	p12_baseline_emit_oracle_blocks	127	tight	short leaf; no safe absolute-speed win
04_eventmap	gatk-haplotypecaller/src/read_event_discovery/mod.rs	p12_cluster_ctc_deletion_ref_offset	1733	tight	reviewed isolation; no safe absolute-speed win without algo/parity change
04_eventmap	gatk-haplotypecaller/src/read_event_discovery/mod.rs	p12_cluster_indel_read_support	569	tight	parity-sensitive; no safe absolute-speed win without gate risk
04_eventmap	gatk-haplotypecaller/src/read_event_discovery/mod.rs	p12_emit_baseline_filter_enabled	461	tight	short leaf; no safe absolute-speed win
04_eventmap	gatk-haplotypecaller/src/read_event_discovery/mod.rs	p12_java_baseline_vcf_contains	495	tight	reviewed isolation; no safe absolute-speed win without algo/parity change
04_eventmap	gatk-haplotypecaller/src/read_event_discovery/mod.rs	p12_java_emit_baseline_contains	504	tight	short leaf; no safe absolute-speed win
04_eventmap	gatk-haplotypecaller/src/read_event_discovery/mod.rs	p12_java_emit_baseline_keys	471	tight	reviewed isolation; no safe absolute-speed win without algo/parity change
04_eventmap	gatk-haplotypecaller/src/read_event_discovery/mod.rs	p12_java_event_registry_enabled	1758	tight	trivial getter/ctor
04_eventmap	gatk-haplotypecaller/src/read_event_discovery/mod.rs	p12_java_only_allele_keys	511	tight	reviewed isolation; no safe absolute-speed win without algo/parity change
04_eventmap	gatk-haplotypecaller/src/read_event_discovery/mod.rs	p12_java_only_variation_events_in_span	544	tight	reviewed isolation; no safe absolute-speed win without algo/parity change
04_eventmap	gatk-haplotypecaller/src/read_event_discovery/mod.rs	parity_spine_snps	256	tight	reviewed isolation; no safe absolute-speed win without algo/parity change
04_eventmap	gatk-haplotypecaller/src/read_event_discovery/mod.rs	prune_asm8_event_map_to_java_pinned_sites	1121	tight	reviewed isolation; no safe absolute-speed win without algo/parity change
04_eventmap	gatk-haplotypecaller/src/read_event_discovery/mod.rs	prune_graph_only_event_map_to_cigar_or_read_proven	1135	tight	reviewed isolation; no safe absolute-speed win without algo/parity change
04_eventmap	gatk-haplotypecaller/src/read_event_discovery/mod.rs	push_harvested_snp_events_into_variation_map	379	tight	reviewed isolation; no safe absolute-speed win without algo/parity change
04_eventmap	gatk-haplotypecaller/src/read_event_discovery/mod.rs	push_p12_cluster_ctc_supplement_haplotype	1714	tight	reviewed isolation; no safe absolute-speed win without algo/parity change
04_eventmap	gatk-haplotypecaller/src/read_event_discovery/mod.rs	read_allele_depths_at_locus	637	tight	reviewed isolation; no safe absolute-speed win without algo/parity change
04_eventmap	gatk-haplotypecaller/src/read_event_discovery/mod.rs	read_allele_depths_at_locus_dedupe_qname	679	tight	reviewed isolation; no safe absolute-speed win without algo/parity change
04_eventmap	gatk-haplotypecaller/src/read_event_discovery/mod.rs	read_allele_depths_p12_java_sparse_pileup	781	tight	parity-sensitive; no safe absolute-speed win without gate risk
04_eventmap	gatk-haplotypecaller/src/read_event_discovery/mod.rs	read_supports_java_gap_snp	1549	tight	parity-sensitive; no safe absolute-speed win without gate risk
04_eventmap	gatk-haplotypecaller/src/read_event_discovery/mod.rs	ref_allele_matches_at_locus	1535	tight	short leaf; no safe absolute-speed win
04_eventmap	gatk-haplotypecaller/src/read_event_discovery/mod.rs	ref_bases_empty	2247	tight	trivial getter/ctor
04_eventmap	gatk-haplotypecaller/src/read_event_discovery/mod.rs	reference_hap_apply_window	2296	tight	reviewed isolation; no safe absolute-speed win without algo/parity change
04_eventmap	gatk-haplotypecaller/src/read_event_discovery/mod.rs	reference_motif_cluster_coupled_events	1326	tight	reviewed isolation; no safe absolute-speed win without algo/parity change
04_eventmap	gatk-haplotypecaller/src/read_event_discovery/mod.rs	reference_motif_indels_enabled	1183	tight	trivial getter/ctor
04_eventmap	gatk-haplotypecaller/src/read_event_discovery/mod.rs	refresh_alt_haplotype_indel_cigars	1879	tight	reviewed isolation; no safe absolute-speed win without algo/parity change
04_eventmap	gatk-haplotypecaller/src/read_event_discovery/mod.rs	restore_p12_phase_e_genotyping_events	1676	tight	short leaf; no safe absolute-speed win
04_eventmap	gatk-haplotypecaller/src/read_event_discovery/mod.rs	snp_allele_depth_pads_equivalent	629	tight	short leaf; no safe absolute-speed win
04_eventmap	gatk-haplotypecaller/src/read_event_discovery/mod.rs	snp_event_has_canonical_alt_haplotype_in_mapper	1965	tight	reviewed isolation; no safe absolute-speed win without algo/parity change
04_eventmap	gatk-haplotypecaller/src/read_event_discovery/mod.rs	sort_dedup_variation_events	1640	tight	short leaf; no safe absolute-speed win
04_eventmap	gatk-haplotypecaller/src/read_event_discovery/mod.rs	strict	215	tight	short leaf; no safe absolute-speed win
04_eventmap	gatk-haplotypecaller/src/read_event_discovery/mod.rs	strict_java_asm8_only_enabled	1656	tight	trivial getter/ctor
04_eventmap	gatk-haplotypecaller/src/read_event_discovery/mod.rs	strict_java_p12_cluster_span	1670	tight	trivial getter/ctor
04_eventmap	gatk-haplotypecaller/src/read_event_discovery/mod.rs	strict_java_p12_ensure_bridges_enabled	1662	tight	short leaf; no safe absolute-speed win
04_eventmap	gatk-haplotypecaller/src/read_event_discovery/mod.rs	strict_materialize_haplotype_from_reads	1371	tight	reviewed isolation; no safe absolute-speed win without algo/parity change
04_eventmap	gatk-haplotypecaller/src/read_event_discovery/mod.rs	strict_materialize_mid_region_haplotype_from_reads	1401	tight	reviewed isolation; no safe absolute-speed win without algo/parity change
04_eventmap	gatk-haplotypecaller/src/read_event_discovery/mod.rs	supplement	228	tight	short leaf; no safe absolute-speed win
04_eventmap	gatk-haplotypecaller/src/read_event_discovery/mod.rs	supplement_assembly_pileup_events_from_reads	2199	tight	reviewed isolation; no safe absolute-speed win without algo/parity change
04_eventmap	gatk-haplotypecaller/src/read_event_discovery/mod.rs	tag_alt_haplotype_from_reference	2323	tight	reviewed isolation; no safe absolute-speed win without algo/parity change
04_eventmap	gatk-haplotypecaller/src/read_event_discovery/motif_cluster_discovery.rs	alignment_end0	161	tight	reviewed isolation; no safe absolute-speed win without algo/parity change
04_eventmap	gatk-haplotypecaller/src/read_event_discovery/motif_cluster_discovery.rs	cluster_ctc_deletion_motif	325	tight	short leaf; no safe absolute-speed win
04_eventmap	gatk-haplotypecaller/src/read_event_discovery/motif_cluster_discovery.rs	cluster_ttc_atg_motif	313	tight	short leaf; no safe absolute-speed win
04_eventmap	gatk-haplotypecaller/src/read_event_discovery/motif_cluster_discovery.rs	collapse_snps_to_deletions	180	tight	parity-sensitive; no safe absolute-speed win without gate risk
04_eventmap	gatk-haplotypecaller/src/read_event_discovery/motif_cluster_discovery.rs	discover_gap_deletion_events_from_reads	53	tight	reviewed isolation; no safe absolute-speed win without algo/parity change
04_eventmap	gatk-haplotypecaller/src/read_event_discovery/motif_cluster_discovery.rs	discover_ttct_deletions_from_reads	252	tight	parity-sensitive; no safe absolute-speed win without gate risk
04_eventmap	gatk-haplotypecaller/src/read_event_discovery/motif_cluster_discovery.rs	discover_variation_events_from_reads	679	tight	short leaf; no safe absolute-speed win
04_eventmap	gatk-haplotypecaller/src/read_event_discovery/motif_cluster_discovery.rs	discover_variation_events_from_reads_with_options	697	tight	reviewed isolation; no safe absolute-speed win without algo/parity change
04_eventmap	gatk-haplotypecaller/src/read_event_discovery/motif_cluster_discovery.rs	inject_cluster_anchor_snps	493	tight	parity-sensitive; no safe absolute-speed win without gate risk
04_eventmap	gatk-haplotypecaller/src/read_event_discovery/motif_cluster_discovery.rs	inject_reference_cluster_indel_events	537	tight	parity-sensitive; no safe absolute-speed win without gate risk
04_eventmap	gatk-haplotypecaller/src/read_event_discovery/motif_cluster_discovery.rs	is_regular_base	174	tight	trivial getter/ctor
04_eventmap	gatk-haplotypecaller/src/read_event_discovery/motif_cluster_discovery.rs	merge_read_events	633	tight	reviewed isolation; no safe absolute-speed win without algo/parity change
04_eventmap	gatk-haplotypecaller/src/read_event_discovery/motif_cluster_discovery.rs	p12_cluster_coupled_indel_supporting_read_qnames	434	tight	parity-sensitive; no safe absolute-speed win without gate risk
04_eventmap	gatk-haplotypecaller/src/read_event_discovery/motif_cluster_discovery.rs	read_supports_motif_insertion_at_off	391	tight	parity-sensitive; no safe absolute-speed win without gate risk
04_eventmap	gatk-haplotypecaller/src/read_event_discovery/motif_cluster_discovery.rs	read_supports_ttct_deletion_at_off	345	tight	reviewed isolation; no safe absolute-speed win without algo/parity change
04_eventmap	gatk-haplotypecaller/src/read_event_discovery/motif_cluster_discovery.rs	synthesize_cluster_motif_insertions	4	tight	reviewed isolation; no safe absolute-speed win without algo/parity change
04_eventmap	gatk-haplotypecaller/src/read_event_discovery/motif_cluster_discovery.rs	ttct_deletion_read_support	334	tight	short leaf; no safe absolute-speed win
04_eventmap	gatk-haplotypecaller/src/read_event_discovery/parity_spine.rs	discover_parity_spine_snp_events	410	tight	reviewed isolation; no safe absolute-speed win without algo/parity change
04_eventmap	gatk-haplotypecaller/src/read_event_discovery/parity_spine.rs	merge_active_and_cluster_events	27	tight	parity-sensitive; no safe absolute-speed win without gate risk
04_eventmap	gatk-haplotypecaller/src/read_event_discovery/parity_spine.rs	parity_spine_indels_from_reads	440	tight	short leaf; no safe absolute-speed win
04_eventmap	gatk-haplotypecaller/src/read_event_discovery/parity_spine.rs	parity_spine_read_proven_indels	69	tight	reviewed isolation; no safe absolute-speed win without algo/parity change
04_eventmap	gatk-haplotypecaller/src/read_event_discovery/parity_spine.rs	parity_spine_read_proven_snps	328	tight	parity-sensitive; no safe absolute-speed win without gate risk
04_eventmap	gatk-haplotypecaller/src/read_event_discovery/parity_spine.rs	scrub_p12_cluster_phantom_alleles	2	tight	reviewed isolation; no safe absolute-speed win without algo/parity change
04_eventmap	gatk-haplotypecaller/src/read_event_discovery/supplement_assembly.rs	apply_reference_motif_indels_when_no_cigar_events	446	tight	reviewed isolation; no safe absolute-speed win without algo/parity change
04_eventmap	gatk-haplotypecaller/src/read_event_discovery/supplement_assembly.rs	backfill_graph_only_read_proven_gap_snps	858	tight	parity-sensitive; no safe absolute-speed win without gate risk
04_eventmap	gatk-haplotypecaller/src/read_event_discovery/supplement_assembly.rs	ensure_alt_haplotypes_for_variation_events	496	tight	reviewed isolation; no safe absolute-speed win without algo/parity change
04_eventmap	gatk-haplotypecaller/src/read_event_discovery/supplement_assembly.rs	extend_read_snps_with_gap_backfill	946	tight	reviewed isolation; no safe absolute-speed win without algo/parity change
04_eventmap	gatk-haplotypecaller/src/read_event_discovery/supplement_assembly.rs	genome_wide_genotype_read_support	716	tight	reviewed isolation; no safe absolute-speed win without algo/parity change
04_eventmap	gatk-haplotypecaller/src/read_event_discovery/supplement_assembly.rs	graph_only_read_snp_has_java_sparse_support	660	tight	reviewed isolation; no safe absolute-speed win without algo/parity change
04_eventmap	gatk-haplotypecaller/src/read_event_discovery/supplement_assembly.rs	graph_only_read_snps_for_active_span	771	tight	reviewed isolation; no safe absolute-speed win without algo/parity change
04_eventmap	gatk-haplotypecaller/src/read_event_discovery/supplement_assembly.rs	materialize_read_proven_snps_missing_from_cigars	901	tight	reviewed isolation; no safe absolute-speed win without algo/parity change
04_eventmap	gatk-haplotypecaller/src/read_event_discovery/supplement_assembly.rs	merge_cluster_indel_events_into_assembly	120	tight	reviewed isolation; no safe absolute-speed win without algo/parity change
04_eventmap	gatk-haplotypecaller/src/read_event_discovery/supplement_assembly.rs	merge_read_proven_snps_over_colocated_indels	804	tight	reviewed isolation; no safe absolute-speed win without algo/parity change
04_eventmap	gatk-haplotypecaller/src/read_event_discovery/supplement_assembly.rs	pileup_reads_with_alt_allele	624	tight	reviewed isolation; no safe absolute-speed win without algo/parity change
04_eventmap	gatk-haplotypecaller/src/read_event_discovery/supplement_assembly.rs	restore_p12_cluster_genotyping_events	191	tight	parity-sensitive; no safe absolute-speed win without gate risk
04_eventmap	gatk-haplotypecaller/src/read_event_discovery/supplement_assembly.rs	strict_graph_only_emit_event_has_asm_or_read_support	747	tight	reviewed isolation; no safe absolute-speed win without algo/parity change
04_eventmap	gatk-haplotypecaller/src/read_event_discovery/supplement_assembly.rs	strict_graph_only_genotype_read_support	685	tight	reviewed isolation; no safe absolute-speed win without algo/parity change
04_eventmap	gatk-haplotypecaller/src/read_event_discovery/supplement_assembly.rs	supplement_assembly_events_from_reads	4	tight	short leaf; no safe absolute-speed win
04_eventmap	gatk-haplotypecaller/src/read_event_discovery/supplement_assembly.rs	supplement_assembly_events_from_reads_with_options	32	tight	parity-sensitive; no safe absolute-speed win without gate risk
04_eventmap	gatk-haplotypecaller/src/read_event_discovery/supplement_assembly.rs	supplement_assembly_snps_from_reads	240	tight	reviewed isolation; no safe absolute-speed win without algo/parity change
04_eventmap	gatk-haplotypecaller/src/read_event_discovery/supplement_assembly.rs	supplement_assembly_with_read_indel_events	22	tight	short leaf; no safe absolute-speed win
04_eventmap	gatk-haplotypecaller/src/read_event_discovery/supplement_assembly.rs	supplement_genotype_emit_events_from_reads	365	tight	reviewed isolation; no safe absolute-speed win without algo/parity change
04_eventmap	gatk-haplotypecaller/src/read_event_discovery/supplement_assembly.rs	variation_event_on_haplotype_cigars	828	tight	reviewed isolation; no safe absolute-speed win without algo/parity change
04_eventmap	gatk-haplotypecaller/src/read_event_discovery/sync_events.rs	from_strict_java	41	tight	short leaf; no safe absolute-speed win
04_eventmap	gatk-haplotypecaller/src/read_event_discovery/sync_events.rs	strict_java	26	tight	short leaf; no safe absolute-speed win
04_eventmap	gatk-haplotypecaller/src/read_event_discovery/sync_events.rs	sync_assembly_events_from_haplotype_cigars	51	tight	short leaf; no safe absolute-speed win
04_eventmap	gatk-haplotypecaller/src/read_event_discovery/sync_events.rs	sync_assembly_events_from_haplotype_cigars_with_harvest	68	tight	reviewed isolation; no safe absolute-speed win without algo/parity change
04_eventmap	gatk-haplotypecaller/src/read_event_discovery/sync_events.rs	with_harvest	34	tight	short leaf; no safe absolute-speed win
05_assembly	gatk-haplotypecaller/src/assembly.rs	adaptive_pruning_keeps_branch_after_threading	841	tight	reviewed isolation; no safe absolute-speed win without algo/parity change
05_assembly	gatk-haplotypecaller/src/assembly.rs	add_edge	190	tight	trivial getter/ctor
05_assembly	gatk-haplotypecaller/src/assembly.rs	add_edge_support	194	tight	short leaf; no safe absolute-speed win
05_assembly	gatk-haplotypecaller/src/assembly.rs	alt_path_recovery_keeps_supported_minor_branch	1019	tight	reviewed isolation; no safe absolute-speed win without algo/parity change
05_assembly	gatk-haplotypecaller/src/assembly.rs	apply_pruning	467	tight	trivial getter/ctor
05_assembly	gatk-haplotypecaller/src/assembly.rs	assemble	768	tight	trivial getter/ctor
05_assembly	gatk-haplotypecaller/src/assembly.rs	assemble_with_optional_ref	773	tight	reviewed isolation; no safe absolute-speed win without algo/parity change
05_assembly	gatk-haplotypecaller/src/assembly.rs	candidate_extraction_is_deterministic_and_sorted	942	tight	reviewed isolation; no safe absolute-speed win without algo/parity change
05_assembly	gatk-haplotypecaller/src/assembly.rs	cleanup_isolated_nodes	530	tight	reviewed isolation; no safe absolute-speed win without algo/parity change
05_assembly	gatk-haplotypecaller/src/assembly.rs	default	29	tight	reviewed isolation; no safe absolute-speed win without algo/parity change
05_assembly	gatk-haplotypecaller/src/assembly.rs	default	71	tight	reviewed isolation; no safe absolute-speed win without algo/parity change
05_assembly	gatk-haplotypecaller/src/assembly.rs	dfs_haplotypes	708	tight	reviewed isolation; no safe absolute-speed win without algo/parity change
05_assembly	gatk-haplotypecaller/src/assembly.rs	edge_count	205	tight	trivial getter/ctor
05_assembly	gatk-haplotypecaller/src/assembly.rs	edge_is_ref	282	tight	trivial getter/ctor
05_assembly	gatk-haplotypecaller/src/assembly.rs	edge_support	379	tight	trivial getter/ctor
05_assembly	gatk-haplotypecaller/src/assembly.rs	edges_sorted	222	tight	short leaf; no safe absolute-speed win
05_assembly	gatk-haplotypecaller/src/assembly.rs	ensure_node	172	tight	short leaf; no safe absolute-speed win
05_assembly	gatk-haplotypecaller/src/assembly.rs	extract_candidate_haplotypes	609	tight	reviewed isolation; no safe absolute-speed win without algo/parity change
05_assembly	gatk-haplotypecaller/src/assembly.rs	fixed_pruning_drops_low_support_edges	821	tight	short leaf; no safe absolute-speed win
05_assembly	gatk-haplotypecaller/src/assembly.rs	from_reads	435	tight	trivial getter/ctor
05_assembly	gatk-haplotypecaller/src/assembly.rs	from_reads_kmer_sizes	413	tight	reviewed isolation; no safe absolute-speed win without algo/parity change
05_assembly	gatk-haplotypecaller/src/assembly.rs	from_threading_build	147	tight	reviewed isolation; no safe absolute-speed win without algo/parity change
05_assembly	gatk-haplotypecaller/src/assembly.rs	gatk_haplotype_caller_defaults	57	tight	reviewed isolation; no safe absolute-speed win without algo/parity change
05_assembly	gatk-haplotypecaller/src/assembly.rs	graph_construction_from_reads_builds_kmer_nodes_and_edges	894	tight	short leaf; no safe absolute-speed win
05_assembly	gatk-haplotypecaller/src/assembly.rs	graph_invariants_hold_after_wave_a_pipeline	972	tight	reviewed isolation; no safe absolute-speed win without algo/parity change
05_assembly	gatk-haplotypecaller/src/assembly.rs	has_cycle	335	tight	trivial getter/ctor
05_assembly	gatk-haplotypecaller/src/assembly.rs	has_cycle_internal	683	tight	reviewed isolation; no safe absolute-speed win without algo/parity change
05_assembly	gatk-haplotypecaller/src/assembly.rs	has_ref_threading	308	tight	trivial getter/ctor
05_assembly	gatk-haplotypecaller/src/assembly.rs	high_depth_memory_pressure_contract_keeps_outputs_bounded	1068	tight	reviewed isolation; no safe absolute-speed win without algo/parity change
05_assembly	gatk-haplotypecaller/src/assembly.rs	homopolymer_repeat_region_produces_stable_candidates	993	tight	reviewed isolation; no safe absolute-speed win without algo/parity change
05_assembly	gatk-haplotypecaller/src/assembly.rs	incoming_count	278	tight	trivial getter/ctor
05_assembly	gatk-haplotypecaller/src/assembly.rs	incoming_nodes	263	tight	reviewed isolation; no safe absolute-speed win without algo/parity change
05_assembly	gatk-haplotypecaller/src/assembly.rs	incoming_sources	271	tight	short leaf; no safe absolute-speed win
05_assembly	gatk-haplotypecaller/src/assembly.rs	is_ref_sink_vertex	298	tight	short leaf; no safe absolute-speed win
05_assembly	gatk-haplotypecaller/src/assembly.rs	is_ref_source_vertex	287	tight	short leaf; no safe absolute-speed win
05_assembly	gatk-haplotypecaller/src/assembly.rs	is_sink	387	tight	short leaf; no safe absolute-speed win
05_assembly	gatk-haplotypecaller/src/assembly.rs	is_source	383	tight	trivial getter/ctor
05_assembly	gatk-haplotypecaller/src/assembly.rs	kmer_at	408	tight	trivial getter/ctor
05_assembly	gatk-haplotypecaller/src/assembly.rs	log10_max_edge_support	450	tight	short leaf; no safe absolute-speed win
05_assembly	gatk-haplotypecaller/src/assembly.rs	log10_sum_edge_support	457	tight	short leaf; no safe absolute-speed win
05_assembly	gatk-haplotypecaller/src/assembly.rs	max_out_degree	210	tight	trivial getter/ctor
05_assembly	gatk-haplotypecaller/src/assembly.rs	mk_read	813	tight	short leaf; no safe absolute-speed win
05_assembly	gatk-haplotypecaller/src/assembly.rs	multi_kmer_graphs_produce_independent_edge_sets	883	tight	short leaf; no safe absolute-speed win
05_assembly	gatk-haplotypecaller/src/assembly.rs	new	138	tight	short leaf; no safe absolute-speed win
05_assembly	gatk-haplotypecaller/src/assembly.rs	new	763	tight	trivial getter/ctor
05_assembly	gatk-haplotypecaller/src/assembly.rs	node_count	201	tight	trivial getter/ctor
05_assembly	gatk-haplotypecaller/src/assembly.rs	nodes	214	tight	trivial getter/ctor
05_assembly	gatk-haplotypecaller/src/assembly.rs	outgoing_nodes	248	tight	reviewed isolation; no safe absolute-speed win without algo/parity change
05_assembly	gatk-haplotypecaller/src/assembly.rs	outgoing_targets	256	tight	short leaf; no safe absolute-speed win
05_assembly	gatk-haplotypecaller/src/assembly.rs	path_bases	321	tight	reviewed isolation; no safe absolute-speed win without algo/parity change
05_assembly	gatk-haplotypecaller/src/assembly.rs	prune_low_weight_edges	439	tight	short leaf; no safe absolute-speed win
05_assembly	gatk-haplotypecaller/src/assembly.rs	pruning_and_dangling_removal_reduce_noise_paths	920	tight	reviewed isolation; no safe absolute-speed win without algo/parity change
05_assembly	gatk-haplotypecaller/src/assembly.rs	quality_filter_discards_low_quality_windows	906	tight	short leaf; no safe absolute-speed win
05_assembly	gatk-haplotypecaller/src/assembly.rs	reference_sink_vertex	316	tight	trivial getter/ctor
05_assembly	gatk-haplotypecaller/src/assembly.rs	reference_source_vertex	312	tight	trivial getter/ctor
05_assembly	gatk-haplotypecaller/src/assembly.rs	remove_dangling_paths	491	tight	reviewed isolation; no safe absolute-speed win without algo/parity change
05_assembly	gatk-haplotypecaller/src/assembly.rs	remove_edge	394	tight	short leaf; no safe absolute-speed win
05_assembly	gatk-haplotypecaller/src/assembly.rs	remove_isolated_nodes	404	tight	trivial getter/ctor
05_assembly	gatk-haplotypecaller/src/assembly.rs	remove_nodes	561	tight	reviewed isolation; no safe absolute-speed win without algo/parity change
05_assembly	gatk-haplotypecaller/src/assembly.rs	remove_nodes_and_isolated	545	tight	reviewed isolation; no safe absolute-speed win without algo/parity change
05_assembly	gatk-haplotypecaller/src/assembly.rs	remove_paths_not_connected_to_ref	340	tight	reviewed isolation; no safe absolute-speed win without algo/parity change
05_assembly	gatk-haplotypecaller/src/assembly.rs	source_nodes	240	tight	reviewed isolation; no safe absolute-speed win without algo/parity change
05_assembly	gatk-haplotypecaller/src/assembly.rs	summarize_after_pruning	472	tight	short leaf; no safe absolute-speed win
05_assembly	gatk-haplotypecaller/src/assembly.rs	summarize_after_pruning_emits_log10_mass	863	tight	short leaf; no safe absolute-speed win
05_assembly	gatk-haplotypecaller/src/assembly.rs	tie_break_is_lexicographic_for_equal_support	1043	tight	reviewed isolation; no safe absolute-speed win without algo/parity change
05_assembly	gatk-haplotypecaller/src/assembly.rs	total_edge_support	446	tight	trivial getter/ctor
05_assembly	gatk-haplotypecaller/src/assembly.rs	validate_basic_invariants	645	tight	reviewed isolation; no safe absolute-speed win without algo/parity change
05_assembly	gatk-haplotypecaller/src/assembly.rs	vertex_id_for_kmer	218	tight	trivial getter/ctor
05_assembly	gatk-haplotypecaller/src/assembly_based_caller.rs	apply_read_error_correction	131	tight	reviewed isolation; no safe absolute-speed win without algo/parity change
05_assembly	gatk-haplotypecaller/src/assembly_based_caller.rs	assemble_reads	210	tight	reviewed isolation; no safe absolute-speed win without algo/parity change
05_assembly	gatk-haplotypecaller/src/assembly_based_caller.rs	assemble_reads_from_reads	396	tight	short leaf; no safe absolute-speed win
05_assembly	gatk-haplotypecaller/src/assembly_based_caller.rs	assemble_reads_with_finalized	221	tight	parity-sensitive; no safe absolute-speed win without gate risk
05_assembly	gatk-haplotypecaller/src/assembly_based_caller.rs	call_region_assemble	381	tight	reviewed isolation; no safe absolute-speed win without algo/parity change
05_assembly	gatk-haplotypecaller/src/assembly_based_caller.rs	default	95	tight	short leaf; no safe absolute-speed win
05_assembly	gatk-haplotypecaller/src/assembly_based_caller.rs	gatk_haplotype_caller_defaults	58	tight	reviewed isolation; no safe absolute-speed win without algo/parity change
05_assembly	gatk-haplotypecaller/src/assembly_based_caller.rs	java_parity_gate_default	109	tight	reviewed isolation; no safe absolute-speed win without algo/parity change
05_assembly	gatk-haplotypecaller/src/assembly_based_caller.rs	normalize_production_haplotypes	167	tight	reviewed isolation; no safe absolute-speed win without algo/parity change
05_assembly	gatk-haplotypecaller/src/assembly_dangling_recovery.rs	add_dangling_recovery_edge	989	tight	reviewed isolation; no safe absolute-speed win without algo/parity change
05_assembly	gatk-haplotypecaller/src/assembly_dangling_recovery.rs	add_merged_edge	301	tight	short leaf; no safe absolute-speed win
05_assembly	gatk-haplotypecaller/src/assembly_dangling_recovery.rs	align_dangling	171	tight	short leaf; no safe absolute-speed win
05_assembly	gatk-haplotypecaller/src/assembly_dangling_recovery.rs	align_dangling_uses_leading_indel_strategy	1360	tight	short leaf; no safe absolute-speed win
05_assembly	gatk-haplotypecaller/src/assembly_dangling_recovery.rs	apply_dangling_merge_haplotypes	1172	tight	reviewed isolation; no safe absolute-speed win without algo/parity change
05_assembly	gatk-haplotypecaller/src/assembly_dangling_recovery.rs	base_eq	143	tight	trivial getter/ctor
05_assembly	gatk-haplotypecaller/src/assembly_dangling_recovery.rs	best_prefix_match	207	tight	reviewed isolation; no safe absolute-speed win without algo/parity change
05_assembly	gatk-haplotypecaller/src/assembly_dangling_recovery.rs	best_prefix_match_legacy	244	tight	reviewed isolation; no safe absolute-speed win without algo/parity change
05_assembly	gatk-haplotypecaller/src/assembly_dangling_recovery.rs	best_prefix_match_requires_min_matching_bases	1298	tight	short leaf; no safe absolute-speed win
05_assembly	gatk-haplotypecaller/src/assembly_dangling_recovery.rs	build_pruned_ref_graph	1275	tight	trivial getter/ctor
05_assembly	gatk-haplotypecaller/src/assembly_dangling_recovery.rs	build_pruned_ref_graph_at_k	1252	tight	reviewed isolation; no safe absolute-speed win without algo/parity change
05_assembly	gatk-haplotypecaller/src/assembly_dangling_recovery.rs	cigar_ok_to_merge_head	197	tight	short leaf; no safe absolute-speed win
05_assembly	gatk-haplotypecaller/src/assembly_dangling_recovery.rs	cigar_ok_to_merge_tail	188	tight	short leaf; no safe absolute-speed win
05_assembly	gatk-haplotypecaller/src/assembly_dangling_recovery.rs	cigar_ok_to_merge_tail_requires_terminal_match_op	1348	tight	short leaf; no safe absolute-speed win
05_assembly	gatk-haplotypecaller/src/assembly_dangling_recovery.rs	count_dangling_head_candidates_parity_dump	1011	n/a	test/dump helper
05_assembly	gatk-haplotypecaller/src/assembly_dangling_recovery.rs	count_dangling_tail_candidates_parity_dump	999	n/a	test/dump helper
05_assembly	gatk-haplotypecaller/src/assembly_dangling_recovery.rs	dangling_java_exact_single_pass_matches_gatk_edge_count	1315	tight	reviewed isolation; no safe absolute-speed win without algo/parity change
05_assembly	gatk-haplotypecaller/src/assembly_dangling_recovery.rs	dangling_tail_recovery_attempts_alt_sink	1334	tight	short leaf; no safe absolute-speed win
05_assembly	gatk-haplotypecaller/src/assembly_dangling_recovery.rs	extend_dangling_path_against_reference	790	tight	reviewed isolation; no safe absolute-speed win without algo/parity change
05_assembly	gatk-haplotypecaller/src/assembly_dangling_recovery.rs	find_path	353	tight	reviewed isolation; no safe absolute-speed win without algo/parity change
05_assembly	gatk-haplotypecaller/src/assembly_dangling_recovery.rs	find_path_downwards_to_ref	487	tight	reviewed isolation; no safe absolute-speed win without algo/parity change
05_assembly	gatk-haplotypecaller/src/assembly_dangling_recovery.rs	find_path_upwards_is_lca_first	1280	tight	short leaf; no safe absolute-speed win
05_assembly	gatk-haplotypecaller/src/assembly_dangling_recovery.rs	find_path_upwards_to_lca	452	tight	reviewed isolation; no safe absolute-speed win without algo/parity change
05_assembly	gatk-haplotypecaller/src/assembly_dangling_recovery.rs	forked_dangling_ends_recovers_all_alt_sinks_with_recover_all	1372	tight	reviewed isolation; no safe absolute-speed win without algo/parity change
05_assembly	gatk-haplotypecaller/src/assembly_dangling_recovery.rs	from_assembler_args	99	tight	reviewed isolation; no safe absolute-speed win without algo/parity change
05_assembly	gatk-haplotypecaller/src/assembly_dangling_recovery.rs	gatk_defaults	29	tight	reviewed isolation; no safe absolute-speed win without algo/parity change
05_assembly	gatk-haplotypecaller/src/assembly_dangling_recovery.rs	gatk_haplotype_caller_defaults	86	tight	short leaf; no safe absolute-speed win
05_assembly	gatk-haplotypecaller/src/assembly_dangling_recovery.rs	has_edge	314	tight	trivial getter/ctor
05_assembly	gatk-haplotypecaller/src/assembly_dangling_recovery.rs	has_incident_ref_in	334	tight	trivial getter/ctor
05_assembly	gatk-haplotypecaller/src/assembly_dangling_recovery.rs	heaviest_incoming	318	tight	short leaf; no safe absolute-speed win
05_assembly	gatk-haplotypecaller/src/assembly_dangling_recovery.rs	heaviest_outgoing	326	tight	short leaf; no safe absolute-speed win
05_assembly	gatk-haplotypecaller/src/assembly_dangling_recovery.rs	is_ref_node	340	tight	trivial getter/ctor
05_assembly	gatk-haplotypecaller/src/assembly_dangling_recovery.rs	is_ref_sink	348	tight	trivial getter/ctor
05_assembly	gatk-haplotypecaller/src/assembly_dangling_recovery.rs	is_ref_source	344	tight	trivial getter/ctor
05_assembly	gatk-haplotypecaller/src/assembly_dangling_recovery.rs	longest_heavy_incoming_path_upwards	385	tight	reviewed isolation; no safe absolute-speed win without algo/parity change
05_assembly	gatk-haplotypecaller/src/assembly_dangling_recovery.rs	longest_suffix_match_java	274	tight	reviewed isolation; no safe absolute-speed win without algo/parity change
05_assembly	gatk-haplotypecaller/src/assembly_dangling_recovery.rs	longest_suffix_match_matches_gatk_examples	1308	tight	short leaf; no safe absolute-speed win
05_assembly	gatk-haplotypecaller/src/assembly_dangling_recovery.rs	next_reference_vertex_down	527	tight	reviewed isolation; no safe absolute-speed win without algo/parity change
05_assembly	gatk-haplotypecaller/src/assembly_dangling_recovery.rs	path_bases	286	tight	reviewed isolation; no safe absolute-speed win without algo/parity change
05_assembly	gatk-haplotypecaller/src/assembly_dangling_recovery.rs	plan_dangling_head_merge	858	tight	reviewed isolation; no safe absolute-speed win without algo/parity change
05_assembly	gatk-haplotypecaller/src/assembly_dangling_recovery.rs	plan_dangling_tail_merge	594	tight	parity-sensitive; no safe absolute-speed win without gate risk
05_assembly	gatk-haplotypecaller/src/assembly_dangling_recovery.rs	prev_reference_vertex	558	tight	trivial getter/ctor
05_assembly	gatk-haplotypecaller/src/assembly_dangling_recovery.rs	probe_dangling_head_failures	948	tight	reviewed isolation; no safe absolute-speed win without algo/parity change
05_assembly	gatk-haplotypecaller/src/assembly_dangling_recovery.rs	probe_dangling_tail_failures	742	tight	reviewed isolation; no safe absolute-speed win without algo/parity change
05_assembly	gatk-haplotypecaller/src/assembly_dangling_recovery.rs	read	1245	tight	short leaf; no safe absolute-speed win
05_assembly	gatk-haplotypecaller/src/assembly_dangling_recovery.rs	recover_dangling_branches	1018	tight	reviewed isolation; no safe absolute-speed win without algo/parity change
05_assembly	gatk-haplotypecaller/src/assembly_dangling_recovery.rs	recover_dangling_head	975	tight	reviewed isolation; no safe absolute-speed win without algo/parity change
05_assembly	gatk-haplotypecaller/src/assembly_dangling_recovery.rs	recover_dangling_tail	768	tight	reviewed isolation; no safe absolute-speed win without algo/parity change
05_assembly	gatk-haplotypecaller/src/assembly_dangling_recovery.rs	reference_path_from	564	tight	reviewed isolation; no safe absolute-speed win without algo/parity change
05_assembly	gatk-haplotypecaller/src/assembly_dangling_recovery.rs	reference_path_from_breaks_on_cycle	1393	tight	short leaf; no safe absolute-speed win
05_assembly	gatk-haplotypecaller/src/assembly_dangling_recovery.rs	remove_trailing_deletions	157	tight	short leaf; no safe absolute-speed win
05_assembly	gatk-haplotypecaller/src/assembly_dangling_recovery.rs	sw_parameters	147	tight	short leaf; no safe absolute-speed win
05_assembly	gatk-haplotypecaller/src/assembly_dangling_recovery.rs	walk_heavy_incoming_to_ref_junction	419	tight	reviewed isolation; no safe absolute-speed win without algo/parity change
05_assembly	gatk-haplotypecaller/src/assembly_pruning.rs	adaptive_chains_to_remove	196	tight	reviewed isolation; no safe absolute-speed win without algo/parity change
05_assembly	gatk-haplotypecaller/src/assembly_pruning.rs	apply_gatk_pruning	389	tight	short leaf; no safe absolute-speed win
05_assembly	gatk-haplotypecaller/src/assembly_pruning.rs	chain_bases	189	tight	short leaf; no safe absolute-speed win
05_assembly	gatk-haplotypecaller/src/assembly_pruning.rs	chain_log_odds	141	tight	reviewed isolation; no safe absolute-speed win without algo/parity change
05_assembly	gatk-haplotypecaller/src/assembly_pruning.rs	cmp	263	tight	reviewed isolation; no safe absolute-speed win without algo/parity change
05_assembly	gatk-haplotypecaller/src/assembly_pruning.rs	error_prob_to_qual	95	tight	trivial getter/ctor
05_assembly	gatk-haplotypecaller/src/assembly_pruning.rs	extend_chain	49	tight	reviewed isolation; no safe absolute-speed win without algo/parity change
05_assembly	gatk-haplotypecaller/src/assembly_pruning.rs	fast_bernoulli_entropy	110	tight	short leaf; no safe absolute-speed win
05_assembly	gatk-haplotypecaller/src/assembly_pruning.rs	find_all_chains	21	tight	reviewed isolation; no safe absolute-speed win without algo/parity change
05_assembly	gatk-haplotypecaller/src/assembly_pruning.rs	likely_error_chains	221	tight	reviewed isolation; no safe absolute-speed win without algo/parity change
05_assembly	gatk-haplotypecaller/src/assembly_pruning.rs	log_binomial	118	tight	trivial getter/ctor
05_assembly	gatk-haplotypecaller/src/assembly_pruning.rs	low_weight_chains_to_remove	75	tight	reviewed isolation; no safe absolute-speed win without algo/parity change
05_assembly	gatk-haplotypecaller/src/assembly_pruning.rs	max_weight_chain_index	173	tight	short leaf; no safe absolute-speed win
05_assembly	gatk-haplotypecaller/src/assembly_pruning.rs	mutect_log_likelihood_ratio	123	tight	short leaf; no safe absolute-speed win
05_assembly	gatk-haplotypecaller/src/assembly_pruning.rs	new	278	tight	reviewed isolation; no safe absolute-speed win without algo/parity change
05_assembly	gatk-haplotypecaller/src/assembly_pruning.rs	partial_cmp	271	tight	short leaf; no safe absolute-speed win
05_assembly	gatk-haplotypecaller/src/assembly_pruning.rs	qual_to_error_prob	91	tight	trivial getter/ctor
05_assembly	gatk-haplotypecaller/src/assembly_pruning.rs	qual_to_log_error_prob	100	tight	trivial getter/ctor
05_assembly	gatk-haplotypecaller/src/assembly_pruning.rs	qual_to_log_prob	105	tight	trivial getter/ctor
05_assembly	gatk-haplotypecaller/src/assembly_pruning.rs	remove_chains	379	tight	reviewed isolation; no safe absolute-speed win without algo/parity change
05_assembly	gatk-haplotypecaller/src/assembly_region_evaluator.rs	add_locus_for_smoothed_activity	42	tight	reviewed isolation; no safe absolute-speed win without algo/parity change
05_assembly	gatk-haplotypecaller/src/assembly_region_evaluator.rs	evaluate_hc_activity_state	21	tight	reviewed isolation; no safe absolute-speed win without algo/parity change
05_assembly	gatk-haplotypecaller/src/assembly_region_evaluator.rs	hc_activity_after_locus_advance	80	tight	reviewed isolation; no safe absolute-speed win without algo/parity change
05_assembly	gatk-haplotypecaller/src/assembly_region_evaluator.rs	pileup_at_locus	147	tight	reviewed isolation; no safe absolute-speed win without algo/parity change
05_assembly	gatk-haplotypecaller/src/assembly_region_finalize.rs	alignment_end_1based	217	tight	trivial getter/ctor
05_assembly	gatk-haplotypecaller/src/assembly_region_finalize.rs	assembly_reads_for_java_materialize_dump	289	n/a	test/dump helper
05_assembly	gatk-haplotypecaller/src/assembly_region_finalize.rs	assembly_reads_for_production	271	tight	reviewed isolation; no safe absolute-speed win without algo/parity change
05_assembly	gatk-haplotypecaller/src/assembly_region_finalize.rs	assembly_reference_read	23	tight	reviewed isolation; no safe absolute-speed win without algo/parity change
05_assembly	gatk-haplotypecaller/src/assembly_region_finalize.rs	clip_finalized_reads_in_place	172	tight	reviewed isolation; no safe absolute-speed win without algo/parity change
05_assembly	gatk-haplotypecaller/src/assembly_region_finalize.rs	clip_finalized_reads_to_region	161	tight	reviewed isolation; no safe absolute-speed win without algo/parity change
05_assembly	gatk-haplotypecaller/src/assembly_region_finalize.rs	finalize_owned_bam_records	95	tight	reviewed isolation; no safe absolute-speed win without algo/parity change
05_assembly	gatk-haplotypecaller/src/assembly_region_finalize.rs	finalize_region_reads_for_assembly	58	tight	reviewed isolation; no safe absolute-speed win without algo/parity change
05_assembly	gatk-haplotypecaller/src/assembly_region_finalize.rs	finalize_region_reads_for_assembly_owned	77	tight	short leaf; no safe absolute-speed win
05_assembly	gatk-haplotypecaller/src/assembly_region_finalize.rs	gatk_min_tail_quality_for_assembly	53	tight	trivial getter/ctor
05_assembly	gatk-haplotypecaller/src/assembly_region_finalize.rs	materialize_reference_haplotype_for_dump	262	n/a	test/dump helper
05_assembly	gatk-haplotypecaller/src/assembly_region_finalize.rs	padded_reference_loc	222	tight	short leaf; no safe absolute-speed win
05_assembly	gatk-haplotypecaller/src/assembly_region_finalize.rs	read_overlaps_padded_span	208	tight	short leaf; no safe absolute-speed win
05_assembly	gatk-haplotypecaller/src/assembly_region_finalize.rs	records_to_assembly_reads	293	tight	reviewed isolation; no safe absolute-speed win without algo/parity change
05_assembly	gatk-haplotypecaller/src/assembly_region_finalize.rs	reference_haplotype_for_assembly_region	240	tight	reviewed isolation; no safe absolute-speed win without algo/parity change
05_assembly	gatk-haplotypecaller/src/assembly_region_iterator.rs	assembly_region_from_activity_profile_region	1027	tight	reviewed isolation; no safe absolute-speed win without algo/parity change
05_assembly	gatk-haplotypecaller/src/assembly_region_iterator.rs	begin_span	616	tight	reviewed isolation; no safe absolute-speed win without algo/parity change
05_assembly	gatk-haplotypecaller/src/assembly_region_iterator.rs	clear_previous_region_reads	774	tight	trivial getter/ctor
05_assembly	gatk-haplotypecaller/src/assembly_region_iterator.rs	commit_previous_region_reads	779	tight	trivial getter/ctor
05_assembly	gatk-haplotypecaller/src/assembly_region_iterator.rs	dedupe_shared_records_by_alignment_start	450	tight	reviewed isolation; no safe absolute-speed win without algo/parity change
05_assembly	gatk-haplotypecaller/src/assembly_region_iterator.rs	default	370	tight	trivial getter/ctor
05_assembly	gatk-haplotypecaller/src/assembly_region_iterator.rs	dump_assembly_region_features_tsv	242	n/a	test/dump helper
05_assembly	gatk-haplotypecaller/src/assembly_region_iterator.rs	dump_assembly_region_pileup_track_tsv	281	n/a	test/dump helper
05_assembly	gatk-haplotypecaller/src/assembly_region_iterator.rs	dump_assembly_region_reads_tsv	169	n/a	test/dump helper
05_assembly	gatk-haplotypecaller/src/assembly_region_iterator.rs	dump_assembly_region_reference_tsv	209	n/a	test/dump helper
05_assembly	gatk-haplotypecaller/src/assembly_region_iterator.rs	empty_shard_yields_no_regions	1045	tight	reviewed isolation; no safe absolute-speed win without algo/parity change
05_assembly	gatk-haplotypecaller/src/assembly_region_iterator.rs	eq	112	tight	reviewed isolation; no safe absolute-speed win without algo/parity change
05_assembly	gatk-haplotypecaller/src/assembly_region_iterator.rs	fill_region_shares_shard_records_as_arc_clones	1146	tight	reviewed isolation; no safe absolute-speed win without algo/parity change
05_assembly	gatk-haplotypecaller/src/assembly_region_iterator.rs	fill_region_with_pileup_data	814	tight	reviewed isolation; no safe absolute-speed win without algo/parity change
05_assembly	gatk-haplotypecaller/src/assembly_region_iterator.rs	fill_region_with_reads	708	tight	reviewed isolation; no safe absolute-speed win without algo/parity change
05_assembly	gatk-haplotypecaller/src/assembly_region_iterator.rs	finalize_profile_at_shard_end	662	tight	short leaf; no safe absolute-speed win
05_assembly	gatk-haplotypecaller/src/assembly_region_iterator.rs	finish_pending_region	844	tight	reviewed isolation; no safe absolute-speed win without algo/parity change
05_assembly	gatk-haplotypecaller/src/assembly_region_iterator.rs	flush_profile_to_pending	639	tight	reviewed isolation; no safe absolute-speed win without algo/parity change
05_assembly	gatk-haplotypecaller/src/assembly_region_iterator.rs	from	125	tight	short leaf; no safe absolute-speed win
05_assembly	gatk-haplotypecaller/src/assembly_region_iterator.rs	gatk_haplotype_caller_defaults	339	tight	reviewed isolation; no safe absolute-speed win without algo/parity change
05_assembly	gatk-haplotypecaller/src/assembly_region_iterator.rs	idx_overlaps_closed	683	tight	short leaf; no safe absolute-speed win
05_assembly	gatk-haplotypecaller/src/assembly_region_iterator.rs	idx_strictly_after_closed	693	tight	reviewed isolation; no safe absolute-speed win without algo/parity change
05_assembly	gatk-haplotypecaller/src/assembly_region_iterator.rs	ingest_reads_through_locus	670	tight	reviewed isolation; no safe absolute-speed win without algo/parity change
05_assembly	gatk-haplotypecaller/src/assembly_region_iterator.rs	iterator_runs_on_fixture_shard_and_bam	1320	tight	reviewed isolation; no safe absolute-speed win without algo/parity change
05_assembly	gatk-haplotypecaller/src/assembly_region_iterator.rs	load_all_records_for_contig	398	tight	reviewed isolation; no safe absolute-speed win without algo/parity change
05_assembly	gatk-haplotypecaller/src/assembly_region_iterator.rs	load_all_records_for_contig_raw	376	tight	reviewed isolation; no safe absolute-speed win without algo/parity change
05_assembly	gatk-haplotypecaller/src/assembly_region_iterator.rs	load_records_for_shard_raw	409	tight	reviewed isolation; no safe absolute-speed win without algo/parity change
05_assembly	gatk-haplotypecaller/src/assembly_region_iterator.rs	load_shard_dedupes_read_across_overlapping_padded_spans	1127	tight	short leaf; no safe absolute-speed win
05_assembly	gatk-haplotypecaller/src/assembly_region_iterator.rs	next_region	895	tight	reviewed isolation; no safe absolute-speed win without algo/parity change
05_assembly	gatk-haplotypecaller/src/assembly_region_iterator.rs	oversized_assembly_region_read_count_is_refused	1003	tight	reviewed isolation; no safe absolute-speed win without algo/parity change
05_assembly	gatk-haplotypecaller/src/assembly_region_iterator.rs	pending_region_waits_until_locus_after_padded_end	1099	tight	reviewed isolation; no safe absolute-speed win without algo/parity change
05_assembly	gatk-haplotypecaller/src/assembly_region_iterator.rs	profile_only_emits_inactive_tail_matches_iterator_contract	1073	tight	reviewed isolation; no safe absolute-speed win without algo/parity change
05_assembly	gatk-haplotypecaller/src/assembly_region_iterator.rs	refuse_oversized_assembly_region_reads	55	tight	reviewed isolation; no safe absolute-speed win without algo/parity change
05_assembly	gatk-haplotypecaller/src/assembly_region_iterator.rs	regions_attach_features_from_vcf_on_chr1_fixture	1237	tight	reviewed isolation; no safe absolute-speed win without algo/parity change
05_assembly	gatk-haplotypecaller/src/assembly_region_iterator.rs	regions_carry_full_reads_on_chr1_fixture	1291	tight	reviewed isolation; no safe absolute-speed win without algo/parity change
05_assembly	gatk-haplotypecaller/src/assembly_region_iterator.rs	regions_carry_reference_bases_on_chr1_fixture	1261	tight	reviewed isolation; no safe absolute-speed win without algo/parity change
05_assembly	gatk-haplotypecaller/src/assembly_region_iterator.rs	release_records_before_previous_window	796	tight	reviewed isolation; no safe absolute-speed win without algo/parity change
05_assembly	gatk-haplotypecaller/src/assembly_region_iterator.rs	shared_overlaps_closed	784	tight	reviewed isolation; no safe absolute-speed win without algo/parity change
05_assembly	gatk-haplotypecaller/src/assembly_region_iterator.rs	sort_record_indices	155	tight	reviewed isolation; no safe absolute-speed win without algo/parity change
05_assembly	gatk-haplotypecaller/src/assembly_region_iterator.rs	sync_read_qnames	144	tight	reviewed isolation; no safe absolute-speed win without algo/parity change
05_assembly	gatk-haplotypecaller/src/assembly_region_iterator.rs	take_pending_without_after_check	887	tight	short leaf; no safe absolute-speed win
05_assembly	gatk-haplotypecaller/src/assembly_region_iterator.rs	track_pileups_attaches_loci_on_active_span	1215	tight	reviewed isolation; no safe absolute-speed win without algo/parity change
05_assembly	gatk-haplotypecaller/src/assembly_region_iterator.rs	track_pileups_disjoint_padded_spans_depth_matches_java	1185	tight	reviewed isolation; no safe absolute-speed win without algo/parity change
05_assembly	gatk-haplotypecaller/src/assembly_region_iterator.rs	try_new	531	tight	reviewed isolation; no safe absolute-speed win without algo/parity change
05_assembly	gatk-haplotypecaller/src/assembly_region_iterator.rs	try_poll_pending_after_locus	876	tight	short leaf; no safe absolute-speed win
05_assembly	gatk-haplotypecaller/src/assembly_region_iterator.rs	try_validate	355	tight	reviewed isolation; no safe absolute-speed win without algo/parity change
05_assembly	gatk-haplotypecaller/src/assembly_region_trimmer.rs	apply_trim	146	tight	reviewed isolation; no safe absolute-speed win without algo/parity change
05_assembly	gatk-haplotypecaller/src/assembly_region_trimmer.rs	default	64	tight	trivial getter/ctor
05_assembly	gatk-haplotypecaller/src/assembly_region_trimmer.rs	dump_assembly_region_trim_tsv	401	n/a	test/dump helper
05_assembly	gatk-haplotypecaller/src/assembly_region_trimmer.rs	expand_within_contig	315	tight	trivial getter/ctor
05_assembly	gatk-haplotypecaller/src/assembly_region_trimmer.rs	gatk_defaults	70	tight	reviewed isolation; no safe absolute-speed win without algo/parity change
05_assembly	gatk-haplotypecaller/src/assembly_region_trimmer.rs	intersect_closed	321	tight	short leaf; no safe absolute-speed win
05_assembly	gatk-haplotypecaller/src/assembly_region_trimmer.rs	load_trim_variants_tsv	368	tight	reviewed isolation; no safe absolute-speed win without algo/parity change
05_assembly	gatk-haplotypecaller/src/assembly_region_trimmer.rs	longest_str_len_at_variant	334	tight	reviewed isolation; no safe absolute-speed win without algo/parity change
05_assembly	gatk-haplotypecaller/src/assembly_region_trimmer.rs	merge_with_contiguous	329	tight	trivial getter/ctor
05_assembly	gatk-haplotypecaller/src/assembly_region_trimmer.rs	modern_snp_trim_narrows_active_and_padded	489	tight	reviewed isolation; no safe absolute-speed win without algo/parity change
05_assembly	gatk-haplotypecaller/src/assembly_region_trimmer.rs	new	120	tight	short leaf; no safe absolute-speed win
05_assembly	gatk-haplotypecaller/src/assembly_region_trimmer.rs	no_variants_yields_no_variation	477	tight	short leaf; no safe absolute-speed win
05_assembly	gatk-haplotypecaller/src/assembly_region_trimmer.rs	no_variation	265	tight	short leaf; no safe absolute-speed win
05_assembly	gatk-haplotypecaller/src/assembly_region_trimmer.rs	overlaps_active_region	34	tight	reviewed isolation; no safe absolute-speed win without algo/parity change
05_assembly	gatk-haplotypecaller/src/assembly_region_trimmer.rs	region	459	tight	short leaf; no safe absolute-speed win
05_assembly	gatk-haplotypecaller/src/assembly_region_trimmer.rs	trim	132	tight	short leaf; no safe absolute-speed win
05_assembly	gatk-haplotypecaller/src/assembly_region_trimmer.rs	trim_assembly_region	277	tight	reviewed isolation; no safe absolute-speed win without algo/parity change
05_assembly	gatk-haplotypecaller/src/assembly_region_trimmer.rs	trim_legacy	211	tight	reviewed isolation; no safe absolute-speed win without algo/parity change
05_assembly	gatk-haplotypecaller/src/assembly_region_trimmer.rs	trim_modern	160	tight	reviewed isolation; no safe absolute-speed win without algo/parity change
05_assembly	gatk-haplotypecaller/src/assembly_region_trimmer.rs	trim_region_bounds	284	tight	reviewed isolation; no safe absolute-speed win without algo/parity change
05_assembly	gatk-haplotypecaller/src/assembly_result_set.rs	apply_bases_shared	151	tight	short leaf; no safe absolute-speed win
05_assembly	gatk-haplotypecaller/src/assembly_result_set.rs	event_map_reference	164	tight	short leaf; no safe absolute-speed win
05_assembly	gatk-haplotypecaller/src/assembly_result_set.rs	from_assembly_for_calling	61	tight	reviewed isolation; no safe absolute-speed win without algo/parity change
05_assembly	gatk-haplotypecaller/src/assembly_result_set.rs	from_assembly_for_calling_owned	82	tight	reviewed isolation; no safe absolute-speed win without algo/parity change
05_assembly	gatk-haplotypecaller/src/assembly_result_set.rs	from_assembly_result	45	tight	reviewed isolation; no safe absolute-speed win without algo/parity change
05_assembly	gatk-haplotypecaller/src/assembly_result_set.rs	has_variation_for_calling	127	tight	trivial getter/ctor
05_assembly	gatk-haplotypecaller/src/assembly_result_set.rs	is_variation_present	122	tight	trivial getter/ctor
05_assembly	gatk-haplotypecaller/src/assembly_result_set.rs	kmer_size_for_dump	186	n/a	test/dump helper
05_assembly	gatk-haplotypecaller/src/assembly_result_set.rs	max_mnp_distance	195	tight	trivial getter/ctor
05_assembly	gatk-haplotypecaller/src/assembly_result_set.rs	minimum_kmer_size	172	tight	trivial getter/ctor
05_assembly	gatk-haplotypecaller/src/assembly_result_set.rs	padded_reference_start_1based	135	tight	trivial getter/ctor
05_assembly	gatk-haplotypecaller/src/assembly_result_set.rs	reference_bases	139	tight	trivial getter/ctor
05_assembly	gatk-haplotypecaller/src/assembly_result_set.rs	reference_bases_shared	144	tight	reviewed isolation; no safe absolute-speed win without algo/parity change
05_assembly	gatk-haplotypecaller/src/assembly_result_set.rs	status_for_dump	177	n/a	test/dump helper
05_assembly	gatk-haplotypecaller/src/assembly_result_set.rs	trim_to	200	tight	reviewed isolation; no safe absolute-speed win without algo/parity change
05_assembly	gatk-haplotypecaller/src/assembly_result_set.rs	variation_events	131	tight	trivial getter/ctor
05_assembly	gatk-haplotypecaller/src/haplotype.rs	collapse_dangling_tail_alt_duplicates	181	tight	reviewed isolation; no safe absolute-speed win without algo/parity change
05_assembly	gatk-haplotypecaller/src/haplotype.rs	collapse_dangling_tail_dupes_quad4_shape	325	tight	reviewed isolation; no safe absolute-speed win without algo/parity change
05_assembly	gatk-haplotypecaller/src/haplotype.rs	contains	311	tight	short leaf; no safe absolute-speed win
05_assembly	gatk-haplotypecaller/src/haplotype.rs	from_haps	279	tight	reviewed isolation; no safe absolute-speed win without algo/parity change
05_assembly	gatk-haplotypecaller/src/haplotype.rs	haplotype_size_and_base_order	138	tight	reviewed isolation; no safe absolute-speed win without algo/parity change
05_assembly	gatk-haplotypecaller/src/haplotype.rs	hash_hap_bases	266	tight	reviewed isolation; no safe absolute-speed win without algo/parity change
05_assembly	gatk-haplotypecaller/src/haplotype.rs	insert	299	tight	short leaf; no safe absolute-speed win
05_assembly	gatk-haplotypecaller/src/haplotype.rs	new	292	tight	reviewed isolation; no safe absolute-speed win without algo/parity change
05_assembly	gatk-haplotypecaller/src/haplotype.rs	new	42	tight	short leaf; no safe absolute-speed win
05_assembly	gatk-haplotypecaller/src/haplotype.rs	normalize_ref_equivalent_haplotypes	148	tight	reviewed isolation; no safe absolute-speed win without algo/parity change
05_assembly	gatk-haplotypecaller/src/haplotype.rs	prune_drops_short_non_reference_fragments	353	tight	reviewed isolation; no safe absolute-speed win without algo/parity change
05_assembly	gatk-haplotypecaller/src/haplotype.rs	prune_fragment_non_reference_haplotypes	253	tight	short leaf; no safe absolute-speed win
05_assembly	gatk-haplotypecaller/src/haplotype.rs	ref_equivalent_non_ref_label_becomes_single_reference	369	tight	reviewed isolation; no safe absolute-speed win without algo/parity change
05_assembly	gatk-haplotypecaller/src/haplotype.rs	sequence_string	54	tight	trivial getter/ctor
05_assembly	gatk-haplotypecaller/src/haplotype.rs	sort_haplotypes_assembly_result_order	240	tight	short leaf; no safe absolute-speed win
05_assembly	gatk-haplotypecaller/src/haplotype.rs	tag_padded_reference_span	59	tight	reviewed isolation; no safe absolute-speed win without algo/parity change
05_assembly	gatk-haplotypecaller/src/haplotype.rs	trim	84	tight	reviewed isolation; no safe absolute-speed win without algo/parity change
05_assembly	gatk-haplotypecaller/src/haplotype.rs	trim_subinterval_keeps_bases_and_cigar	383	tight	short leaf; no safe absolute-speed win
05_assembly	gatk-haplotypecaller/src/junction_kbest.rs	active_tree_branches	116	tight	reviewed isolation; no safe absolute-speed win without algo/parity change
05_assembly	gatk-haplotypecaller/src/junction_kbest.rs	add_junction_tree	257	tight	trivial getter/ctor
05_assembly	gatk-haplotypecaller/src/junction_kbest.rs	add_junction_tree	71	tight	short leaf; no safe absolute-speed win
05_assembly	gatk-haplotypecaller/src/junction_kbest.rs	applicable_next_edges	283	tight	reviewed isolation; no safe absolute-speed win without algo/parity change
05_assembly	gatk-haplotypecaller/src/junction_kbest.rs	bases	39	tight	reviewed isolation; no safe absolute-speed win without algo/parity change
05_assembly	gatk-haplotypecaller/src/junction_kbest.rs	clone_from	64	tight	reviewed isolation; no safe absolute-speed win without algo/parity change
05_assembly	gatk-haplotypecaller/src/junction_kbest.rs	cmp	387	tight	reviewed isolation; no safe absolute-speed win without algo/parity change
05_assembly	gatk-haplotypecaller/src/junction_kbest.rs	contains_vertex	196	tight	trivial getter/ctor
05_assembly	gatk-haplotypecaller/src/junction_kbest.rs	create_pivotal_edges_in_topological_order	748	tight	reviewed isolation; no safe absolute-speed win without algo/parity change
05_assembly	gatk-haplotypecaller/src/junction_kbest.rs	enqueue_next_pivotal_edge	689	tight	reviewed isolation; no safe absolute-speed win without algo/parity change
05_assembly	gatk-haplotypecaller/src/junction_kbest.rs	eq	402	tight	reviewed isolation; no safe absolute-speed win without algo/parity change
05_assembly	gatk-haplotypecaller/src/junction_kbest.rs	extend_with_edges	208	tight	reviewed isolation; no safe absolute-speed win without algo/parity change
05_assembly	gatk-haplotypecaller/src/junction_kbest.rs	find_junction_best_haplotypes	410	tight	reviewed isolation; no safe absolute-speed win without algo/parity change
05_assembly	gatk-haplotypecaller/src/junction_kbest.rs	has_junction_tree_evidence	136	tight	trivial getter/ctor
05_assembly	gatk-haplotypecaller/src/junction_kbest.rs	has_junction_tree_evidence	200	tight	trivial getter/ctor
05_assembly	gatk-haplotypecaller/src/junction_kbest.rs	has_stopping_evidence	263	tight	reviewed isolation; no safe absolute-speed win without algo/parity change
05_assembly	gatk-haplotypecaller/src/junction_kbest.rs	last_vertex	184	tight	trivial getter/ctor
05_assembly	gatk-haplotypecaller/src/junction_kbest.rs	mark_trees_as_visited	140	tight	reviewed isolation; no safe absolute-speed win without algo/parity change
05_assembly	gatk-haplotypecaller/src/junction_kbest.rs	new	173	tight	short leaf; no safe absolute-speed win
05_assembly	gatk-haplotypecaller/src/junction_kbest.rs	new	57	tight	reviewed isolation; no safe absolute-speed win without algo/parity change
05_assembly	gatk-haplotypecaller/src/junction_kbest.rs	partial_cmp	396	tight	trivial getter/ctor
05_assembly	gatk-haplotypecaller/src/junction_kbest.rs	process_vertex	558	tight	reviewed isolation; no safe absolute-speed win without algo/parity change
05_assembly	gatk-haplotypecaller/src/junction_kbest.rs	prune_empty_nodes	111	tight	trivial getter/ctor
05_assembly	gatk-haplotypecaller/src/junction_kbest.rs	push_path	679	tight	short leaf; no safe absolute-speed win
05_assembly	gatk-haplotypecaller/src/junction_kbest.rs	total_out_for_branch	147	tight	reviewed isolation; no safe absolute-speed win without algo/parity change
05_assembly	gatk-haplotypecaller/src/junction_kbest.rs	traverse_edge_for_all_trees	83	tight	reviewed isolation; no safe absolute-speed win without algo/parity change
05_assembly	gatk-haplotypecaller/src/junction_kbest.rs	vertices	188	tight	reviewed isolation; no safe absolute-speed win without algo/parity change
05_assembly	gatk-haplotypecaller/src/junction_kbest.rs	was_last_edge_jt	204	tight	trivial getter/ctor
05_assembly	gatk-haplotypecaller/src/junction_tree_graph.rs	add_edge	83	tight	short leaf; no safe absolute-speed win
05_assembly	gatk-haplotypecaller/src/junction_tree_graph.rs	add_edge_to_junction_tree_nodes	291	tight	reviewed isolation; no safe absolute-speed win without algo/parity change
05_assembly	gatk-haplotypecaller/src/junction_tree_graph.rs	add_tree_if_necessary	277	tight	short leaf; no safe absolute-speed win
05_assembly	gatk-haplotypecaller/src/junction_tree_graph.rs	build	508	tight	reviewed isolation; no safe absolute-speed win without algo/parity change
05_assembly	gatk-haplotypecaller/src/junction_tree_graph.rs	build_junction_tree_graph_from_ref_and_reads	790	tight	reviewed isolation; no safe absolute-speed win without algo/parity change
05_assembly	gatk-haplotypecaller/src/junction_tree_graph.rs	children	97	tight	trivial getter/ctor
05_assembly	gatk-haplotypecaller/src/junction_tree_graph.rs	clear	259	tight	trivial getter/ctor
05_assembly	gatk-haplotypecaller/src/junction_tree_graph.rs	create_vertex	375	tight	reviewed isolation; no safe absolute-speed win without algo/parity change
05_assembly	gatk-haplotypecaller/src/junction_tree_graph.rs	evidence_count	93	tight	trivial getter/ctor
05_assembly	gatk-haplotypecaller/src/junction_tree_graph.rs	extend_chain_by_one	446	tight	reviewed isolation; no safe absolute-speed win without algo/parity change
05_assembly	gatk-haplotypecaller/src/junction_tree_graph.rs	extend_junction_threading_by_one	220	tight	reviewed isolation; no safe absolute-speed win without algo/parity change
05_assembly	gatk-haplotypecaller/src/junction_tree_graph.rs	find_start	352	tight	short leaf; no safe absolute-speed win
05_assembly	gatk-haplotypecaller/src/junction_tree_graph.rs	find_start_for_junction_threading	359	tight	reviewed isolation; no safe absolute-speed win without algo/parity change
05_assembly	gatk-haplotypecaller/src/junction_tree_graph.rs	finish	616	tight	reviewed isolation; no safe absolute-speed win without algo/parity change
05_assembly	gatk-haplotypecaller/src/junction_tree_graph.rs	flush_sample	43	tight	short leaf; no safe absolute-speed win
05_assembly	gatk-haplotypecaller/src/junction_tree_graph.rs	from_builder	200	tight	reviewed isolation; no safe absolute-speed win without algo/parity change
05_assembly	gatk-haplotypecaller/src/junction_tree_graph.rs	generate_junction_trees	525	tight	reviewed isolation; no safe absolute-speed win without algo/parity change
05_assembly	gatk-haplotypecaller/src/junction_tree_graph.rs	get_and_increment_root	126	tight	trivial getter/ctor
05_assembly	gatk-haplotypecaller/src/junction_tree_graph.rs	get_kmer_vertex	215	tight	trivial getter/ctor
05_assembly	gatk-haplotypecaller/src/junction_tree_graph.rs	get_or_create_kmer_vertex	386	tight	short leaf; no safe absolute-speed win
05_assembly	gatk-haplotypecaller/src/junction_tree_graph.rs	has_no_evidence	101	tight	trivial getter/ctor
05_assembly	gatk-haplotypecaller/src/junction_tree_graph.rs	inc	39	tight	trivial getter/ctor
05_assembly	gatk-haplotypecaller/src/junction_tree_graph.rs	inc_edge	398	tight	short leaf; no safe absolute-speed win
05_assembly	gatk-haplotypecaller/src/junction_tree_graph.rs	increase_counts_backwards	416	tight	reviewed isolation; no safe absolute-speed win without algo/parity change
05_assembly	gatk-haplotypecaller/src/junction_tree_graph.rs	increment_count	79	tight	trivial getter/ctor
05_assembly	gatk-haplotypecaller/src/junction_tree_graph.rs	is_base_usable	690	tight	short leaf; no safe absolute-speed win
05_assembly	gatk-haplotypecaller/src/junction_tree_graph.rs	is_empty_tree	131	tight	reviewed isolation; no safe absolute-speed win without algo/parity change
05_assembly	gatk-haplotypecaller/src/junction_tree_graph.rs	is_symbolic_end	105	tight	short leaf; no safe absolute-speed win
05_assembly	gatk-haplotypecaller/src/junction_tree_graph.rs	junction_tree_for_node	147	tight	trivial getter/ctor
05_assembly	gatk-haplotypecaller/src/junction_tree_graph.rs	kmer_at	313	tight	trivial getter/ctor
05_assembly	gatk-haplotypecaller/src/junction_tree_graph.rs	new	119	tight	short leaf; no safe absolute-speed win
05_assembly	gatk-haplotypecaller/src/junction_tree_graph.rs	new	28	tight	short leaf; no safe absolute-speed win
05_assembly	gatk-haplotypecaller/src/junction_tree_graph.rs	new	71	tight	reviewed isolation; no safe absolute-speed win without algo/parity change
05_assembly	gatk-haplotypecaller/src/junction_tree_graph.rs	p5_jt_snp_het_graph_has_ref_endpoints	701	tight	reviewed isolation; no safe absolute-speed win without algo/parity change
05_assembly	gatk-haplotypecaller/src/junction_tree_graph.rs	pruning_multiplicity	52	tight	reviewed isolation; no safe absolute-speed win without algo/parity change
05_assembly	gatk-haplotypecaller/src/junction_tree_graph.rs	reference_sink	157	tight	reviewed isolation; no safe absolute-speed win without algo/parity change
05_assembly	gatk-haplotypecaller/src/junction_tree_graph.rs	reference_sink	394	tight	trivial getter/ctor
05_assembly	gatk-haplotypecaller/src/junction_tree_graph.rs	reference_source	152	tight	trivial getter/ctor
05_assembly	gatk-haplotypecaller/src/junction_tree_graph.rs	sequences_from_read	321	tight	reviewed isolation; no safe absolute-speed win without algo/parity change
05_assembly	gatk-haplotypecaller/src/junction_tree_graph.rs	suffix_of_kmer	211	tight	trivial getter/ctor
05_assembly	gatk-haplotypecaller/src/junction_tree_graph.rs	suffix_of_kmer	317	tight	trivial getter/ctor
05_assembly	gatk-haplotypecaller/src/junction_tree_graph.rs	thread_sequence	482	tight	reviewed isolation; no safe absolute-speed win without algo/parity change
05_assembly	gatk-haplotypecaller/src/junction_tree_graph.rs	track_kmer	371	tight	trivial getter/ctor
05_assembly	gatk-haplotypecaller/src/junction_tree_graph.rs	vertex_warrants_junction_tree	263	tight	reviewed isolation; no safe absolute-speed win without algo/parity change
05_assembly	gatk-haplotypecaller/src/kbest_haplotype.rs	bases	29	tight	reviewed isolation; no safe absolute-speed win without algo/parity change
05_assembly	gatk-haplotypecaller/src/kbest_haplotype.rs	cmp	112	tight	reviewed isolation; no safe absolute-speed win without algo/parity change
05_assembly	gatk-haplotypecaller/src/kbest_haplotype.rs	eq	126	tight	reviewed isolation; no safe absolute-speed win without algo/parity change
05_assembly	gatk-haplotypecaller/src/kbest_haplotype.rs	extend	73	tight	reviewed isolation; no safe absolute-speed win without algo/parity change
05_assembly	gatk-haplotypecaller/src/kbest_haplotype.rs	find_best_haplotypes	234	tight	short leaf; no safe absolute-speed win
05_assembly	gatk-haplotypecaller/src/kbest_haplotype.rs	find_best_haplotypes_for_assembly	255	tight	reviewed isolation; no safe absolute-speed win without algo/parity change
05_assembly	gatk-haplotypecaller/src/kbest_haplotype.rs	find_best_haplotypes_inner	314	tight	reviewed isolation; no safe absolute-speed win without algo/parity change
05_assembly	gatk-haplotypecaller/src/kbest_haplotype.rs	find_best_haplotypes_preserving_cycles	242	tight	reviewed isolation; no safe absolute-speed win without algo/parity change
05_assembly	gatk-haplotypecaller/src/kbest_haplotype.rs	find_cycle_guilty	185	tight	reviewed isolation; no safe absolute-speed win without algo/parity change
05_assembly	gatk-haplotypecaller/src/kbest_haplotype.rs	graph_for_kbest	145	tight	reviewed isolation; no safe absolute-speed win without algo/parity change
05_assembly	gatk-haplotypecaller/src/kbest_haplotype.rs	graph_for_kbest_memoizes_bushy_cyclic_dag	484	tight	reviewed isolation; no safe absolute-speed win without algo/parity change
05_assembly	gatk-haplotypecaller/src/kbest_haplotype.rs	kbest_bounds_are_finite_and_tight	471	tight	short leaf; no safe absolute-speed win
05_assembly	gatk-haplotypecaller/src/kbest_haplotype.rs	log_penalty	98	tight	reviewed isolation; no safe absolute-speed win without algo/parity change
05_assembly	gatk-haplotypecaller/src/kbest_haplotype.rs	new	62	tight	short leaf; no safe absolute-speed win
05_assembly	gatk-haplotypecaller/src/kbest_haplotype.rs	p5_case1_finds_ref_and_alt_paths	444	tight	reviewed isolation; no safe absolute-speed win without algo/parity change
05_assembly	gatk-haplotypecaller/src/kbest_haplotype.rs	partial_cmp	120	tight	trivial getter/ctor
05_assembly	gatk-haplotypecaller/src/kbest_haplotype.rs	read	436	tight	short leaf; no safe absolute-speed win
05_assembly	gatk-haplotypecaller/src/read_assembly_filter.rs	default	31	tight	trivial getter/ctor
05_assembly	gatk-haplotypecaller/src/read_assembly_filter.rs	filter_non_passing_reads	46	tight	trivial getter/ctor
05_assembly	gatk-haplotypecaller/src/read_assembly_filter.rs	filter_non_passing_reads_default	68	tight	short leaf; no safe absolute-speed win
05_assembly	gatk-haplotypecaller/src/read_assembly_filter.rs	gatk_defaults	37	tight	short leaf; no safe absolute-speed win
05_assembly	gatk-haplotypecaller/src/read_assembly_filter.rs	keep_rg_filters_other_groups	92	tight	short leaf; no safe absolute-speed win
05_assembly	gatk-haplotypecaller/src/read_assembly_filter.rs	passes_assembly_read	51	tight	short leaf; no safe absolute-speed win
05_assembly	gatk-haplotypecaller/src/read_assembly_filter.rs	passes_keep_read_group	58	tight	short leaf; no safe absolute-speed win
05_assembly	gatk-haplotypecaller/src/read_assembly_filter.rs	rec_with_rg	78	tight	reviewed isolation; no safe absolute-speed win without algo/parity change
05_assembly	gatk-haplotypecaller/src/read_threading_assembler.rs	active_window_indel_event_count	94	tight	reviewed isolation; no safe absolute-speed win without algo/parity change
05_assembly	gatk-haplotypecaller/src/read_threading_assembler.rs	allow_low_complexity_configured_kmer	562	tight	trivial getter/ctor
05_assembly	gatk-haplotypecaller/src/read_threading_assembler.rs	allow_low_complexity_expanded_kmer	572	tight	short leaf; no safe absolute-speed win
05_assembly	gatk-haplotypecaller/src/read_threading_assembler.rs	allow_non_unique_configured_kmer	567	tight	trivial getter/ctor
05_assembly	gatk-haplotypecaller/src/read_threading_assembler.rs	allow_non_unique_expanded_kmer	581	tight	parity-sensitive; no safe absolute-speed win without gate risk
05_assembly	gatk-haplotypecaller/src/read_threading_assembler.rs	assemble_for_java_gate_dump	705	n/a	test/dump helper
05_assembly	gatk-haplotypecaller/src/read_threading_assembler.rs	assemble_from_ref_and_reads	747	tight	short leaf; no safe absolute-speed win
05_assembly	gatk-haplotypecaller/src/read_threading_assembler.rs	assemble_from_ref_and_reads_inner	758	tight	parity-sensitive; no safe absolute-speed win without gate risk
05_assembly	gatk-haplotypecaller/src/read_threading_assembler.rs	assemble_from_ref_and_reads_rt_graph	847	tight	reviewed isolation; no safe absolute-speed win without algo/parity change
05_assembly	gatk-haplotypecaller/src/read_threading_assembler.rs	assemble_from_ref_and_reads_seq_graph	1018	tight	parity-sensitive; no safe absolute-speed win without gate risk
05_assembly	gatk-haplotypecaller/src/read_threading_assembler.rs	assembly_graph_too_bushy	48	tight	reviewed isolation; no safe absolute-speed win without algo/parity change
05_assembly	gatk-haplotypecaller/src/read_threading_assembler.rs	assembly_result_has_phantom_cluster_indels	194	tight	short leaf; no safe absolute-speed win
05_assembly	gatk-haplotypecaller/src/read_threading_assembler.rs	assembly_result_score	148	tight	reviewed isolation; no safe absolute-speed win without algo/parity change
05_assembly	gatk-haplotypecaller/src/read_threading_assembler.rs	assembly_status_from_haplotype_list	2452	tight	short leaf; no safe absolute-speed win
05_assembly	gatk-haplotypecaller/src/read_threading_assembler.rs	audit_kbest_extract	2285	tight	reviewed isolation; no safe absolute-speed win without algo/parity change
05_assembly	gatk-haplotypecaller/src/read_threading_assembler.rs	audit_threading_dangling_recovery	2171	tight	reviewed isolation; no safe absolute-speed win without algo/parity change
05_assembly	gatk-haplotypecaller/src/read_threading_assembler.rs	build_threading_graph_core	2002	tight	reviewed isolation; no safe absolute-speed win without algo/parity change
05_assembly	gatk-haplotypecaller/src/read_threading_assembler.rs	build_threading_graph_for_haplotype_dump	1983	n/a	test/dump helper
05_assembly	gatk-haplotypecaller/src/read_threading_assembler.rs	build_threading_graph_for_seq_assembly	1961	tight	reviewed isolation; no safe absolute-speed win without algo/parity change
05_assembly	gatk-haplotypecaller/src/read_threading_assembler.rs	cigar_refresh_pad	186	tight	short leaf; no safe absolute-speed win
05_assembly	gatk-haplotypecaller/src/read_threading_assembler.rs	cluster_coupled_event_count	121	tight	reviewed isolation; no safe absolute-speed win without algo/parity change
05_assembly	gatk-haplotypecaller/src/read_threading_assembler.rs	collect_cluster_coupled_from_haplotypes	213	tight	reviewed isolation; no safe absolute-speed win without algo/parity change
05_assembly	gatk-haplotypecaller/src/read_threading_assembler.rs	consider_rt_assembly_candidate	473	tight	reviewed isolation; no safe absolute-speed win without algo/parity change
05_assembly	gatk-haplotypecaller/src/read_threading_assembler.rs	default	635	tight	reviewed isolation; no safe absolute-speed win without algo/parity change
05_assembly	gatk-haplotypecaller/src/read_threading_assembler.rs	ensure_reference_haplotype	2429	tight	reviewed isolation; no safe absolute-speed win without algo/parity change
05_assembly	gatk-haplotypecaller/src/read_threading_assembler.rs	extract_haplotypes_from_kbest_paths	2332	tight	reviewed isolation; no safe absolute-speed win without algo/parity change
05_assembly	gatk-haplotypecaller/src/read_threading_assembler.rs	extract_haplotypes_from_seq_kbest_paths	1799	tight	reviewed isolation; no safe absolute-speed win without algo/parity change
05_assembly	gatk-haplotypecaller/src/read_threading_assembler.rs	extract_rt_haplotypes_after_remove_paths	1545	tight	reviewed isolation; no safe absolute-speed win without algo/parity change
05_assembly	gatk-haplotypecaller/src/read_threading_assembler.rs	extract_rt_haplotypes_before_remove_paths	1565	tight	short leaf; no safe absolute-speed win
05_assembly	gatk-haplotypecaller/src/read_threading_assembler.rs	extract_rt_haplotypes_from_built_graph	1584	tight	reviewed isolation; no safe absolute-speed win without algo/parity change
05_assembly	gatk-haplotypecaller/src/read_threading_assembler.rs	filter_phantom_cluster_indel_haplotypes	240	tight	parity-sensitive; no safe absolute-speed win without gate risk
05_assembly	gatk-haplotypecaller/src/read_threading_assembler.rs	finalize_assembly_haplotypes	2462	tight	short leaf; no safe absolute-speed win
05_assembly	gatk-haplotypecaller/src/read_threading_assembler.rs	graph_has_alt_variation_in_cluster_window	454	tight	short leaf; no safe absolute-speed win
05_assembly	gatk-haplotypecaller/src/read_threading_assembler.rs	haplotype_cigar_has_indel	1516	tight	trivial getter/ctor
05_assembly	gatk-haplotypecaller/src/read_threading_assembler.rs	haplotypes_have_alt_bases	1512	tight	trivial getter/ctor
05_assembly	gatk-haplotypecaller/src/read_threading_assembler.rs	haplotypes_have_indel_cigar	1520	tight	trivial getter/ctor
05_assembly	gatk-haplotypecaller/src/read_threading_assembler.rs	just_reference_result	2222	tight	reviewed isolation; no safe absolute-speed win without algo/parity change
05_assembly	gatk-haplotypecaller/src/read_threading_assembler.rs	kmer_sizes_for_rt_merge	1526	tight	reviewed isolation; no safe absolute-speed win without algo/parity change
05_assembly	gatk-haplotypecaller/src/read_threading_assembler.rs	merge_rt_kbest_pre_remove_paths	1696	tight	short leaf; no safe absolute-speed win
05_assembly	gatk-haplotypecaller/src/read_threading_assembler.rs	merge_rt_kbest_pre_remove_paths_at_kmer	1716	tight	parity-sensitive; no safe absolute-speed win without gate risk
05_assembly	gatk-haplotypecaller/src/read_threading_assembler.rs	overlaps_p12_cluster	75	tight	short leaf; no safe absolute-speed win
05_assembly	gatk-haplotypecaller/src/read_threading_assembler.rs	overlaps_p12_l_gate_interval	82	tight	short leaf; no safe absolute-speed win
05_assembly	gatk-haplotypecaller/src/read_threading_assembler.rs	p5_case1_assembler_emits_reference_haplotype	2405	tight	reviewed isolation; no safe absolute-speed win without algo/parity change
05_assembly	gatk-haplotypecaller/src/read_threading_assembler.rs	path_is_too_divergent_from_reference	2280	tight	trivial getter/ctor
05_assembly	gatk-haplotypecaller/src/read_threading_assembler.rs	post_process_for_haplotype_finding	2147	tight	reviewed isolation; no safe absolute-speed win without algo/parity change
05_assembly	gatk-haplotypecaller/src/read_threading_assembler.rs	probe_seq_graph_kmer_attempts	1471	tight	reviewed isolation; no safe absolute-speed win without algo/parity change
05_assembly	gatk-haplotypecaller/src/read_threading_assembler.rs	probe_seq_graph_kmer_one	1355	tight	reviewed isolation; no safe absolute-speed win without algo/parity change
05_assembly	gatk-haplotypecaller/src/read_threading_assembler.rs	read	2380	tight	short leaf; no safe absolute-speed win
05_assembly	gatk-haplotypecaller/src/read_threading_assembler.rs	ref_byte_non_ref_label_collapses_before_variation_present	2388	tight	reviewed isolation; no safe absolute-speed win without algo/parity change
05_assembly	gatk-haplotypecaller/src/read_threading_assembler.rs	reference_only_haplotypes	2218	tight	trivial getter/ctor
05_assembly	gatk-haplotypecaller/src/read_threading_assembler.rs	region_overlaps_p12_cluster	90	tight	trivial getter/ctor
05_assembly	gatk-haplotypecaller/src/read_threading_assembler.rs	rt_assembly_best_variation	498	tight	reviewed isolation; no safe absolute-speed win without algo/parity change
05_assembly	gatk-haplotypecaller/src/read_threading_assembler.rs	supplement_haplotypes_from_rt_kbest	1789	tight	short leaf; no safe absolute-speed win
05_assembly	gatk-haplotypecaller/src/read_threading_assembler.rs	supplement_p12_cluster_coupled_haplotypes	285	tight	parity-sensitive; no safe absolute-speed win without gate risk
05_assembly	gatk-haplotypecaller/src/read_threading_assembler.rs	try_assemble_kmer	1841	tight	reviewed isolation; no safe absolute-speed win without algo/parity change
05_assembly	gatk-haplotypecaller/src/read_threading_assembler.rs	try_build_seq_graph_kmer	1273	tight	reviewed isolation; no safe absolute-speed win without algo/parity change
05_assembly	gatk-haplotypecaller/src/read_threading_graph.rs	add_pending_sequence	177	tight	short leaf; no safe absolute-speed win
05_assembly	gatk-haplotypecaller/src/read_threading_graph.rs	assembly_graph_from_reads_threading	564	tight	short leaf; no safe absolute-speed win
05_assembly	gatk-haplotypecaller/src/read_threading_graph.rs	assembly_graph_from_ref_and_reads_threading	476	tight	short leaf; no safe absolute-speed win
05_assembly	gatk-haplotypecaller/src/read_threading_graph.rs	assembly_graph_from_ref_and_reads_threading_with_summary	489	tight	short leaf; no safe absolute-speed win
05_assembly	gatk-haplotypecaller/src/read_threading_graph.rs	build	402	tight	reviewed isolation; no safe absolute-speed win without algo/parity change
05_assembly	gatk-haplotypecaller/src/read_threading_graph.rs	build_threading_builder	498	tight	reviewed isolation; no safe absolute-speed win without algo/parity change
05_assembly	gatk-haplotypecaller/src/read_threading_graph.rs	create_graph_non_unique_gate_uses_reference_only	658	tight	short leaf; no safe absolute-speed win
05_assembly	gatk-haplotypecaller/src/read_threading_graph.rs	create_vertex	237	tight	short leaf; no safe absolute-speed win
05_assembly	gatk-haplotypecaller/src/read_threading_graph.rs	extend_chain_by_one	339	tight	reviewed isolation; no safe absolute-speed win without algo/parity change
05_assembly	gatk-haplotypecaller/src/read_threading_graph.rs	find_start	213	tight	reviewed isolation; no safe absolute-speed win without algo/parity change
05_assembly	gatk-haplotypecaller/src/read_threading_graph.rs	finish_into_assembly_graph	428	tight	reviewed isolation; no safe absolute-speed win without algo/parity change
05_assembly	gatk-haplotypecaller/src/read_threading_graph.rs	flush_sample	54	tight	short leaf; no safe absolute-speed win
05_assembly	gatk-haplotypecaller/src/read_threading_graph.rs	get_or_create_kmer_vertex	250	tight	short leaf; no safe absolute-speed win
05_assembly	gatk-haplotypecaller/src/read_threading_graph.rs	get_unique_kmer_vertex	230	tight	short leaf; no safe absolute-speed win
05_assembly	gatk-haplotypecaller/src/read_threading_graph.rs	inc	50	tight	trivial getter/ctor
05_assembly	gatk-haplotypecaller/src/read_threading_graph.rs	inc_edge	289	tight	short leaf; no safe absolute-speed win
05_assembly	gatk-haplotypecaller/src/read_threading_graph.rs	increase_counts_backwards	309	tight	reviewed isolation; no safe absolute-speed win without algo/parity change
05_assembly	gatk-haplotypecaller/src/read_threading_graph.rs	into_assembly_graph	422	tight	trivial getter/ctor
05_assembly	gatk-haplotypecaller/src/read_threading_graph.rs	into_assembly_graph_with_summary	461	tight	short leaf; no safe absolute-speed win
05_assembly	gatk-haplotypecaller/src/read_threading_graph.rs	is_base_usable	470	tight	trivial getter/ctor
05_assembly	gatk-haplotypecaller/src/read_threading_graph.rs	is_low_complexity	264	tight	trivial getter/ctor
05_assembly	gatk-haplotypecaller/src/read_threading_graph.rs	is_low_quality_graph	259	tight	trivial getter/ctor
05_assembly	gatk-haplotypecaller/src/read_threading_graph.rs	is_threading_start	205	tight	short leaf; no safe absolute-speed win
05_assembly	gatk-haplotypecaller/src/read_threading_graph.rs	kmer_at	133	tight	trivial getter/ctor
05_assembly	gatk-haplotypecaller/src/read_threading_graph.rs	max_kmer_multiplicity	268	tight	reviewed isolation; no safe absolute-speed win without algo/parity change
05_assembly	gatk-haplotypecaller/src/read_threading_graph.rs	new	108	tight	reviewed isolation; no safe absolute-speed win without algo/parity change
05_assembly	gatk-haplotypecaller/src/read_threading_graph.rs	new	39	tight	short leaf; no safe absolute-speed win
05_assembly	gatk-haplotypecaller/src/read_threading_graph.rs	non_unique_summary	277	tight	short leaf; no safe absolute-speed win
05_assembly	gatk-haplotypecaller/src/read_threading_graph.rs	p5_case1_threading_supports	599	tight	reviewed isolation; no safe absolute-speed win without algo/parity change
05_assembly	gatk-haplotypecaller/src/read_threading_graph.rs	params_for	673	tight	short leaf; no safe absolute-speed win
05_assembly	gatk-haplotypecaller/src/read_threading_graph.rs	preprocess_reads	185	tight	reviewed isolation; no safe absolute-speed win without algo/parity change
05_assembly	gatk-haplotypecaller/src/read_threading_graph.rs	pruning_multiplicity	64	tight	reviewed isolation; no safe absolute-speed win without algo/parity change
05_assembly	gatk-haplotypecaller/src/read_threading_graph.rs	read	577	tight	short leaf; no safe absolute-speed win
05_assembly	gatk-haplotypecaller/src/read_threading_graph.rs	ref_with_internal_repeat_kmers_has_multiplicity_gt_one	643	tight	short leaf; no safe absolute-speed win
05_assembly	gatk-haplotypecaller/src/read_threading_graph.rs	reference_has_non_unique_kmers	537	tight	reviewed isolation; no safe absolute-speed win without algo/parity change
05_assembly	gatk-haplotypecaller/src/read_threading_graph.rs	repeat_only_reads_yield_empty_graph	625	tight	short leaf; no safe absolute-speed win
05_assembly	gatk-haplotypecaller/src/read_threading_graph.rs	sequences_from_read	141	tight	reviewed isolation; no safe absolute-speed win without algo/parity change
05_assembly	gatk-haplotypecaller/src/read_threading_graph.rs	single_read_threading_matches_gatk_edge_weights	585	tight	short leaf; no safe absolute-speed win
05_assembly	gatk-haplotypecaller/src/read_threading_graph.rs	suffix_of_kmer	137	tight	trivial getter/ctor
05_assembly	gatk-haplotypecaller/src/read_threading_graph.rs	thread_sequence	382	tight	reviewed isolation; no safe absolute-speed win without algo/parity change
05_assembly	gatk-haplotypecaller/src/read_threading_graph.rs	threading_non_unique_summary	554	tight	short leaf; no safe absolute-speed win
05_assembly	gatk-haplotypecaller/src/seq_graph.rs	add_or_update_edge	565	tight	reviewed isolation; no safe absolute-speed win without algo/parity change
05_assembly	gatk-haplotypecaller/src/seq_graph.rs	add_seq_vertex	551	tight	trivial getter/ctor
05_assembly	gatk-haplotypecaller/src/seq_graph.rs	additional_sequence_bytes	651	tight	short leaf; no safe absolute-speed win
05_assembly	gatk-haplotypecaller/src/seq_graph.rs	clean_non_ref_paths	250	tight	reviewed isolation; no safe absolute-speed win without algo/parity change
05_assembly	gatk-haplotypecaller/src/seq_graph.rs	cleanup_seq_graph	620	tight	reviewed isolation; no safe absolute-speed win without algo/parity change
05_assembly	gatk-haplotypecaller/src/seq_graph.rs	edge_count	123	tight	trivial getter/ctor
05_assembly	gatk-haplotypecaller/src/seq_graph.rs	edge_is_ref	184	tight	trivial getter/ctor
05_assembly	gatk-haplotypecaller/src/seq_graph.rs	edge_support	190	tight	short leaf; no safe absolute-speed win
05_assembly	gatk-haplotypecaller/src/seq_graph.rs	edges_pub	561	tight	trivial getter/ctor
05_assembly	gatk-haplotypecaller/src/seq_graph.rs	find_edge	557	tight	trivial getter/ctor
05_assembly	gatk-haplotypecaller/src/seq_graph.rs	from_assembly_graph	83	tight	reviewed isolation; no safe absolute-speed win without algo/parity change
05_assembly	gatk-haplotypecaller/src/seq_graph.rs	in_degree	214	tight	trivial getter/ctor
05_assembly	gatk-haplotypecaller/src/seq_graph.rs	incoming_edge_support_is_ref	596	tight	reviewed isolation; no safe absolute-speed win without algo/parity change
05_assembly	gatk-haplotypecaller/src/seq_graph.rs	incoming_nodes	587	tight	trivial getter/ctor
05_assembly	gatk-haplotypecaller/src/seq_graph.rs	incoming_of	229	tight	trivial getter/ctor
05_assembly	gatk-haplotypecaller/src/seq_graph.rs	is_linear_chain_start	312	tight	short leaf; no safe absolute-speed win
05_assembly	gatk-haplotypecaller/src/seq_graph.rs	is_ref_sink	164	tight	short leaf; no safe absolute-speed win
05_assembly	gatk-haplotypecaller/src/seq_graph.rs	is_ref_source	144	tight	short leaf; no safe absolute-speed win
05_assembly	gatk-haplotypecaller/src/seq_graph.rs	is_ref_source_vertex	140	tight	trivial getter/ctor
05_assembly	gatk-haplotypecaller/src/seq_graph.rs	is_reference_node	347	tight	trivial getter/ctor
05_assembly	gatk-haplotypecaller/src/seq_graph.rs	is_sink_vertex	530	tight	trivial getter/ctor
05_assembly	gatk-haplotypecaller/src/seq_graph.rs	max_out_degree	128	tight	trivial getter/ctor
05_assembly	gatk-haplotypecaller/src/seq_graph.rs	merge_linear_chain	352	tight	reviewed isolation; no safe absolute-speed win without algo/parity change
05_assembly	gatk-haplotypecaller/src/seq_graph.rs	node_count	119	tight	trivial getter/ctor
05_assembly	gatk-haplotypecaller/src/seq_graph.rs	out_degree	218	tight	trivial getter/ctor
05_assembly	gatk-haplotypecaller/src/seq_graph.rs	outgoing_edge_support_is_ref	608	tight	reviewed isolation; no safe absolute-speed win without algo/parity change
05_assembly	gatk-haplotypecaller/src/seq_graph.rs	outgoing_nodes	197	tight	trivial getter/ctor
05_assembly	gatk-haplotypecaller/src/seq_graph.rs	outgoing_of	222	tight	short leaf; no safe absolute-speed win
05_assembly	gatk-haplotypecaller/src/seq_graph.rs	path_bases_bytes	202	tight	reviewed isolation; no safe absolute-speed win without algo/parity change
05_assembly	gatk-haplotypecaller/src/seq_graph.rs	prepared_p5_seqgraph_dump_path_has_nodes	678	n/a	test/dump helper
05_assembly	gatk-haplotypecaller/src/seq_graph.rs	read	670	tight	short leaf; no safe absolute-speed win
05_assembly	gatk-haplotypecaller/src/seq_graph.rs	rebuild_index	413	tight	reviewed isolation; no safe absolute-speed win without algo/parity change
05_assembly	gatk-haplotypecaller/src/seq_graph.rs	reference_path_bytes	233	tight	reviewed isolation; no safe absolute-speed win without algo/parity change
05_assembly	gatk-haplotypecaller/src/seq_graph.rs	reference_sink_vertex	136	tight	trivial getter/ctor
05_assembly	gatk-haplotypecaller/src/seq_graph.rs	reference_source_vertex	132	tight	trivial getter/ctor
05_assembly	gatk-haplotypecaller/src/seq_graph.rs	remove_edge	591	tight	trivial getter/ctor
05_assembly	gatk-haplotypecaller/src/seq_graph.rs	remove_paths_not_connected_to_ref	477	tight	reviewed isolation; no safe absolute-speed win without algo/parity change
05_assembly	gatk-haplotypecaller/src/seq_graph.rs	remove_singleton_orphan_vertices	422	tight	reviewed isolation; no safe absolute-speed win without algo/parity change
05_assembly	gatk-haplotypecaller/src/seq_graph.rs	remove_vertices_by_id	538	tight	reviewed isolation; no safe absolute-speed win without algo/parity change
05_assembly	gatk-haplotypecaller/src/seq_graph.rs	remove_vertices_not_connected_to_ref_regardless_of_direction	443	tight	reviewed isolation; no safe absolute-speed win without algo/parity change
05_assembly	gatk-haplotypecaller/src/seq_graph.rs	seq_graph_from_p5_case1_has_ref_path	710	tight	short leaf; no safe absolute-speed win
05_assembly	gatk-haplotypecaller/src/seq_graph.rs	simplify_graph	518	tight	trivial getter/ctor
05_assembly	gatk-haplotypecaller/src/seq_graph.rs	trace_linear_chain	325	tight	reviewed isolation; no safe absolute-speed win without algo/parity change
05_assembly	gatk-haplotypecaller/src/seq_graph.rs	vertex_in_degree	522	tight	trivial getter/ctor
05_assembly	gatk-haplotypecaller/src/seq_graph.rs	vertex_out_degree	526	tight	trivial getter/ctor
05_assembly	gatk-haplotypecaller/src/seq_graph.rs	vertex_sequence	534	tight	trivial getter/ctor
05_assembly	gatk-haplotypecaller/src/seq_graph.rs	zip_linear_chains	295	tight	reviewed isolation; no safe absolute-speed win without algo/parity change
05_assembly	gatk-haplotypecaller/src/seq_graph_simplify.rs	all_vertices_are_only_suffix	301	tight	trivial getter/ctor
05_assembly	gatk-haplotypecaller/src/seq_graph_simplify.rs	common_prefix_suffix	414	tight	reviewed isolation; no safe absolute-speed win without algo/parity change
05_assembly	gatk-haplotypecaller/src/seq_graph_simplify.rs	common_suffix_only	305	tight	reviewed isolation; no safe absolute-speed win without algo/parity change
05_assembly	gatk-haplotypecaller/src/seq_graph_simplify.rs	graph_topology_signature	33	tight	reviewed isolation; no safe absolute-speed win without algo/parity change
05_assembly	gatk-haplotypecaller/src/seq_graph_simplify.rs	merge_common_suffices_collapses_identical_predecessors	498	tight	short leaf; no safe absolute-speed win
05_assembly	gatk-haplotypecaller/src/seq_graph_simplify.rs	merge_common_suffices_until_complete	85	tight	trivial getter/ctor
05_assembly	gatk-haplotypecaller/src/seq_graph_simplify.rs	merge_diamonds_until_complete	55	tight	trivial getter/ctor
05_assembly	gatk-haplotypecaller/src/seq_graph_simplify.rs	merge_tails_until_complete	59	tight	trivial getter/ctor
05_assembly	gatk-haplotypecaller/src/seq_graph_simplify.rs	read	476	tight	short leaf; no safe absolute-speed win
05_assembly	gatk-haplotypecaller/src/seq_graph_simplify.rs	safe_to_split_suffix	271	tight	reviewed isolation; no safe absolute-speed win without algo/parity change
05_assembly	gatk-haplotypecaller/src/seq_graph_simplify.rs	simplify_graph_full	13	tight	reviewed isolation; no safe absolute-speed win without algo/parity change
05_assembly	gatk-haplotypecaller/src/seq_graph_simplify.rs	simplify_graph_once	45	tight	short leaf; no safe absolute-speed win
05_assembly	gatk-haplotypecaller/src/seq_graph_simplify.rs	simplify_graph_once_runs_on_p5_graph	484	tight	short leaf; no safe absolute-speed win
05_assembly	gatk-haplotypecaller/src/seq_graph_simplify.rs	split_and_update	340	tight	reviewed isolation; no safe absolute-speed win without algo/parity change
05_assembly	gatk-haplotypecaller/src/seq_graph_simplify.rs	split_common_suffices_until_complete	63	tight	reviewed isolation; no safe absolute-speed win without algo/parity change
05_assembly	gatk-haplotypecaller/src/seq_graph_simplify.rs	transform_until_complete	89	tight	reviewed isolation; no safe absolute-speed win without algo/parity change
05_assembly	gatk-haplotypecaller/src/seq_graph_simplify.rs	try_merge_common_suffices	229	tight	reviewed isolation; no safe absolute-speed win without algo/parity change
05_assembly	gatk-haplotypecaller/src/seq_graph_simplify.rs	try_merge_diamond	110	tight	reviewed isolation; no safe absolute-speed win without algo/parity change
05_assembly	gatk-haplotypecaller/src/seq_graph_simplify.rs	try_merge_tails	142	tight	reviewed isolation; no safe absolute-speed win without algo/parity change
05_assembly	gatk-haplotypecaller/src/seq_graph_simplify.rs	try_split_common_suffix	161	tight	reviewed isolation; no safe absolute-speed win without algo/parity change
05_assembly	gatk-haplotypecaller/src/seq_graph_simplify.rs	without_prefix_suffix	450	tight	reviewed isolation; no safe absolute-speed win without algo/parity change
05_assembly	gatk-haplotypecaller/src/seq_graph_simplify.rs	without_suffix	328	tight	short leaf; no safe absolute-speed win
05_assembly	gatk-haplotypecaller/src/seq_graph_simplify.rs	would_eliminate_ref_source	292	tight	reviewed isolation; no safe absolute-speed win without algo/parity change
05_assembly	gatk-haplotypecaller/src/seq_kbest_haplotype.rs	cmp	60	tight	reviewed isolation; no safe absolute-speed win without algo/parity change
05_assembly	gatk-haplotypecaller/src/seq_kbest_haplotype.rs	eq	74	tight	reviewed isolation; no safe absolute-speed win without algo/parity change
05_assembly	gatk-haplotypecaller/src/seq_kbest_haplotype.rs	extend	36	tight	reviewed isolation; no safe absolute-speed win without algo/parity change
05_assembly	gatk-haplotypecaller/src/seq_kbest_haplotype.rs	find_best_haplotypes_seq_graph	82	tight	reviewed isolation; no safe absolute-speed win without algo/parity change
05_assembly	gatk-haplotypecaller/src/seq_kbest_haplotype.rs	new	25	tight	short leaf; no safe absolute-speed win
05_assembly	gatk-haplotypecaller/src/seq_kbest_haplotype.rs	partial_cmp	68	tight	trivial getter/ctor
06_walker	gatk-haplotypecaller/src/activity_profile.rs	activity_profile_base_process_state	300	tight	reviewed isolation; no safe absolute-speed win without algo/parity change
06_walker	gatk-haplotypecaller/src/activity_profile.rs	activity_state_offset_matches_gatk_semantics	791	tight	trivial getter/ctor
06_walker	gatk-haplotypecaller/src/activity_profile.rs	adaptive_filter_size	287	tight	reviewed isolation; no safe absolute-speed win without algo/parity change
06_walker	gatk-haplotypecaller/src/activity_profile.rs	adaptive_filter_size_shrinks_for_tight_sigma	781	tight	short leaf; no safe absolute-speed win
06_walker	gatk-haplotypecaller/src/activity_profile.rs	add	450	tight	reviewed isolation; no safe absolute-speed win without algo/parity change
06_walker	gatk-haplotypecaller/src/activity_profile.rs	add_rejects_non_contiguous_locus	881	tight	reviewed isolation; no safe absolute-speed win without algo/parity change
06_walker	gatk-haplotypecaller/src/activity_profile.rs	band_pass_defaults_match_assembly_region_iterator	766	tight	reviewed isolation; no safe absolute-speed win without algo/parity change
06_walker	gatk-haplotypecaller/src/activity_profile.rs	band_pass_process_state	332	tight	reviewed isolation; no safe absolute-speed win without algo/parity change
06_walker	gatk-haplotypecaller/src/activity_profile.rs	contig	537	tight	trivial getter/ctor
06_walker	gatk-haplotypecaller/src/activity_profile.rs	effective_max_prob_propagation_distance	231	tight	trivial getter/ctor
06_walker	gatk-haplotypecaller/src/activity_profile.rs	expand_smoothed	479	tight	short leaf; no safe absolute-speed win
06_walker	gatk-haplotypecaller/src/activity_profile.rs	find_best_cut_site	702	tight	reviewed isolation; no safe absolute-speed win without algo/parity change
06_walker	gatk-haplotypecaller/src/activity_profile.rs	find_end_of_region	680	tight	reviewed isolation; no safe absolute-speed win without algo/parity change
06_walker	gatk-haplotypecaller/src/activity_profile.rs	find_first_activity_boundary	716	tight	reviewed isolation; no safe absolute-speed win without algo/parity change
06_walker	gatk-haplotypecaller/src/activity_profile.rs	gatk_haplotype_caller_defaults	176	tight	short leaf; no safe absolute-speed win
06_walker	gatk-haplotypecaller/src/activity_profile.rs	gatk_threshold_constants_match_assembly_region_defaults	748	tight	short leaf; no safe absolute-speed win
06_walker	gatk-haplotypecaller/src/activity_profile.rs	get	159	tight	short leaf; no safe absolute-speed win
06_walker	gatk-haplotypecaller/src/activity_profile.rs	high_quality_soft_clips	86	tight	reviewed isolation; no safe absolute-speed win without algo/parity change
06_walker	gatk-haplotypecaller/src/activity_profile.rs	hq_expansion_span_matches_max_propagation_plus_filter_cap	825	tight	short leaf; no safe absolute-speed win
06_walker	gatk-haplotypecaller/src/activity_profile.rs	hq_soft_clip_bases	109	tight	short leaf; no safe absolute-speed win
06_walker	gatk-haplotypecaller/src/activity_profile.rs	hq_soft_clip_evidence_carries_length_plain_does_not	805	tight	short leaf; no safe absolute-speed win
06_walker	gatk-haplotypecaller/src/activity_profile.rs	incorporate_sorted	492	tight	reviewed isolation; no safe absolute-speed win without algo/parity change
06_walker	gatk-haplotypecaller/src/activity_profile.rs	is_active	122	tight	reviewed isolation; no safe absolute-speed win without algo/parity change
06_walker	gatk-haplotypecaller/src/activity_profile.rs	is_active_respects_strict_greater_than_threshold	818	tight	short leaf; no safe absolute-speed win
06_walker	gatk-haplotypecaller/src/activity_profile.rs	is_empty	553	tight	trivial getter/ctor
06_walker	gatk-haplotypecaller/src/activity_profile.rs	is_minimum	734	tight	short leaf; no safe absolute-speed win
06_walker	gatk-haplotypecaller/src/activity_profile.rs	kind	103	tight	trivial getter/ctor
06_walker	gatk-haplotypecaller/src/activity_profile.rs	last_input_pos	545	tight	trivial getter/ctor
06_walker	gatk-haplotypecaller/src/activity_profile.rs	len	549	tight	trivial getter/ctor
06_walker	gatk-haplotypecaller/src/activity_profile.rs	make_gaussian_kernel	270	tight	reviewed isolation; no safe absolute-speed win without algo/parity change
06_walker	gatk-haplotypecaller/src/activity_profile.rs	max_prob_propagation_distance_with_filter	443	tight	short leaf; no safe absolute-speed win
06_walker	gatk-haplotypecaller/src/activity_profile.rs	new	422	tight	reviewed isolation; no safe absolute-speed win without algo/parity change
06_walker	gatk-haplotypecaller/src/activity_profile.rs	new	75	tight	short leaf; no safe absolute-speed win
06_walker	gatk-haplotypecaller/src/activity_profile.rs	normal_distribution	264	tight	trivial getter/ctor
06_walker	gatk-haplotypecaller/src/activity_profile.rs	normalized_kernel	242	tight	trivial getter/ctor
06_walker	gatk-haplotypecaller/src/activity_profile.rs	offset_from_region_start	117	tight	trivial getter/ctor
06_walker	gatk-haplotypecaller/src/activity_profile.rs	padded_bounds_are_clipped_to_contig_edges	971	tight	short leaf; no safe absolute-speed win
06_walker	gatk-haplotypecaller/src/activity_profile.rs	pop_next_ready_region	613	tight	reviewed isolation; no safe absolute-speed win without algo/parity change
06_walker	gatk-haplotypecaller/src/activity_profile.rs	pop_ready_regions	589	tight	reviewed isolation; no safe absolute-speed win without algo/parity change
06_walker	gatk-haplotypecaller/src/activity_profile.rs	pop_ready_regions_cuts_active_region_at_local_minimum_when_maxed	918	tight	reviewed isolation; no safe absolute-speed win without algo/parity change
06_walker	gatk-haplotypecaller/src/activity_profile.rs	pop_ready_regions_splits_active_then_inactive_and_updates_origin	942	tight	reviewed isolation; no safe absolute-speed win without algo/parity change
06_walker	gatk-haplotypecaller/src/activity_profile.rs	pop_ready_regions_waits_until_safe_without_force_conversion	900	tight	reviewed isolation; no safe absolute-speed win without algo/parity change
06_walker	gatk-haplotypecaller/src/activity_profile.rs	positive_sigma_rejects_non_positive	797	tight	short leaf; no safe absolute-speed win
06_walker	gatk-haplotypecaller/src/activity_profile.rs	region_start	541	tight	trivial getter/ctor
06_walker	gatk-haplotypecaller/src/activity_profile.rs	resolved_filter_and_kernel	247	tight	short leaf; no safe absolute-speed win
06_walker	gatk-haplotypecaller/src/activity_profile.rs	resolved_filter_size	237	tight	trivial getter/ctor
06_walker	gatk-haplotypecaller/src/activity_profile.rs	root_two_pi	29	tight	reviewed isolation; no safe absolute-speed win without algo/parity change
06_walker	gatk-haplotypecaller/src/activity_profile.rs	single_centered_spike_drops_left_tail_before_region_start	834	tight	reviewed isolation; no safe absolute-speed win without algo/parity change
06_walker	gatk-haplotypecaller/src/activity_profile.rs	states	557	tight	trivial getter/ctor
06_walker	gatk-haplotypecaller/src/activity_profile.rs	total_smoothed_mass	562	tight	trivial getter/ctor
06_walker	gatk-haplotypecaller/src/activity_profile.rs	try_from_assembly_region	188	tight	reviewed isolation; no safe absolute-speed win without algo/parity change
06_walker	gatk-haplotypecaller/src/activity_profile.rs	try_new	150	tight	short leaf; no safe absolute-speed win
06_walker	gatk-haplotypecaller/src/activity_profile.rs	try_new	208	tight	reviewed isolation; no safe absolute-speed win without algo/parity change
06_walker	gatk-haplotypecaller/src/activity_profile.rs	try_pop_next_ready_region	568	tight	reviewed isolation; no safe absolute-speed win without algo/parity change
06_walker	gatk-haplotypecaller/src/activity_profile.rs	two_adjacent_spikes_accumulate_overlapping_windows	858	tight	reviewed isolation; no safe absolute-speed win without algo/parity change
06_walker	gatk-haplotypecaller/src/activity_scoring.rs	approximate_log10_sum_log10_pair	218	tight	reviewed isolation; no safe absolute-speed win without algo/parity change
06_walker	gatk-haplotypecaller/src/activity_scoring.rs	calc_ref_vs_any_log10_genotype_likelihoods	447	tight	reviewed isolation; no safe absolute-speed win without algo/parity change
06_walker	gatk-haplotypecaller/src/activity_scoring.rs	calculate_multi_sample_any_non_ref_posterior	363	tight	reviewed isolation; no safe absolute-speed win without algo/parity change
06_walker	gatk-haplotypecaller/src/activity_scoring.rs	calculate_single_sample_biallelic_non_ref_posterior	326	tight	reviewed isolation; no safe absolute-speed win without algo/parity change
06_walker	gatk-haplotypecaller/src/activity_scoring.rs	default	74	tight	short leaf; no safe absolute-speed win
06_walker	gatk-haplotypecaller/src/activity_scoring.rs	effective_qual	383	tight	short leaf; no safe absolute-speed win
06_walker	gatk-haplotypecaller/src/activity_scoring.rs	empty_pileup_yields_zero_activity	636	tight	short leaf; no safe absolute-speed win
06_walker	gatk-haplotypecaller/src/activity_scoring.rs	fast_round_java	191	tight	short leaf; no safe absolute-speed win
06_walker	gatk-haplotypecaller/src/activity_scoring.rs	from_haplotype_caller_config	93	tight	short leaf; no safe absolute-speed win
06_walker	gatk-haplotypecaller/src/activity_scoring.rs	frozen_hom_alt_five_reads_matches_python_reference	617	tight	short leaf; no safe absolute-speed win
06_walker	gatk-haplotypecaller/src/activity_scoring.rs	frozen_hom_ref_single_read_matches_python_reference	589	tight	reviewed isolation; no safe absolute-speed win without algo/parity change
06_walker	gatk-haplotypecaller/src/activity_scoring.rs	genotype_log10_likelihoods_after_java_genotype_pl_roundtrip	249	tight	reviewed isolation; no safe absolute-speed win without algo/parity change
06_walker	gatk-haplotypecaller/src/activity_scoring.rs	haplotype_caller_activity_profile_state_multi_sample	519	tight	reviewed isolation; no safe absolute-speed win without algo/parity change
06_walker	gatk-haplotypecaller/src/activity_scoring.rs	haplotype_caller_activity_profile_state_single_sample	506	tight	short leaf; no safe absolute-speed win
06_walker	gatk-haplotypecaller/src/activity_scoring.rs	hq_soft_clip_kind_when_mean_exceeds_threshold	643	tight	short leaf; no safe absolute-speed win
06_walker	gatk-haplotypecaller/src/activity_scoring.rs	hq_soft_clip_running_mean_rcm_path	403	tight	reviewed isolation; no safe absolute-speed win without algo/parity change
06_walker	gatk-haplotypecaller/src/activity_scoring.rs	hq_soft_clip_running_mean_rcm_stratified	425	tight	reviewed isolation; no safe absolute-speed win without algo/parity change
06_walker	gatk-haplotypecaller/src/activity_scoring.rs	is_alt_after_assembly	163	tight	trivial getter/ctor
06_walker	gatk-haplotypecaller/src/activity_scoring.rs	is_alt_after_assembly_ignores_indel_flank_flags	560	tight	short leaf; no safe absolute-speed win
06_walker	gatk-haplotypecaller/src/activity_scoring.rs	is_alt_before_assembly	142	tight	reviewed isolation; no safe absolute-speed win without algo/parity change
06_walker	gatk-haplotypecaller/src/activity_scoring.rs	is_alt_before_assembly_hom_ref_match	553	tight	short leaf; no safe absolute-speed win
06_walker	gatk-haplotypecaller/src/activity_scoring.rs	jacobian_log_table_get	199	tight	short leaf; no safe absolute-speed win
06_walker	gatk-haplotypecaller/src/activity_scoring.rs	java_genotype_pl_roundtrip_matches_htsjdk_joint_probe_gl	576	tight	short leaf; no safe absolute-speed win
06_walker	gatk-haplotypecaller/src/activity_scoring.rs	java_math_round_double_to_i32	234	tight	short leaf; no safe absolute-speed win
06_walker	gatk-haplotypecaller/src/activity_scoring.rs	log10_sum_log10	266	tight	reviewed isolation; no safe absolute-speed win without algo/parity change
06_walker	gatk-haplotypecaller/src/activity_scoring.rs	log10_sum_two_values_matches_max_plus_log10_1_plus_pow	567	tight	short leaf; no safe absolute-speed win
06_walker	gatk-haplotypecaller/src/activity_scoring.rs	log_binomial_coefficient_natural	319	tight	short leaf; no safe absolute-speed win
06_walker	gatk-haplotypecaller/src/activity_scoring.rs	log_to_log10	314	tight	trivial getter/ctor
06_walker	gatk-haplotypecaller/src/activity_scoring.rs	max_element_index	302	tight	reviewed isolation; no safe absolute-speed win without algo/parity change
06_walker	gatk-haplotypecaller/src/activity_scoring.rs	multi_sample_probability_aggregates_any_non_ref	661	tight	reviewed isolation; no safe absolute-speed win without algo/parity change
06_walker	gatk-haplotypecaller/src/activity_scoring.rs	multi_sample_state_empty_returns_zero	706	tight	short leaf; no safe absolute-speed win
06_walker	gatk-haplotypecaller/src/activity_scoring.rs	multi_sample_state_reduces_to_single_sample_for_one_sample	689	tight	short leaf; no safe absolute-speed win
06_walker	gatk-haplotypecaller/src/activity_scoring.rs	normalize_from_log10_to_linear_space	296	tight	trivial getter/ctor
06_walker	gatk-haplotypecaller/src/activity_scoring.rs	qual_to_error_prob_log10_byte	186	tight	trivial getter/ctor
06_walker	gatk-haplotypecaller/src/activity_scoring.rs	qual_to_error_prob_log10_double	168	tight	trivial getter/ctor
06_walker	gatk-haplotypecaller/src/activity_scoring.rs	qual_to_prob_log10_byte	172	tight	reviewed isolation; no safe absolute-speed win without algo/parity change
06_walker	gatk-haplotypecaller/src/activity_scoring.rs	ref_pseudocount	103	tight	trivial getter/ctor
06_walker	gatk-haplotypecaller/src/activity_scoring.rs	skip_observation	391	tight	short leaf; no safe absolute-speed win
06_walker	gatk-haplotypecaller/src/activity_scoring.rs	snp_pseudocount	108	tight	reviewed isolation; no safe absolute-speed win without algo/parity change
06_walker	gatk-haplotypecaller/src/annotator/engine.rs	annotate_parity_v1_site	53	tight	reviewed isolation; no safe absolute-speed win without algo/parity change
06_walker	gatk-haplotypecaller/src/annotator/engine.rs	parity_v1_matches_core_annotations	78	tight	reviewed isolation; no safe absolute-speed win without algo/parity change
06_walker	gatk-haplotypecaller/src/engine.rs	best_ll_per_read	2107	tight	reviewed isolation; no safe absolute-speed win without algo/parity change
06_walker	gatk-haplotypecaller/src/engine.rs	call_region	442	tight	reviewed isolation; no safe absolute-speed win without algo/parity change
06_walker	gatk-haplotypecaller/src/engine.rs	call_region_assemble	2001	tight	reviewed isolation; no safe absolute-speed win without algo/parity change
06_walker	gatk-haplotypecaller/src/engine.rs	call_region_inactive_reference	1979	tight	reviewed isolation; no safe absolute-speed win without algo/parity change
06_walker	gatk-haplotypecaller/src/engine.rs	call_region_mut	454	tight	parity-sensitive; no safe absolute-speed win without gate risk
06_walker	gatk-haplotypecaller/src/engine.rs	compact_likelihoods_for_kept_reads	2119	tight	reviewed isolation; no safe absolute-speed win without algo/parity change
06_walker	gatk-haplotypecaller/src/engine.rs	compute_region_read_likelihoods	2409	tight	reviewed isolation; no safe absolute-speed win without algo/parity change
06_walker	gatk-haplotypecaller/src/engine.rs	default	132	tight	trivial getter/ctor
06_walker	gatk-haplotypecaller/src/engine.rs	filter_normalized_region_read_likelihoods	2305	tight	reviewed isolation; no safe absolute-speed win without algo/parity change
06_walker	gatk-haplotypecaller/src/engine.rs	filter_poorly_modeled_region_read_likelihoods	2236	tight	parity-sensitive; no safe absolute-speed win without gate risk
06_walker	gatk-haplotypecaller/src/engine.rs	is_java_compatible	144	tight	trivial getter/ctor
06_walker	gatk-haplotypecaller/src/engine.rs	is_strict_java	138	tight	trivial getter/ctor
06_walker	gatk-haplotypecaller/src/engine.rs	legacy_read_bridges	210	tight	short leaf; no safe absolute-speed win
06_walker	gatk-haplotypecaller/src/engine.rs	log10_min_true_likelihood_for_read	2160	tight	reviewed isolation; no safe absolute-speed win without algo/parity change
06_walker	gatk-haplotypecaller/src/engine.rs	normalize_region_read_likelihoods	2187	tight	reviewed isolation; no safe absolute-speed win without algo/parity change
06_walker	gatk-haplotypecaller/src/engine.rs	pairhmm_eligible_haplotype_indices	2168	tight	reviewed isolation; no safe absolute-speed win without algo/parity change
06_walker	gatk-haplotypecaller/src/engine.rs	parity_aligned	181	tight	reviewed isolation; no safe absolute-speed win without algo/parity change
06_walker	gatk-haplotypecaller/src/engine.rs	post_process_pairhmm_likelihoods	2326	tight	reviewed isolation; no safe absolute-speed win without algo/parity change
06_walker	gatk-haplotypecaller/src/engine.rs	prepare_traversal	359	tight	reviewed isolation; no safe absolute-speed win without algo/parity change
06_walker	gatk-haplotypecaller/src/engine.rs	prepare_traversal_default	379	tight	short leaf; no safe absolute-speed win
06_walker	gatk-haplotypecaller/src/engine.rs	preserve_untrimmed_indel_haplotypes	228	tight	reviewed isolation; no safe absolute-speed win without algo/parity change
06_walker	gatk-haplotypecaller/src/engine.rs	read_shards	392	tight	short leaf; no safe absolute-speed win
06_walker	gatk-haplotypecaller/src/engine.rs	read_shards_default_padding	401	tight	short leaf; no safe absolute-speed win
06_walker	gatk-haplotypecaller/src/engine.rs	read_supplement_from_env	222	tight	trivial getter/ctor
06_walker	gatk-haplotypecaller/src/engine.rs	reads_overlapping_active_span	2018	tight	reviewed isolation; no safe absolute-speed win without algo/parity change
06_walker	gatk-haplotypecaller/src/engine.rs	rebuild_variation_events_for_genotyping	273	tight	reviewed isolation; no safe absolute-speed win without algo/parity change
06_walker	gatk-haplotypecaller/src/engine.rs	refresh_region_read_likelihoods	2030	tight	reviewed isolation; no safe absolute-speed win without algo/parity change
06_walker	gatk-haplotypecaller/src/engine.rs	remove_read_stubs_after_trim	327	tight	reviewed isolation; no safe absolute-speed win without algo/parity change
06_walker	gatk-haplotypecaller/src/engine.rs	retain_marginal_cluster_upstream_likelihoods	2278	tight	reviewed isolation; no safe absolute-speed win without algo/parity change
06_walker	gatk-haplotypecaller/src/engine.rs	retain_marginal_p12_cluster_upstream_read	2073	tight	short leaf; no safe absolute-speed win
06_walker	gatk-haplotypecaller/src/engine.rs	retain_marginal_sparse_softclip_likelihoods	2130	tight	reviewed isolation; no safe absolute-speed win without algo/parity change
06_walker	gatk-haplotypecaller/src/engine.rs	retain_marginal_sparse_softclip_read	2084	tight	reviewed isolation; no safe absolute-speed win without algo/parity change
06_walker	gatk-haplotypecaller/src/engine.rs	score_pairhmm_from_records	2347	tight	reviewed isolation; no safe absolute-speed win without algo/parity change
06_walker	gatk-haplotypecaller/src/engine.rs	shutdown	2013	tight	trivial getter/ctor
06_walker	gatk-haplotypecaller/src/engine.rs	strict_java	149	tight	reviewed isolation; no safe absolute-speed win without algo/parity change
06_walker	gatk-haplotypecaller/src/engine.rs	tile_count	386	tight	trivial getter/ctor
06_walker	gatk-haplotypecaller/src/engine.rs	traverse_assembly_regions	420	tight	reviewed isolation; no safe absolute-speed win without algo/parity change
06_walker	gatk-haplotypecaller/src/engine.rs	union_genotyped_calls_into_variation_events	297	tight	reviewed isolation; no safe absolute-speed win without algo/parity change
06_walker	gatk-haplotypecaller/src/engine.rs	walker_apply_stats	413	tight	short leaf; no safe absolute-speed win
06_walker	gatk-haplotypecaller/src/locus_iterator.rs	advance_to	207	tight	reviewed isolation; no safe absolute-speed win without algo/parity change
06_walker	gatk-haplotypecaller/src/locus_iterator.rs	bootstrap_active	236	tight	short leaf; no safe absolute-speed win
06_walker	gatk-haplotypecaller/src/locus_iterator.rs	from_closed_interval	44	tight	reviewed isolation; no safe absolute-speed win without algo/parity change
06_walker	gatk-haplotypecaller/src/locus_iterator.rs	from_genotyping_evidence_records	138	tight	short leaf; no safe absolute-speed win
06_walker	gatk-haplotypecaller/src/locus_iterator.rs	from_records	118	tight	short leaf; no safe absolute-speed win
06_walker	gatk-haplotypecaller/src/locus_iterator.rs	from_records_inner	147	tight	reviewed isolation; no safe absolute-speed win without algo/parity change
06_walker	gatk-haplotypecaller/src/locus_iterator.rs	from_records_qname_deduped	128	tight	reviewed isolation; no safe absolute-speed win without algo/parity change
06_walker	gatk-haplotypecaller/src/locus_iterator.rs	from_spans	36	tight	short leaf; no safe absolute-speed win
06_walker	gatk-haplotypecaller/src/locus_iterator.rs	hq_soft_clip_cached	187	tight	short leaf; no safe absolute-speed win
06_walker	gatk-haplotypecaller/src/locus_iterator.rs	ingest_reads_through	247	tight	reviewed isolation; no safe absolute-speed win without algo/parity change
06_walker	gatk-haplotypecaller/src/locus_iterator.rs	interval_locus_iterator_visits_empty_loci	506	tight	trivial getter/ctor
06_walker	gatk-haplotypecaller/src/locus_iterator.rs	locus_pileup_walker_advances_monotonically	512	tight	reviewed isolation; no safe absolute-speed win without algo/parity change
06_walker	gatk-haplotypecaller/src/locus_iterator.rs	new	462	tight	short leaf; no safe absolute-speed win
06_walker	gatk-haplotypecaller/src/locus_iterator.rs	next	52	tight	reviewed isolation; no safe absolute-speed win without algo/parity change
06_walker	gatk-haplotypecaller/src/locus_iterator.rs	nonempty_stratified_sample_pileups_ordered	311	tight	reviewed isolation; no safe absolute-speed win without algo/parity change
06_walker	gatk-haplotypecaller/src/locus_iterator.rs	pileup_at	358	tight	short leaf; no safe absolute-speed win
06_walker	gatk-haplotypecaller/src/locus_iterator.rs	pileup_at	475	tight	short leaf; no safe absolute-speed win
06_walker	gatk-haplotypecaller/src/locus_iterator.rs	pileup_depth	370	tight	trivial getter/ctor
06_walker	gatk-haplotypecaller/src/locus_iterator.rs	pileup_observation_from_record	375	tight	short leaf; no safe absolute-speed win
06_walker	gatk-haplotypecaller/src/locus_iterator.rs	pileup_observation_from_record_with_hq	385	tight	reviewed isolation; no safe absolute-speed win without algo/parity change
06_walker	gatk-haplotypecaller/src/locus_iterator.rs	pileup_observations	272	tight	reviewed isolation; no safe absolute-speed win without algo/parity change
06_walker	gatk-haplotypecaller/src/locus_iterator.rs	record_overlaps_locus_1based	482	tight	reviewed isolation; no safe absolute-speed win without algo/parity change
06_walker	gatk-haplotypecaller/src/locus_iterator.rs	reference_span0	73	tight	reviewed isolation; no safe absolute-speed win without algo/parity change
06_walker	gatk-haplotypecaller/src/locus_iterator.rs	reset_cursor	201	tight	trivial getter/ctor
06_walker	gatk-haplotypecaller/src/locus_iterator.rs	rg_sm_from_record	429	tight	reviewed isolation; no safe absolute-speed win without algo/parity change
06_walker	gatk-haplotypecaller/src/run.rs	accept_pair_hmm_cli_flag	993	tight	short leaf; no safe absolute-speed win
06_walker	gatk-haplotypecaller/src/run.rs	assembly_region_variant_records	463	tight	parity-sensitive; no safe absolute-speed win without gate risk
06_walker	gatk-haplotypecaller/src/run.rs	hc_scaffold_output_requested	426	tight	short leaf; no safe absolute-speed win
06_walker	gatk-haplotypecaller/src/run.rs	hc_variant_output_enabled	433	tight	short leaf; no safe absolute-speed win
06_walker	gatk-haplotypecaller/src/run.rs	merge_region_emit_batches	950	tight	reviewed isolation; no safe absolute-speed win without algo/parity change
06_walker	gatk-haplotypecaller/src/run.rs	merge_region_emit_batches_is_position_ordered_and_deduped	1021	tight	trivial getter/ctor
06_walker	gatk-haplotypecaller/src/run.rs	mk	1022	tight	reviewed isolation; no safe absolute-speed win without algo/parity change
06_walker	gatk-haplotypecaller/src/run.rs	owned_bam_header	78	tight	reviewed isolation; no safe absolute-speed win without algo/parity change
06_walker	gatk-haplotypecaller/src/run.rs	pair_hmm_impl_from_config	411	tight	short leaf; no safe absolute-speed win
06_walker	gatk-haplotypecaller/src/run.rs	process_one_region_gvcf	864	tight	parity-sensitive; no safe absolute-speed win without gate risk
06_walker	gatk-haplotypecaller/src/run.rs	process_one_region_vcf	745	tight	reviewed isolation; no safe absolute-speed win without algo/parity change
06_walker	gatk-haplotypecaller/src/run.rs	push_deduped_vcf	969	tight	reviewed isolation; no safe absolute-speed win without algo/parity change
06_walker	gatk-haplotypecaller/src/run.rs	reject_legacy_provisional_output	447	tight	short leaf; no safe absolute-speed win
06_walker	gatk-haplotypecaller/src/run.rs	reject_non_default_max_alternate_alleles	1012	tight	short leaf; no safe absolute-speed win
06_walker	gatk-haplotypecaller/src/run.rs	reject_unknown_pair_hmm_cli_flag	1003	tight	short leaf; no safe absolute-speed win
06_walker	gatk-haplotypecaller/src/run.rs	reject_unsupported_haplotype_caller_cli	380	tight	reviewed isolation; no safe absolute-speed win without algo/parity change
06_walker	gatk-haplotypecaller/src/run.rs	release_region_tls_scratch	61	tight	short leaf; no safe absolute-speed win
06_walker	gatk-haplotypecaller/src/run.rs	release_region_tls_scratch_all_threads	70	tight	short leaf; no safe absolute-speed win
06_walker	gatk-haplotypecaller/src/run.rs	run_haplotype_caller	135	tight	reviewed isolation; no safe absolute-speed win without algo/parity change
06_walker	gatk-haplotypecaller/src/run.rs	sample_name_from_bam_inputs	349	tight	reviewed isolation; no safe absolute-speed win without algo/parity change
06_walker	gatk-haplotypecaller/src/run.rs	strip_region_payloads	941	tight	short leaf; no safe absolute-speed win
06_walker	gatk-haplotypecaller/src/run.rs	tls_bam_header	89	tight	reviewed isolation; no safe absolute-speed win without algo/parity change
06_walker	gatk-haplotypecaller/src/run.rs	validate_haplotype_caller_input_policy	365	tight	reviewed isolation; no safe absolute-speed win without algo/parity change
06_walker	gatk-haplotypecaller/src/run.rs	with_tls_ref_cache	105	tight	reviewed isolation; no safe absolute-speed win without algo/parity change
06_walker	gatk-haplotypecaller/src/walker.rs	default_padding_constant_matches_gatk4	178	tight	trivial getter/ctor
06_walker	gatk-haplotypecaller/src/walker.rs	fixture_disjoint_same_contig	134	tight	reviewed isolation; no safe absolute-speed win without algo/parity change
06_walker	gatk-haplotypecaller/src/walker.rs	fixture_merge_same_contig_then_pad	111	tight	reviewed isolation; no safe absolute-speed win without algo/parity change
06_walker	gatk-haplotypecaller/src/walker.rs	fixture_two_contigs_two_shards	155	tight	reviewed isolation; no safe absolute-speed win without algo/parity change
06_walker	gatk-haplotypecaller/src/walker.rs	make_read_shards	53	tight	reviewed isolation; no safe absolute-speed win without algo/parity change
06_walker	gatk-haplotypecaller/src/walker.rs	make_read_shards_default_padding	90	tight	short leaf; no safe absolute-speed win
06_walker	gatk-haplotypecaller/src/walker.rs	merge_closed_intervals	26	tight	reviewed isolation; no safe absolute-speed win without algo/parity change
06_walker	gatk-haplotypecaller/src/walker.rs	pad_interval	45	tight	short leaf; no safe absolute-speed win
06_walker	gatk-haplotypecaller/src/walker.rs	tiny_dict_two_contigs	102	tight	short leaf; no safe absolute-speed win
06_walker	gatk-haplotypecaller/src/walker_apply.rs	call_disposition	30	tight	reviewed isolation; no safe absolute-speed win without algo/parity change
06_walker	gatk-haplotypecaller/src/walker_apply.rs	disposition_matches_is_active	122	tight	short leaf; no safe absolute-speed win
06_walker	gatk-haplotypecaller/src/walker_apply.rs	from_regions	81	tight	reviewed isolation; no safe absolute-speed win without algo/parity change
06_walker	gatk-haplotypecaller/src/walker_apply.rs	region	104	tight	short leaf; no safe absolute-speed win
06_walker	gatk-haplotypecaller/src/walker_apply.rs	select_region_for_asm_dump	40	n/a	test/dump helper
06_walker	gatk-haplotypecaller/src/walker_apply.rs	stats_sum_invariant	134	tight	short leaf; no safe absolute-speed win
06_walker	gatk-haplotypecaller/src/walker_traversal.rs	collect_assembly_regions	259	tight	reviewed isolation; no safe absolute-speed win without algo/parity change
06_walker	gatk-haplotypecaller/src/walker_traversal.rs	drain_assembly_regions_for_shard	107	tight	reviewed isolation; no safe absolute-speed win without algo/parity change
06_walker	gatk-haplotypecaller/src/walker_traversal.rs	flatten_assembly_regions	188	tight	reviewed isolation; no safe absolute-speed win without algo/parity change
06_walker	gatk-haplotypecaller/src/walker_traversal.rs	for_each_assembly_region	209	tight	reviewed isolation; no safe absolute-speed win without algo/parity change
06_walker	gatk-haplotypecaller/src/walker_traversal.rs	gatk_haplotype_caller_defaults	45	tight	short leaf; no safe absolute-speed win
06_walker	gatk-haplotypecaller/src/walker_traversal.rs	gatk_haplotype_caller_production	60	tight	reviewed isolation; no safe absolute-speed win without algo/parity change
06_walker	gatk-haplotypecaller/src/walker_traversal.rs	into_assembly_regions	196	tight	reviewed isolation; no safe absolute-speed win without algo/parity change
06_walker	gatk-haplotypecaller/src/walker_traversal.rs	traversal_matches_direct_drain_on_chr1_fixture	284	tight	reviewed isolation; no safe absolute-speed win without algo/parity change
06_walker	gatk-haplotypecaller/src/walker_traversal.rs	traverse_assembly_region_walker	143	tight	reviewed isolation; no safe absolute-speed win without algo/parity change
07_emit	gatk-haplotypecaller/src/annotator/plugins/as_standard.rs	as_af	4	tight	short leaf; no safe absolute-speed win
07_emit	gatk-haplotypecaller/src/annotator/plugins/as_standard.rs	as_qual	13	tight	trivial getter/ctor
07_emit	gatk-haplotypecaller/src/annotator/plugins/depth_per_sample_hc.rs	depth_per_sample_hc	4	tight	trivial getter/ctor
07_emit	gatk-haplotypecaller/src/annotator/plugins/depth_per_sample_hc.rs	format_dp_from_ad	9	tight	trivial getter/ctor
07_emit	gatk-haplotypecaller/src/annotator/plugins/excess_het.rs	all_hom_ref_zero_phred	113	tight	trivial getter/ctor
07_emit	gatk-haplotypecaller/src/annotator/plugins/excess_het.rs	balanced_ref_het_hom_matches_java	103	tight	short leaf; no safe absolute-speed win
07_emit	gatk-haplotypecaller/src/annotator/plugins/excess_het.rs	exact_test	8	tight	reviewed isolation; no safe absolute-speed win without algo/parity change
07_emit	gatk-haplotypecaller/src/annotator/plugins/excess_het.rs	excess_heterozygosity_phred	80	tight	reviewed isolation; no safe absolute-speed win without algo/parity change
07_emit	gatk-haplotypecaller/src/annotator/plugins/fisher_strand.rs	fisher_exact_two_sided_p_value	53	tight	reviewed isolation; no safe absolute-speed win without algo/parity change
07_emit	gatk-haplotypecaller/src/annotator/plugins/fisher_strand.rs	fisher_strand_statistic	15	tight	short leaf; no safe absolute-speed win
07_emit	gatk-haplotypecaller/src/annotator/plugins/fisher_strand.rs	gatk_unit_test_vectors	111	tight	reviewed isolation; no safe absolute-speed win without algo/parity change
07_emit	gatk-haplotypecaller/src/annotator/plugins/fisher_strand.rs	normalize_contingency_table	30	tight	reviewed isolation; no safe absolute-speed win without algo/parity change
07_emit	gatk-haplotypecaller/src/annotator/plugins/fisher_strand.rs	p_value_for_contingency_table	25	tight	trivial getter/ctor
07_emit	gatk-haplotypecaller/src/annotator/plugins/fisher_strand.rs	parity_fixture_strand_bias	138	tight	short leaf; no safe absolute-speed win
07_emit	gatk-haplotypecaller/src/annotator/plugins/fisher_strand.rs	phred_scale_error_rate	91	tight	trivial getter/ctor
07_emit	gatk-haplotypecaller/src/annotator/plugins/fisher_strand.rs	phred_scale_log10_error_rate	97	tight	short leaf; no safe absolute-speed win
07_emit	gatk-haplotypecaller/src/annotator/plugins/fisher_strand.rs	table	106	tight	trivial getter/ctor
07_emit	gatk-haplotypecaller/src/annotator/plugins/mapping_quality_rank_sum.rs	mapping_quality_rank_sum	6	tight	reviewed isolation; no safe absolute-speed win without algo/parity change
07_emit	gatk-haplotypecaller/src/annotator/plugins/qual_by_depth.rs	fix_too_high_qd	17	tight	short leaf; no safe absolute-speed win
07_emit	gatk-haplotypecaller/src/annotator/plugins/qual_by_depth.rs	qual_by_depth	9	tight	reviewed isolation; no safe absolute-speed win without algo/parity change
07_emit	gatk-haplotypecaller/src/annotator/plugins/rank_sum_baseq.rs	base_quality_rank_sum	6	tight	reviewed isolation; no safe absolute-speed win without algo/parity change
07_emit	gatk-haplotypecaller/src/annotator/plugins/read_pos_rank_sum.rs	rank_sum_z	10	tight	short leaf; no safe absolute-speed win
07_emit	gatk-haplotypecaller/src/annotator/plugins/read_pos_rank_sum.rs	read_pos_rank_sum	6	tight	trivial getter/ctor
07_emit	gatk-haplotypecaller/src/annotator/plugins/strand_odds_ratio.rs	calculate_sor	11	tight	short leaf; no safe absolute-speed win
07_emit	gatk-haplotypecaller/src/annotator/plugins/strand_odds_ratio.rs	strand_odds_ratio	6	tight	trivial getter/ctor
07_emit	gatk-haplotypecaller/src/ref_confidence.rs	active_call_none_desert_island_is_zero_evidence	1297	tight	reviewed isolation; no safe absolute-speed win without algo/parity change
07_emit	gatk-haplotypecaller/src/ref_confidence.rs	activity_profile_zero_includes_desert_and_mega_blocks	1612	tight	short leaf; no safe absolute-speed win
07_emit	gatk-haplotypecaller/src/ref_confidence.rs	apply_java_activity_profile_zero_loci	329	tight	reviewed isolation; no safe absolute-speed win without algo/parity change
07_emit	gatk-haplotypecaller/src/ref_confidence.rs	apply_java_activity_profile_zero_loci_clears_desert_and_mega_blocks	1621	tight	reviewed isolation; no safe absolute-speed win without algo/parity change
07_emit	gatk-haplotypecaller/src/ref_confidence.rs	apply_java_gap_span_shaping	399	tight	reviewed isolation; no safe absolute-speed win without algo/parity change
07_emit	gatk-haplotypecaller/src/ref_confidence.rs	apply_java_hom_ref_mega_zero_loci	339	tight	trivial getter/ctor
07_emit	gatk-haplotypecaller/src/ref_confidence.rs	apply_java_rcm_band_gradation	344	tight	reviewed isolation; no safe absolute-speed win without algo/parity change
07_emit	gatk-haplotypecaller/src/ref_confidence.rs	calc_genotype_likelihoods_of_ref_vs_any	112	tight	short leaf; no safe absolute-speed win
07_emit	gatk-haplotypecaller/src/ref_confidence.rs	cap_cluster_upstream_interstitial_pileup	458	tight	short leaf; no safe absolute-speed win
07_emit	gatk-haplotypecaller/src/ref_confidence.rs	cap_hom_ref_pileup	448	tight	short leaf; no safe absolute-speed win
07_emit	gatk-haplotypecaller/src/ref_confidence.rs	capped_genotype_likelihoods_by_hom_ref	125	tight	short leaf; no safe absolute-speed win
07_emit	gatk-haplotypecaller/src/ref_confidence.rs	cluster_band_hom_ref_pileup	569	tight	reviewed isolation; no safe absolute-speed win without algo/parity change
07_emit	gatk-haplotypecaller/src/ref_confidence.rs	cluster_interior_tail_prefers_region_reads_when_gt_misaligned	1160	tight	reviewed isolation; no safe absolute-speed win without algo/parity change
07_emit	gatk-haplotypecaller/src/ref_confidence.rs	cluster_shadow_gap_detects_short_inter_variant_span	1422	tight	short leaf; no safe absolute-speed win
07_emit	gatk-haplotypecaller/src/ref_confidence.rs	dense_cluster_downstream_hom_ref_pileup	542	tight	short leaf; no safe absolute-speed win
07_emit	gatk-haplotypecaller/src/ref_confidence.rs	dense_cluster_downstream_sparse_pileup	552	tight	reviewed isolation; no safe absolute-speed win without algo/parity change
07_emit	gatk-haplotypecaller/src/ref_confidence.rs	dense_cluster_hom_ref_pileup_j16b	493	tight	reviewed isolation; no safe absolute-speed win without algo/parity change
07_emit	gatk-haplotypecaller/src/ref_confidence.rs	dense_cluster_mid_b_caps_depth_when_genotyping_sufficient	1520	tight	reviewed isolation; no safe absolute-speed win without algo/parity change
07_emit	gatk-haplotypecaller/src/ref_confidence.rs	dense_cluster_mid_b_falls_back_when_genotyping_undercounts	1445	tight	reviewed isolation; no safe absolute-speed win without algo/parity change
07_emit	gatk-haplotypecaller/src/ref_confidence.rs	dense_cluster_mid_b_hom_ref_pileup	532	tight	short leaf; no safe absolute-speed win
07_emit	gatk-haplotypecaller/src/ref_confidence.rs	dense_cluster_mid_b_uses_region_when_dedup_also_singleton	1482	tight	reviewed isolation; no safe absolute-speed win without algo/parity change
07_emit	gatk-haplotypecaller/src/ref_confidence.rs	downstream_first_sparse_shadow_gap_detects_leading_inter_variant_band	1595	tight	short leaf; no safe absolute-speed win
07_emit	gatk-haplotypecaller/src/ref_confidence.rs	downstream_sparse_caps_multi_read_hom_ref_to_one	1559	tight	reviewed isolation; no safe absolute-speed win without algo/parity change
07_emit	gatk-haplotypecaller/src/ref_confidence.rs	enrich_cluster_post_upstream_tail_pileup	466	tight	reviewed isolation; no safe absolute-speed win without algo/parity change
07_emit	gatk-haplotypecaller/src/ref_confidence.rs	hom_ref_cluster_shadow_gap	202	tight	short leaf; no safe absolute-speed win
07_emit	gatk-haplotypecaller/src/ref_confidence.rs	inactive_loci_same_gq_band_merge_to_single_gvcf_block	1668	tight	reviewed isolation; no safe absolute-speed win without algo/parity change
07_emit	gatk-haplotypecaller/src/ref_confidence.rs	is_downstream_first_sparse_shadow_gap	309	tight	reviewed isolation; no safe absolute-speed win without algo/parity change
07_emit	gatk-haplotypecaller/src/ref_confidence.rs	java_hom_ref_mega_zero_splits_post_desert_and_08_09k	1603	tight	short leaf; no safe absolute-speed win
07_emit	gatk-haplotypecaller/src/ref_confidence.rs	l5_java_extra_variant_site_omits_hom_ref_gradation	1707	tight	short leaf; no safe absolute-speed win
07_emit	gatk-haplotypecaller/src/ref_confidence.rs	l5_post_core_tail_gradation_matches_java_oracle	1714	tight	short leaf; no safe absolute-speed win
07_emit	gatk-haplotypecaller/src/ref_confidence.rs	l5_pre_upstream_shadow_gradation_min_dp_four	1691	tight	short leaf; no safe absolute-speed win
07_emit	gatk-haplotypecaller/src/ref_confidence.rs	min_base_quality_includes_qual_equal_to_threshold	1647	tight	reviewed isolation; no safe absolute-speed win without algo/parity change
07_emit	gatk-haplotypecaller/src/ref_confidence.rs	no_emitted_variant_active_region_yields_zero_evidence_hom_ref	1260	tight	reviewed isolation; no safe absolute-speed win without algo/parity change
07_emit	gatk-haplotypecaller/src/ref_confidence.rs	no_emitted_variant_empty_genotyping_reads_yields_zero_evidence_hom_ref	1346	tight	reviewed isolation; no safe absolute-speed win without algo/parity change
07_emit	gatk-haplotypecaller/src/ref_confidence.rs	no_variation_gvcf_summary_counts_blocks	1438	tight	short leaf; no safe absolute-speed win
07_emit	gatk-haplotypecaller/src/ref_confidence.rs	nonempty_or	238	tight	short leaf; no safe absolute-speed win
07_emit	gatk-haplotypecaller/src/ref_confidence.rs	owned_or	248	tight	reviewed isolation; no safe absolute-speed win without algo/parity change
07_emit	gatk-haplotypecaller/src/ref_confidence.rs	pileup_hom_ref	283	tight	trivial getter/ctor
07_emit	gatk-haplotypecaller/src/ref_confidence.rs	post_shadow_genotyping_pileup	288	tight	reviewed isolation; no safe absolute-speed win without algo/parity change
07_emit	gatk-haplotypecaller/src/ref_confidence.rs	prefer_region_reads_when_gt_misaligned	218	tight	short leaf; no safe absolute-speed win
07_emit	gatk-haplotypecaller/src/ref_confidence.rs	reads_overlap_closed_span	183	tight	short leaf; no safe absolute-speed win
07_emit	gatk-haplotypecaller/src/ref_confidence.rs	reconcile_interstitial_prefers_dedup_region_hom_ref_pileup	1385	tight	reviewed isolation; no safe absolute-speed win without algo/parity change
07_emit	gatk-haplotypecaller/src/ref_confidence.rs	reference_confidence_loci_for_active_call_none	1032	tight	reviewed isolation; no safe absolute-speed win without algo/parity change
07_emit	gatk-haplotypecaller/src/ref_confidence.rs	reference_confidence_loci_for_active_region	645	tight	parity-sensitive; no safe absolute-speed win without gate risk
07_emit	gatk-haplotypecaller/src/ref_confidence.rs	reference_confidence_loci_for_bam_gap_span	415	tight	reviewed isolation; no safe absolute-speed win without algo/parity change
07_emit	gatk-haplotypecaller/src/ref_confidence.rs	reference_confidence_loci_for_region	1088	tight	reviewed isolation; no safe absolute-speed win without algo/parity change
07_emit	gatk-haplotypecaller/src/ref_confidence.rs	reference_confidence_loci_for_span_reads	1007	tight	reviewed isolation; no safe absolute-speed win without algo/parity change
07_emit	gatk-haplotypecaller/src/ref_confidence.rs	reference_confidence_locus_from_pileup	162	tight	reviewed isolation; no safe absolute-speed win without algo/parity change
07_emit	gatk-haplotypecaller/src/ref_confidence.rs	reference_gq_from_hom_ref_dominant_gl	1432	tight	trivial getter/ctor
07_emit	gatk-haplotypecaller/src/ref_confidence.rs	reference_gq_from_log10_gl	138	tight	reviewed isolation; no safe absolute-speed win without algo/parity change
07_emit	gatk-haplotypecaller/src/ref_confidence.rs	reference_model_for_no_variation_region	1125	tight	reviewed isolation; no safe absolute-speed win without algo/parity change
07_emit	gatk-haplotypecaller/src/ref_confidence.rs	test_bam_header	1255	n/a	test/dump helper
07_emit	gatk-haplotypecaller/src/ref_confidence.rs	test_dict_chr2	1249	n/a	test/dump helper
07_emit	gatk-haplotypecaller/src/ref_confidence.rs	use_region_reads_for_cluster_interior_tail	630	tight	short leaf; no safe absolute-speed win
07_emit	gatk-haplotypecaller/src/ref_confidence.rs	zero_evidence_active_no_variation_region_is_hom_ref_gq0	1325	tight	reviewed isolation; no safe absolute-speed win without algo/parity change
07_emit	gatk-haplotypecaller/src/ref_confidence.rs	zero_evidence_reference_confidence_loci_for_region	1075	tight	reviewed isolation; no safe absolute-speed win without algo/parity change
07_emit	gatk-haplotypecaller/src/reference_vcf_emit.rs	active_region_gvcf_reference_records	233	tight	reviewed isolation; no safe absolute-speed win without algo/parity change
07_emit	gatk-haplotypecaller/src/reference_vcf_emit.rs	active_region_reference_confidence_loci	1048	tight	reviewed isolation; no safe absolute-speed win without algo/parity change
07_emit	gatk-haplotypecaller/src/reference_vcf_emit.rs	add_variant_position	343	tight	short leaf; no safe absolute-speed win
07_emit	gatk-haplotypecaller/src/reference_vcf_emit.rs	cluster_rcm_band_fragmented_in_span	571	tight	reviewed isolation; no safe absolute-speed win without algo/parity change
07_emit	gatk-haplotypecaller/src/reference_vcf_emit.rs	cluster_rcm_band_fragmented_in_span_detects_mid_b_layout	1093	tight	trivial getter/ctor
07_emit	gatk-haplotypecaller/src/reference_vcf_emit.rs	cluster_rcm_fragmented_downstream_start	598	tight	parity-sensitive; no safe absolute-speed win without gate risk
07_emit	gatk-haplotypecaller/src/reference_vcf_emit.rs	cluster_rcm_fragmented_downstream_start_from_second_active_region	1170	tight	trivial getter/ctor
07_emit	gatk-haplotypecaller/src/reference_vcf_emit.rs	coalesce_merges_zero_gq_fringe_into_leading_hom_ref_span	1197	tight	reviewed isolation; no safe absolute-speed win without algo/parity change
07_emit	gatk-haplotypecaller/src/reference_vcf_emit.rs	emit_mode_from_output_mode	56	tight	short leaf; no safe absolute-speed win
07_emit	gatk-haplotypecaller/src/reference_vcf_emit.rs	emit_mode_parsing_matches_gatk_output_modes	1265	tight	short leaf; no safe absolute-speed win
07_emit	gatk-haplotypecaller/src/reference_vcf_emit.rs	emitted_variant_starts_in_region	185	tight	reviewed isolation; no safe absolute-speed win without algo/parity change
07_emit	gatk-haplotypecaller/src/reference_vcf_emit.rs	fill_interval_gaps_from_pileup	422	tight	reviewed isolation; no safe absolute-speed win without algo/parity change
07_emit	gatk-haplotypecaller/src/reference_vcf_emit.rs	first_emitted_variant_start_in_region	203	tight	reviewed isolation; no safe absolute-speed win without algo/parity change
07_emit	gatk-haplotypecaller/src/reference_vcf_emit.rs	force_gq_zero_locus	410	tight	trivial getter/ctor
07_emit	gatk-haplotypecaller/src/reference_vcf_emit.rs	gvcf_block_fields_to_vcf_record	127	tight	reviewed isolation; no safe absolute-speed win without algo/parity change
07_emit	gatk-haplotypecaller/src/reference_vcf_emit.rs	gvcf_collector_merges_contiguous_region_loci_into_one_block	1223	tight	reviewed isolation; no safe absolute-speed win without algo/parity change
07_emit	gatk-haplotypecaller/src/reference_vcf_emit.rs	inactive_reference_model_to_vcf_records	65	tight	reviewed isolation; no safe absolute-speed win without algo/parity change
07_emit	gatk-haplotypecaller/src/reference_vcf_emit.rs	ingest_loci	354	tight	reviewed isolation; no safe absolute-speed win without algo/parity change
07_emit	gatk-haplotypecaller/src/reference_vcf_emit.rs	into_block_records	508	tight	reviewed isolation; no safe absolute-speed win without algo/parity change
07_emit	gatk-haplotypecaller/src/reference_vcf_emit.rs	merge_contiguous_positions	537	tight	reviewed isolation; no safe absolute-speed win without algo/parity change
07_emit	gatk-haplotypecaller/src/reference_vcf_emit.rs	mk	1096	tight	reviewed isolation; no safe absolute-speed win without algo/parity change
07_emit	gatk-haplotypecaller/src/reference_vcf_emit.rs	mk	1130	tight	reviewed isolation; no safe absolute-speed win without algo/parity change
07_emit	gatk-haplotypecaller/src/reference_vcf_emit.rs	mk	1173	tight	reviewed isolation; no safe absolute-speed win without algo/parity change
07_emit	gatk-haplotypecaller/src/reference_vcf_emit.rs	new	339	tight	trivial getter/ctor
07_emit	gatk-haplotypecaller/src/reference_vcf_emit.rs	p12_cluster_band_fragmented_when_activity_splits_mid_cluster	1127	tight	trivial getter/ctor
07_emit	gatk-haplotypecaller/src/reference_vcf_emit.rs	p12_cluster_rcm_band_fragmented	561	tight	short leaf; no safe absolute-speed win
07_emit	gatk-haplotypecaller/src/reference_vcf_emit.rs	p12_cluster_rcm_reconcile_bands	642	tight	reviewed isolation; no safe absolute-speed win without algo/parity change
07_emit	gatk-haplotypecaller/src/reference_vcf_emit.rs	p12_cluster_rcm_reconcile_bands_cover_fragmented_layout	1156	tight	short leaf; no safe absolute-speed win
07_emit	gatk-haplotypecaller/src/reference_vcf_emit.rs	rcm_emitted_variant_starts_in_region	213	tight	reviewed isolation; no safe absolute-speed win without algo/parity change
07_emit	gatk-haplotypecaller/src/reference_vcf_emit.rs	reconcile_cluster_rcm_fragmented_span	817	tight	reviewed isolation; no safe absolute-speed win without algo/parity change
07_emit	gatk-haplotypecaller/src/reference_vcf_emit.rs	reconcile_cluster_rcm_from_region	869	tight	reviewed isolation; no safe absolute-speed win without algo/parity change
07_emit	gatk-haplotypecaller/src/reference_vcf_emit.rs	reconcile_cluster_rcm_span_band	740	tight	reviewed isolation; no safe absolute-speed win without algo/parity change
07_emit	gatk-haplotypecaller/src/reference_vcf_emit.rs	reconcile_fragmented_dense_cluster_bands	918	tight	reviewed isolation; no safe absolute-speed win without algo/parity change
07_emit	gatk-haplotypecaller/src/reference_vcf_emit.rs	reconcile_p12_cluster_rcm_band	705	tight	reviewed isolation; no safe absolute-speed win without algo/parity change
07_emit	gatk-haplotypecaller/src/reference_vcf_emit.rs	reconcile_p12_cluster_rcm_band_segment	979	tight	parity-sensitive; no safe absolute-speed win without gate risk
07_emit	gatk-haplotypecaller/src/reference_vcf_emit.rs	reference_base_char	116	tight	short leaf; no safe absolute-speed win
07_emit	gatk-haplotypecaller/src/reference_vcf_emit.rs	reference_confidence_locus_to_vcf_record	288	tight	reviewed isolation; no safe absolute-speed win without algo/parity change
07_emit	gatk-haplotypecaller/src/reference_vcf_emit.rs	remove_cluster_core_excluded_hom_ref	502	tight	trivial getter/ctor
07_emit	gatk-haplotypecaller/src/reference_vcf_emit.rs	remove_hom_ref_locus	415	tight	short leaf; no safe absolute-speed win
07_emit	gatk-haplotypecaller/src/reference_vcf_emit.rs	replace_loci_in_band	368	tight	reviewed isolation; no safe absolute-speed win without algo/parity change
07_emit	gatk-haplotypecaller/src/reference_vcf_emit.rs	set_locus_gq_dp	391	tight	short leaf; no safe absolute-speed win
07_emit	gatk-haplotypecaller/src/region_vcf_emit.rs	allele_at_haplotype_position	898	tight	reviewed isolation; no safe absolute-speed win without algo/parity change
07_emit	gatk-haplotypecaller/src/region_vcf_emit.rs	build_biallelic_variant_record	262	tight	reviewed isolation; no safe absolute-speed win without algo/parity change
07_emit	gatk-haplotypecaller/src/region_vcf_emit.rs	build_record_inner	324	tight	reviewed isolation; no safe absolute-speed win without algo/parity change
07_emit	gatk-haplotypecaller/src/region_vcf_emit.rs	first_diff_position	916	tight	trivial getter/ctor
07_emit	gatk-haplotypecaller/src/region_vcf_emit.rs	first_differing_position_1based	233	tight	reviewed isolation; no safe absolute-speed win without algo/parity change
07_emit	gatk-haplotypecaller/src/region_vcf_emit.rs	fmt	114	tight	reviewed isolation; no safe absolute-speed win without algo/parity change
07_emit	gatk-haplotypecaller/src/region_vcf_emit.rs	genotype_from_index	249	tight	short leaf; no safe absolute-speed win
07_emit	gatk-haplotypecaller/src/region_vcf_emit.rs	hc_info_values	367	tight	short leaf; no safe absolute-speed win
07_emit	gatk-haplotypecaller/src/region_vcf_emit.rs	hc_vcf_header_schema_declares_emitted_info_and_format	922	tight	reviewed isolation; no safe absolute-speed win without algo/parity change
07_emit	gatk-haplotypecaller/src/region_vcf_emit.rs	info	104	tight	short leaf; no safe absolute-speed win
07_emit	gatk-haplotypecaller/src/region_vcf_emit.rs	populate_hc_vcf_header_schema	103	tight	trivial getter/ctor
07_emit	gatk-haplotypecaller/src/region_vcf_emit.rs	strict_java_non_p12_region_supports_emit	44	tight	reviewed isolation; no safe absolute-speed win without algo/parity change
07_emit	gatk-haplotypecaller/src/region_vcf_emit.rs	try_emit_call_region_variant	768	tight	short leaf; no safe absolute-speed win
07_emit	gatk-haplotypecaller/src/region_vcf_emit.rs	try_emit_call_region_variant_with_config	784	tight	reviewed isolation; no safe absolute-speed win without algo/parity change
07_emit	gatk-haplotypecaller/src/region_vcf_emit.rs	try_emit_call_region_variants	386	tight	short leaf; no safe absolute-speed win
07_emit	gatk-haplotypecaller/src/region_vcf_emit.rs	try_emit_call_region_variants_with_config	402	tight	parity-sensitive; no safe absolute-speed win without gate risk
07_emit	gatk-haplotypecaller/src/variant_site_hc_annotations.rs	annotate_hc_variant_site	82	tight	reviewed isolation; no safe absolute-speed win without algo/parity change
07_emit	gatk-haplotypecaller/src/variant_site_hc_annotations.rs	genotype_counts_from_index	176	tight	short leaf; no safe absolute-speed win
07_emit	gatk-haplotypecaller/src/variant_site_hc_annotations.rs	genotype_from_index	228	tight	short leaf; no safe absolute-speed win
07_emit	gatk-haplotypecaller/src/variant_site_hc_annotations.rs	is_het_or_hom_var	78	tight	trivial getter/ctor
07_emit	gatk-haplotypecaller/src/variant_site_hc_annotations.rs	mle_alleles_from_genotype_index	167	tight	short leaf; no safe absolute-speed win
07_emit	gatk-haplotypecaller/src/variant_site_hc_annotations.rs	p11_pl_yields_java_af_qual	245	tight	reviewed isolation; no safe absolute-speed win without algo/parity change
07_emit	gatk-haplotypecaller/src/variant_site_hc_annotations.rs	qd_depth_for_variant	60	tight	short leaf; no safe absolute-speed win
07_emit	gatk-haplotypecaller/src/variant_site_hc_annotations.rs	qual_from_af_calculation	49	tight	reviewed isolation; no safe absolute-speed win without algo/parity change
07_emit	gatk-haplotypecaller/src/variant_site_hc_annotations.rs	read_offset_evidence_at_site	138	tight	reviewed isolation; no safe absolute-speed win without algo/parity change
07_emit	gatk-haplotypecaller/src/variant_site_hc_annotations.rs	read_strand_evidence_at_site	184	tight	reviewed isolation; no safe absolute-speed win without algo/parity change
08_core_cli	gatk-cli/src/main.rs	init_haplotype_caller_threads	365	tight	short leaf; no safe absolute-speed win
08_core_cli	gatk-cli/src/main.rs	init_logging	931	tight	short leaf; no safe absolute-speed win
08_core_cli	gatk-cli/src/main.rs	join_interval_cli_args	353	tight	short leaf; no safe absolute-speed win
08_core_cli	gatk-cli/src/main.rs	main	380	tight	reviewed isolation; no safe absolute-speed win without algo/parity change
08_core_cli	gatk-cli/src/main.rs	parse_single_region	956	tight	reviewed isolation; no safe absolute-speed win without algo/parity change
08_core_cli	gatk-cli/src/main.rs	query_bases_consumed_by_cigar	985	tight	reviewed isolation; no safe absolute-speed win without algo/parity change
08_core_cli	gatk-cli/src/main.rs	sam_header_to_text	940	tight	reviewed isolation; no safe absolute-speed win without algo/parity change
08_core_cli	gatk-common/src/config.rs	add_input_file	654	tight	trivial getter/ctor
08_core_cli	gatk-common/src/config.rs	assembly_region_config_deserializes_legacy_active_region_threshold_key	721	tight	short leaf; no safe absolute-speed win
08_core_cli	gatk-common/src/config.rs	assembly_region_config_serde_roundtrip_preserves_gatk_defaults	740	tight	short leaf; no safe absolute-speed win
08_core_cli	gatk-common/src/config.rs	default	284	tight	reviewed isolation; no safe absolute-speed win without algo/parity change
08_core_cli	gatk-common/src/config.rs	default	387	tight	reviewed isolation; no safe absolute-speed win without algo/parity change
08_core_cli	gatk-common/src/config.rs	default	404	tight	short leaf; no safe absolute-speed win
08_core_cli	gatk-common/src/config.rs	from_str	278	tight	trivial getter/ctor
08_core_cli	gatk-common/src/config.rs	get_haplotypecaller_config	566	tight	reviewed isolation; no safe absolute-speed win without algo/parity change
08_core_cli	gatk-common/src/config.rs	get_parameter	649	tight	trivial getter/ctor
08_core_cli	gatk-common/src/config.rs	memory_gb	63	tight	reviewed isolation; no safe absolute-speed win without algo/parity change
08_core_cli	gatk-common/src/config.rs	new	420	tight	reviewed isolation; no safe absolute-speed win without algo/parity change
08_core_cli	gatk-common/src/config.rs	parse	238	tight	reviewed isolation; no safe absolute-speed win without algo/parity change
08_core_cli	gatk-common/src/config.rs	parse	38	tight	reviewed isolation; no safe absolute-speed win without algo/parity change
08_core_cli	gatk-common/src/config.rs	parse	98	tight	reviewed isolation; no safe absolute-speed win without algo/parity change
08_core_cli	gatk-common/src/config.rs	serde_default_activity_profile_max_filter_size	378	tight	trivial getter/ctor
08_core_cli	gatk-common/src/config.rs	serde_default_activity_profile_sigma	382	tight	trivial getter/ctor
08_core_cli	gatk-common/src/config.rs	serde_default_max_prob_propagation_distance	374	tight	trivial getter/ctor
08_core_cli	gatk-common/src/config.rs	set_output_mode	669	tight	short leaf; no safe absolute-speed win
08_core_cli	gatk-common/src/config.rs	set_output_vcf	664	tight	trivial getter/ctor
08_core_cli	gatk-common/src/config.rs	set_parameter	644	tight	trivial getter/ctor
08_core_cli	gatk-common/src/config.rs	set_reference	659	tight	trivial getter/ctor
08_core_cli	gatk-common/src/config.rs	test_config_creation	679	n/a	test/dump helper
08_core_cli	gatk-common/src/config.rs	test_config_validation	686	n/a	test/dump helper
08_core_cli	gatk-common/src/config.rs	test_haplotypecaller_config	710	n/a	test/dump helper
08_core_cli	gatk-common/src/config.rs	test_verbosity_levels	702	n/a	test/dump helper
08_core_cli	gatk-common/src/config.rs	to_str	253	tight	short leaf; no safe absolute-speed win
08_core_cli	gatk-common/src/config.rs	to_tracing_level	264	tight	reviewed isolation; no safe absolute-speed win without algo/parity change
08_core_cli	gatk-common/src/config.rs	validate	482	tight	reviewed isolation; no safe absolute-speed win without algo/parity change
08_core_cli	gatk-common/src/config.rs	with_all_options	463	tight	short leaf; no safe absolute-speed win
08_core_cli	gatk-common/src/config.rs	with_java_options	447	tight	short leaf; no safe absolute-speed win
08_core_cli	gatk-common/src/config.rs	with_spark_options	455	tight	short leaf; no safe absolute-speed win
08_core_cli	gatk-common/src/error.rs	add_context	88	tight	reviewed isolation; no safe absolute-speed win without algo/parity change
08_core_cli	gatk-common/src/error.rs	algorithm	212	tight	trivial getter/ctor
08_core_cli	gatk-common/src/error.rs	algorithm_msg	162	tight	reviewed isolation; no safe absolute-speed win without algo/parity change
08_core_cli	gatk-common/src/error.rs	algorithm_with_context	217	tight	trivial getter/ctor
08_core_cli	gatk-common/src/error.rs	alignment	322	tight	trivial getter/ctor
08_core_cli	gatk-common/src/error.rs	alignment_with_context	327	tight	trivial getter/ctor
08_core_cli	gatk-common/src/error.rs	argument	242	tight	trivial getter/ctor
08_core_cli	gatk-common/src/error.rs	argument_with_context	247	tight	trivial getter/ctor
08_core_cli	gatk-common/src/error.rs	assembly	312	tight	trivial getter/ctor
08_core_cli	gatk-common/src/error.rs	assembly_with_context	317	tight	trivial getter/ctor
08_core_cli	gatk-common/src/error.rs	boxed_ctx	111	tight	reviewed isolation; no safe absolute-speed win without algo/parity change
08_core_cli	gatk-common/src/error.rs	classification	416	tight	reviewed isolation; no safe absolute-speed win without algo/parity change
08_core_cli	gatk-common/src/error.rs	clone	34	tight	reviewed isolation; no safe absolute-speed win without algo/parity change
08_core_cli	gatk-common/src/error.rs	config_msg	155	tight	reviewed isolation; no safe absolute-speed win without algo/parity change
08_core_cli	gatk-common/src/error.rs	configuration	232	tight	trivial getter/ctor
08_core_cli	gatk-common/src/error.rs	configuration_with_context	237	tight	trivial getter/ctor
08_core_cli	gatk-common/src/error.rs	context	451	tight	short leaf; no safe absolute-speed win
08_core_cli	gatk-common/src/error.rs	context_mut	461	tight	reviewed isolation; no safe absolute-speed win without algo/parity change
08_core_cli	gatk-common/src/error.rs	default	95	tight	reviewed isolation; no safe absolute-speed win without algo/parity change
08_core_cli	gatk-common/src/error.rs	display_with_context	432	tight	reviewed isolation; no safe absolute-speed win without algo/parity change
08_core_cli	gatk-common/src/error.rs	file_format	170	tight	trivial getter/ctor
08_core_cli	gatk-common/src/error.rs	file_format_with_context	175	tight	trivial getter/ctor
08_core_cli	gatk-common/src/error.rs	from	487	tight	reviewed isolation; no safe absolute-speed win without algo/parity change
08_core_cli	gatk-common/src/error.rs	gatk_cli_exit_code	475	tight	reviewed isolation; no safe absolute-speed win without algo/parity change
08_core_cli	gatk-common/src/error.rs	gatk_cli_exit_code_mappings	660	tight	short leaf; no safe absolute-speed win
08_core_cli	gatk-common/src/error.rs	generic	352	tight	trivial getter/ctor
08_core_cli	gatk-common/src/error.rs	generic_with_context	357	tight	trivial getter/ctor
08_core_cli	gatk-common/src/error.rs	genotype	332	tight	trivial getter/ctor
08_core_cli	gatk-common/src/error.rs	genotype_with_context	337	tight	trivial getter/ctor
08_core_cli	gatk-common/src/error.rs	haplotype	342	tight	trivial getter/ctor
08_core_cli	gatk-common/src/error.rs	haplotype_with_context	347	tight	trivial getter/ctor
08_core_cli	gatk-common/src/error.rs	interval	302	tight	trivial getter/ctor
08_core_cli	gatk-common/src/error.rs	interval_with_context	307	tight	trivial getter/ctor
08_core_cli	gatk-common/src/error.rs	invalid_argument	389	tight	reviewed isolation; no safe absolute-speed win without algo/parity change
08_core_cli	gatk-common/src/error.rs	invalid_argument_attaches_parameter_metadata	676	tight	reviewed isolation; no safe absolute-speed win without algo/parity change
08_core_cli	gatk-common/src/error.rs	invalid_configuration	401	tight	reviewed isolation; no safe absolute-speed win without algo/parity change
08_core_cli	gatk-common/src/error.rs	io	362	tight	short leaf; no safe absolute-speed win
08_core_cli	gatk-common/src/error.rs	io_message	384	tight	trivial getter/ctor
08_core_cli	gatk-common/src/error.rs	io_with_context	371	tight	short leaf; no safe absolute-speed win
08_core_cli	gatk-common/src/error.rs	is_user_facing	426	tight	trivial getter/ctor
08_core_cli	gatk-common/src/error.rs	memory	222	tight	trivial getter/ctor
08_core_cli	gatk-common/src/error.rs	memory_with_context	227	tight	trivial getter/ctor
08_core_cli	gatk-common/src/error.rs	new	48	tight	reviewed isolation; no safe absolute-speed win without algo/parity change
08_core_cli	gatk-common/src/error.rs	parse	180	tight	short leaf; no safe absolute-speed win
08_core_cli	gatk-common/src/error.rs	parse_with_context	189	tight	short leaf; no safe absolute-speed win
08_core_cli	gatk-common/src/error.rs	quality	292	tight	trivial getter/ctor
08_core_cli	gatk-common/src/error.rs	quality_with_context	297	tight	trivial getter/ctor
08_core_cli	gatk-common/src/error.rs	read	262	tight	trivial getter/ctor
08_core_cli	gatk-common/src/error.rs	read_with_context	267	tight	trivial getter/ctor
08_core_cli	gatk-common/src/error.rs	reference	252	tight	trivial getter/ctor
08_core_cli	gatk-common/src/error.rs	reference_with_context	257	tight	trivial getter/ctor
08_core_cli	gatk-common/src/error.rs	statistical	282	tight	trivial getter/ctor
08_core_cli	gatk-common/src/error.rs	statistical_with_context	287	tight	trivial getter/ctor
08_core_cli	gatk-common/src/error.rs	test_error_creation	616	n/a	test/dump helper
08_core_cli	gatk-common/src/error.rs	test_error_macros	649	n/a	test/dump helper
08_core_cli	gatk-common/src/error.rs	validation	202	tight	trivial getter/ctor
08_core_cli	gatk-common/src/error.rs	validation_with_context	207	tight	trivial getter/ctor
08_core_cli	gatk-common/src/error.rs	variant	272	tight	trivial getter/ctor
08_core_cli	gatk-common/src/error.rs	variant_with_context	277	tight	trivial getter/ctor
08_core_cli	gatk-common/src/error.rs	with_context	496	tight	trivial getter/ctor
08_core_cli	gatk-common/src/error.rs	with_context	509	tight	short leaf; no safe absolute-speed win
08_core_cli	gatk-common/src/error.rs	with_context_preserves_variant_and_classification	626	tight	short leaf; no safe absolute-speed win
08_core_cli	gatk-common/src/error.rs	with_operation	70	tight	trivial getter/ctor
08_core_cli	gatk-common/src/error.rs	with_position	76	tight	trivial getter/ctor
08_core_cli	gatk-common/src/error.rs	with_position_context	502	tight	reviewed isolation; no safe absolute-speed win without algo/parity change
08_core_cli	gatk-common/src/error.rs	with_position_context	536	tight	reviewed isolation; no safe absolute-speed win without algo/parity change
08_core_cli	gatk-common/src/error.rs	with_severity	82	tight	trivial getter/ctor
08_core_cli	gatk-common/src/error.rs	with_tool	64	tight	trivial getter/ctor
08_core_cli	gatk-common/src/error.rs	with_tool_context	499	tight	trivial getter/ctor
08_core_cli	gatk-common/src/error.rs	with_tool_context	522	tight	short leaf; no safe absolute-speed win
08_core_cli	gatk-common/src/error.rs	with_tool_context_preserves_argument_variant	638	tight	short leaf; no safe absolute-speed win
08_core_cli	gatk-common/src/lib.rs	test_basic_functionality	17	n/a	test/dump helper
08_core_cli	gatk-common/src/logging.rs	add	270	tight	reviewed isolation; no safe absolute-speed win without algo/parity change
08_core_cli	gatk-common/src/logging.rs	current	290	tight	trivial getter/ctor
08_core_cli	gatk-common/src/logging.rs	default	29	tight	short leaf; no safe absolute-speed win
08_core_cli	gatk-common/src/logging.rs	finish	277	tight	short leaf; no safe absolute-speed win
08_core_cli	gatk-common/src/logging.rs	finish	325	tight	short leaf; no safe absolute-speed win
08_core_cli	gatk-common/src/logging.rs	increment	257	tight	short leaf; no safe absolute-speed win
08_core_cli	gatk-common/src/logging.rs	init_default_logging	97	tight	trivial getter/ctor
08_core_cli	gatk-common/src/logging.rs	init_logging	43	tight	reviewed isolation; no safe absolute-speed win without algo/parity change
08_core_cli	gatk-common/src/logging.rs	init_logging_from_env	102	tight	reviewed isolation; no safe absolute-speed win without algo/parity change
08_core_cli	gatk-common/src/logging.rs	log_elapsed	319	tight	trivial getter/ctor
08_core_cli	gatk-common/src/logging.rs	new	241	tight	short leaf; no safe absolute-speed win
08_core_cli	gatk-common/src/logging.rs	new	308	tight	reviewed isolation; no safe absolute-speed win without algo/parity change
08_core_cli	gatk-common/src/logging.rs	progress_percentage	285	tight	trivial getter/ctor
08_core_cli	gatk-common/src/logging.rs	test_logging_config_default	357	n/a	test/dump helper
08_core_cli	gatk-common/src/logging.rs	test_performance_logger	349	n/a	test/dump helper
08_core_cli	gatk-common/src/logging.rs	test_progress_logger	336	n/a	test/dump helper
08_core_cli	gatk-common/src/logging.rs	total	295	tight	short leaf; no safe absolute-speed win
08_core_cli	gatk-common/src/logging.rs	try_init_from_gatk_rs_hc_trace	139	tight	reviewed isolation; no safe absolute-speed win without algo/parity change
08_core_cli	gatk-common/src/logging.rs	with_interval	251	tight	trivial getter/ctor
08_core_cli	gatk-core/src/io/bam.rs	average_quality	756	tight	short leaf; no safe absolute-speed win
08_core_cli	gatk-core/src/io/bam.rs	encode_record	395	tight	reviewed isolation; no safe absolute-speed win without algo/parity change
08_core_cli	gatk-core/src/io/bam.rs	format_header_text	344	tight	reviewed isolation; no safe absolute-speed win without algo/parity change
08_core_cli	gatk-core/src/io/bam.rs	from_file	234	tight	short leaf; no safe absolute-speed win
08_core_cli	gatk-core/src/io/bam.rs	gc_content	764	tight	short leaf; no safe absolute-speed win
08_core_cli	gatk-core/src/io/bam.rs	header	259	tight	trivial getter/ctor
08_core_cli	gatk-core/src/io/bam.rs	is_duplicate	711	tight	trivial getter/ctor
08_core_cli	gatk-core/src/io/bam.rs	is_first_in_pair	691	tight	trivial getter/ctor
08_core_cli	gatk-core/src/io/bam.rs	is_mate_reverse_strand	686	tight	trivial getter/ctor
08_core_cli	gatk-core/src/io/bam.rs	is_mate_unmapped	676	tight	trivial getter/ctor
08_core_cli	gatk-core/src/io/bam.rs	is_paired	661	tight	trivial getter/ctor
08_core_cli	gatk-core/src/io/bam.rs	is_proper_pair	666	tight	trivial getter/ctor
08_core_cli	gatk-core/src/io/bam.rs	is_qc_fail	706	tight	trivial getter/ctor
08_core_cli	gatk-core/src/io/bam.rs	is_reverse_strand	681	tight	trivial getter/ctor
08_core_cli	gatk-core/src/io/bam.rs	is_second_in_pair	696	tight	trivial getter/ctor
08_core_cli	gatk-core/src/io/bam.rs	is_secondary	701	tight	trivial getter/ctor
08_core_cli	gatk-core/src/io/bam.rs	is_supplementary	716	tight	trivial getter/ctor
08_core_cli	gatk-core/src/io/bam.rs	is_unmapped	671	tight	trivial getter/ctor
08_core_cli	gatk-core/src/io/bam.rs	iter	264	tight	reviewed isolation; no safe absolute-speed win without algo/parity change
08_core_cli	gatk-core/src/io/bam.rs	new	298	tight	short leaf; no safe absolute-speed win
08_core_cli	gatk-core/src/io/bam.rs	new	451	tight	trivial getter/ctor
08_core_cli	gatk-core/src/io/bam.rs	next	287	tight	short leaf; no safe absolute-speed win
08_core_cli	gatk-core/src/io/bam.rs	parse_cigar_str	179	tight	reviewed isolation; no safe absolute-speed win without algo/parity change
08_core_cli	gatk-core/src/io/bam.rs	parse_program	584	tight	reviewed isolation; no safe absolute-speed win without algo/parity change
08_core_cli	gatk-core/src/io/bam.rs	parse_read_group	557	tight	reviewed isolation; no safe absolute-speed win without algo/parity change
08_core_cli	gatk-core/src/io/bam.rs	parse_reference_sequence	533	tight	reviewed isolation; no safe absolute-speed win without algo/parity change
08_core_cli	gatk-core/src/io/bam.rs	read_all_records	250	tight	reviewed isolation; no safe absolute-speed win without algo/parity change
08_core_cli	gatk-core/src/io/bam.rs	read_header	457	tight	reviewed isolation; no safe absolute-speed win without algo/parity change
08_core_cli	gatk-core/src/io/bam.rs	read_header	645	tight	trivial getter/ctor
08_core_cli	gatk-core/src/io/bam.rs	read_header	650	tight	trivial getter/ctor
08_core_cli	gatk-core/src/io/bam.rs	read_length	721	tight	short leaf; no safe absolute-speed win
08_core_cli	gatk-core/src/io/bam.rs	read_next_record	245	tight	trivial getter/ctor
08_core_cli	gatk-core/src/io/bam.rs	read_next_record	607	tight	reviewed isolation; no safe absolute-speed win without algo/parity change
08_core_cli	gatk-core/src/io/bam.rs	read_next_record	646	tight	trivial getter/ctor
08_core_cli	gatk-core/src/io/bam.rs	read_next_record	654	tight	short leaf; no safe absolute-speed win
08_core_cli	gatk-core/src/io/bam.rs	reference_span	738	tight	short leaf; no safe absolute-speed win
08_core_cli	gatk-core/src/io/bam.rs	write_header	312	tight	reviewed isolation; no safe absolute-speed win without algo/parity change
08_core_cli	gatk-core/src/io/bam.rs	write_record	336	tight	short leaf; no safe absolute-speed win
08_core_cli	gatk-core/src/io/fasta.rs	as_bytes	54	tight	trivial getter/ctor
08_core_cli	gatk-core/src/io/fasta.rs	build_from_file	647	tight	reviewed isolation; no safe absolute-speed win without algo/parity change
08_core_cli	gatk-core/src/io/fasta.rs	count_pattern	111	tight	short leaf; no safe absolute-speed win
08_core_cli	gatk-core/src/io/fasta.rs	count_sequences	343	tight	reviewed isolation; no safe absolute-speed win without algo/parity change
08_core_cli	gatk-core/src/io/fasta.rs	default	779	tight	trivial getter/ctor
08_core_cli	gatk-core/src/io/fasta.rs	extract_header_info	563	tight	reviewed isolation; no safe absolute-speed win without algo/parity change
08_core_cli	gatk-core/src/io/fasta.rs	extract_sequence	586	tight	reviewed isolation; no safe absolute-speed win without algo/parity change
08_core_cli	gatk-core/src/io/fasta.rs	find_next_header	549	tight	trivial getter/ctor
08_core_cli	gatk-core/src/io/fasta.rs	find_sequence_end	555	tight	short leaf; no safe absolute-speed win
08_core_cli	gatk-core/src/io/fasta.rs	finish	390	tight	reviewed isolation; no safe absolute-speed win without algo/parity change
08_core_cli	gatk-core/src/io/fasta.rs	from_file	241	tight	reviewed isolation; no safe absolute-speed win without algo/parity change
08_core_cli	gatk-core/src/io/fasta.rs	from_file_buffered	265	tight	short leaf; no safe absolute-speed win
08_core_cli	gatk-core/src/io/fasta.rs	from_file_memory_mapped	275	tight	short leaf; no safe absolute-speed win
08_core_cli	gatk-core/src/io/fasta.rs	gc_content	66	tight	short leaf; no safe absolute-speed win
08_core_cli	gatk-core/src/io/fasta.rs	get_entry	773	tight	trivial getter/ctor
08_core_cli	gatk-core/src/io/fasta.rs	get_metadata	221	tight	short leaf; no safe absolute-speed win
08_core_cli	gatk-core/src/io/fasta.rs	get_metadata	531	tight	short leaf; no safe absolute-speed win
08_core_cli	gatk-core/src/io/fasta.rs	get_metadata	632	tight	short leaf; no safe absolute-speed win
08_core_cli	gatk-core/src/io/fasta.rs	get_sequence	677	tight	reviewed isolation; no safe absolute-speed win without algo/parity change
08_core_cli	gatk-core/src/io/fasta.rs	get_sequence_by_name	299	tight	reviewed isolation; no safe absolute-speed win without algo/parity change
08_core_cli	gatk-core/src/io/fasta.rs	get_sequence_by_position	324	tight	reviewed isolation; no safe absolute-speed win without algo/parity change
08_core_cli	gatk-core/src/io/fasta.rs	is_empty	62	tight	trivial getter/ctor
08_core_cli	gatk-core/src/io/fasta.rs	is_valid_dna	121	tight	reviewed isolation; no safe absolute-speed win without algo/parity change
08_core_cli	gatk-core/src/io/fasta.rs	iter	319	tight	trivial getter/ctor
08_core_cli	gatk-core/src/io/fasta.rs	len	58	tight	trivial getter/ctor
08_core_cli	gatk-core/src/io/fasta.rs	load_from_file	753	tight	short leaf; no safe absolute-speed win
08_core_cli	gatk-core/src/io/fasta.rs	metadata	314	tight	trivial getter/ctor
08_core_cli	gatk-core/src/io/fasta.rs	new	34	tight	short leaf; no safe absolute-speed win
08_core_cli	gatk-core/src/io/fasta.rs	new	362	tight	short leaf; no safe absolute-speed win
08_core_cli	gatk-core/src/io/fasta.rs	new	426	tight	reviewed isolation; no safe absolute-speed win without algo/parity change
08_core_cli	gatk-core/src/io/fasta.rs	new	538	tight	short leaf; no safe absolute-speed win
08_core_cli	gatk-core/src/io/fasta.rs	new	639	tight	short leaf; no safe absolute-speed win
08_core_cli	gatk-core/src/io/fasta.rs	next	415	tight	short leaf; no safe absolute-speed win
08_core_cli	gatk-core/src/io/fasta.rs	parse_fasta_header_name_and_description	438	tight	reviewed isolation; no safe absolute-speed win without algo/parity change
08_core_cli	gatk-core/src/io/fasta.rs	read_all_sequences	288	tight	reviewed isolation; no safe absolute-speed win without algo/parity change
08_core_cli	gatk-core/src/io/fasta.rs	read_next_sequence	220	tight	trivial getter/ctor
08_core_cli	gatk-core/src/io/fasta.rs	read_next_sequence	283	tight	trivial getter/ctor
08_core_cli	gatk-core/src/io/fasta.rs	read_next_sequence	454	tight	reviewed isolation; no safe absolute-speed win without algo/parity change
08_core_cli	gatk-core/src/io/fasta.rs	read_next_sequence	600	tight	reviewed isolation; no safe absolute-speed win without algo/parity change
08_core_cli	gatk-core/src/io/fasta.rs	remove_newlines	716	tight	reviewed isolation; no safe absolute-speed win without algo/parity change
08_core_cli	gatk-core/src/io/fasta.rs	reverse_complement	78	tight	reviewed isolation; no safe absolute-speed win without algo/parity change
08_core_cli	gatk-core/src/io/fasta.rs	save_to_file	742	tight	short leaf; no safe absolute-speed win
08_core_cli	gatk-core/src/io/fasta.rs	sequence_names	768	tight	trivial getter/ctor
08_core_cli	gatk-core/src/io/fasta.rs	subsequence	103	tight	short leaf; no safe absolute-speed win
08_core_cli	gatk-core/src/io/fasta.rs	total_sequence_length	352	tight	reviewed isolation; no safe absolute-speed win without algo/parity change
08_core_cli	gatk-core/src/io/fasta.rs	with_description	44	tight	short leaf; no safe absolute-speed win
08_core_cli	gatk-core/src/io/fasta.rs	write_sequence	370	tight	short leaf; no safe absolute-speed win
08_core_cli	gatk-core/src/io/fasta.rs	write_sequences	383	tight	reviewed isolation; no safe absolute-speed win without algo/parity change
08_core_cli	gatk-core/src/io/fastq.rs	average_quality	498	tight	short leaf; no safe absolute-speed win
08_core_cli	gatk-core/src/io/fastq.rs	base_at	540	tight	trivial getter/ctor
08_core_cli	gatk-core/src/io/fastq.rs	calculate_average_length	706	tight	short leaf; no safe absolute-speed win
08_core_cli	gatk-core/src/io/fastq.rs	count_reads	116	tight	reviewed isolation; no safe absolute-speed win without algo/parity change
08_core_cli	gatk-core/src/io/fastq.rs	description	473	tight	trivial getter/ctor
08_core_cli	gatk-core/src/io/fastq.rs	estimated_file_size	713	tight	reviewed isolation; no safe absolute-speed win without algo/parity change
08_core_cli	gatk-core/src/io/fastq.rs	extract_line	361	tight	trivial getter/ctor
08_core_cli	gatk-core/src/io/fastq.rs	extract_line_bytes	366	tight	reviewed isolation; no safe absolute-speed win without algo/parity change
08_core_cli	gatk-core/src/io/fastq.rs	filter_by_length	150	tight	reviewed isolation; no safe absolute-speed win without algo/parity change
08_core_cli	gatk-core/src/io/fastq.rs	filter_by_quality	134	tight	reviewed isolation; no safe absolute-speed win without algo/parity change
08_core_cli	gatk-core/src/io/fastq.rs	find_line_end	350	tight	reviewed isolation; no safe absolute-speed win without algo/parity change
08_core_cli	gatk-core/src/io/fastq.rs	find_next_header	336	tight	reviewed isolation; no safe absolute-speed win without algo/parity change
08_core_cli	gatk-core/src/io/fastq.rs	finish	784	tight	reviewed isolation; no safe absolute-speed win without algo/parity change
08_core_cli	gatk-core/src/io/fastq.rs	flush	777	tight	short leaf; no safe absolute-speed win
08_core_cli	gatk-core/src/io/fastq.rs	from_file	48	tight	reviewed isolation; no safe absolute-speed win without algo/parity change
08_core_cli	gatk-core/src/io/fastq.rs	from_file_buffered	72	tight	short leaf; no safe absolute-speed win
08_core_cli	gatk-core/src/io/fastq.rs	from_file_memory_mapped	82	tight	short leaf; no safe absolute-speed win
08_core_cli	gatk-core/src/io/fastq.rs	from_reads	816	tight	reviewed isolation; no safe absolute-speed win without algo/parity change
08_core_cli	gatk-core/src/io/fastq.rs	gc_content	483	tight	short leaf; no safe absolute-speed win
08_core_cli	gatk-core/src/io/fastq.rs	get_metadata	29	tight	short leaf; no safe absolute-speed win
08_core_cli	gatk-core/src/io/fastq.rs	get_metadata	318	tight	short leaf; no safe absolute-speed win
08_core_cli	gatk-core/src/io/fastq.rs	get_metadata	428	tight	reviewed isolation; no safe absolute-speed win without algo/parity change
08_core_cli	gatk-core/src/io/fastq.rs	get_position	199	tight	trivial getter/ctor
08_core_cli	gatk-core/src/io/fastq.rs	is_valid	611	tight	reviewed isolation; no safe absolute-speed win without algo/parity change
08_core_cli	gatk-core/src/io/fastq.rs	iter	111	tight	trivial getter/ctor
08_core_cli	gatk-core/src/io/fastq.rs	length	478	tight	trivial getter/ctor
08_core_cli	gatk-core/src/io/fastq.rs	max_quality	513	tight	trivial getter/ctor
08_core_cli	gatk-core/src/io/fastq.rs	median_quality	518	tight	reviewed isolation; no safe absolute-speed win without algo/parity change
08_core_cli	gatk-core/src/io/fastq.rs	metadata	106	tight	trivial getter/ctor
08_core_cli	gatk-core/src/io/fastq.rs	min_quality	508	tight	trivial getter/ctor
08_core_cli	gatk-core/src/io/fastq.rs	name	465	tight	short leaf; no safe absolute-speed win
08_core_cli	gatk-core/src/io/fastq.rs	new	239	tight	reviewed isolation; no safe absolute-speed win without algo/parity change
08_core_cli	gatk-core/src/io/fastq.rs	new	325	tight	short leaf; no safe absolute-speed win
08_core_cli	gatk-core/src/io/fastq.rs	new	456	tight	short leaf; no safe absolute-speed win
08_core_cli	gatk-core/src/io/fastq.rs	new	736	tight	short leaf; no safe absolute-speed win
08_core_cli	gatk-core/src/io/fastq.rs	next	228	tight	short leaf; no safe absolute-speed win
08_core_cli	gatk-core/src/io/fastq.rs	quality_at	535	tight	trivial getter/ctor
08_core_cli	gatk-core/src/io/fastq.rs	quality_distribution	869	tight	reviewed isolation; no safe absolute-speed win without algo/parity change
08_core_cli	gatk-core/src/io/fastq.rs	quality_from_phred33	657	tight	reviewed isolation; no safe absolute-speed win without algo/parity change
08_core_cli	gatk-core/src/io/fastq.rs	quality_histogram	639	tight	reviewed isolation; no safe absolute-speed win without algo/parity change
08_core_cli	gatk-core/src/io/fastq.rs	quality_to_phred33	652	tight	trivial getter/ctor
08_core_cli	gatk-core/src/io/fastq.rs	read_all_reads	95	tight	reviewed isolation; no safe absolute-speed win without algo/parity change
08_core_cli	gatk-core/src/io/fastq.rs	read_next_read	251	tight	reviewed isolation; no safe absolute-speed win without algo/parity change
08_core_cli	gatk-core/src/io/fastq.rs	read_next_read	28	tight	trivial getter/ctor
08_core_cli	gatk-core/src/io/fastq.rs	read_next_read	373	tight	reviewed isolation; no safe absolute-speed win without algo/parity change
08_core_cli	gatk-core/src/io/fastq.rs	read_next_read	90	tight	trivial getter/ctor
08_core_cli	gatk-core/src/io/fastq.rs	reverse_complement	582	tight	reviewed isolation; no safe absolute-speed win without algo/parity change
08_core_cli	gatk-core/src/io/fastq.rs	sample_reads	168	tight	reviewed isolation; no safe absolute-speed win without algo/parity change
08_core_cli	gatk-core/src/io/fastq.rs	seek_to_position	204	tight	reviewed isolation; no safe absolute-speed win without algo/parity change
08_core_cli	gatk-core/src/io/fastq.rs	total_bases	125	tight	reviewed isolation; no safe absolute-speed win without algo/parity change
08_core_cli	gatk-core/src/io/fastq.rs	trim_bases	570	tight	reviewed isolation; no safe absolute-speed win without algo/parity change
08_core_cli	gatk-core/src/io/fastq.rs	trim_quality	545	tight	reviewed isolation; no safe absolute-speed win without algo/parity change
08_core_cli	gatk-core/src/io/fastq.rs	write_read	746	tight	reviewed isolation; no safe absolute-speed win without algo/parity change
08_core_cli	gatk-core/src/io/fastq.rs	write_reads	769	tight	reviewed isolation; no safe absolute-speed win without algo/parity change
08_core_cli	gatk-core/src/io/hts_copy.rs	alignment_header_canonical_hd_sq_rg	180	tight	reviewed isolation; no safe absolute-speed win without algo/parity change
08_core_cli	gatk-core/src/io/hts_copy.rs	bam_header_from_hts_view	143	tight	reviewed isolation; no safe absolute-speed win without algo/parity change
08_core_cli	gatk-core/src/io/hts_copy.rs	copy_alignments_with_htslib	34	tight	trivial getter/ctor
08_core_cli	gatk-core/src/io/hts_copy.rs	copy_alignments_with_htslib_with_reference	40	tight	reviewed isolation; no safe absolute-speed win without algo/parity change
08_core_cli	gatk-core/src/io/hts_copy.rs	copy_minimal_sam_roundtrip	348	tight	short leaf; no safe absolute-speed win
08_core_cli	gatk-core/src/io/hts_copy.rs	count_records_in_region_indexed	243	tight	reviewed isolation; no safe absolute-speed win without algo/parity change
08_core_cli	gatk-core/src/io/hts_copy.rs	is_cram_path	25	tight	short leaf; no safe absolute-speed win
08_core_cli	gatk-core/src/io/hts_copy.rs	normalize_sam_header_line_fields	158	tight	reviewed isolation; no safe absolute-speed win without algo/parity change
08_core_cli	gatk-core/src/io/hts_copy.rs	normalize_sam_header_line_fields_is_order_invariant	340	tight	short leaf; no safe absolute-speed win
08_core_cli	gatk-core/src/io/hts_copy.rs	output_format	12	tight	short leaf; no safe absolute-speed win
08_core_cli	gatk-core/src/io/hts_copy.rs	parse_sq_line	105	tight	reviewed isolation; no safe absolute-speed win without algo/parity change
08_core_cli	gatk-core/src/io/hts_copy.rs	qnames_in_region_indexed	289	tight	reviewed isolation; no safe absolute-speed win without algo/parity change
08_core_cli	gatk-core/src/io/hts_copy.rs	validate_bam_file	214	tight	reviewed isolation; no safe absolute-speed win without algo/parity change
08_core_cli	gatk-core/src/io/sam.rs	average_quality	719	tight	short leaf; no safe absolute-speed win
08_core_cli	gatk-core/src/io/sam.rs	format_record	239	tight	reviewed isolation; no safe absolute-speed win without algo/parity change
08_core_cli	gatk-core/src/io/sam.rs	from_file	91	tight	short leaf; no safe absolute-speed win
08_core_cli	gatk-core/src/io/sam.rs	gc_content	733	tight	short leaf; no safe absolute-speed win
08_core_cli	gatk-core/src/io/sam.rs	get_optional_field	747	tight	short leaf; no safe absolute-speed win
08_core_cli	gatk-core/src/io/sam.rs	get_optional_value	759	tight	reviewed isolation; no safe absolute-speed win without algo/parity change
08_core_cli	gatk-core/src/io/sam.rs	header	116	tight	trivial getter/ctor
08_core_cli	gatk-core/src/io/sam.rs	is_duplicate	669	tight	trivial getter/ctor
08_core_cli	gatk-core/src/io/sam.rs	is_first_in_pair	649	tight	trivial getter/ctor
08_core_cli	gatk-core/src/io/sam.rs	is_mate_reverse_strand	644	tight	trivial getter/ctor
08_core_cli	gatk-core/src/io/sam.rs	is_mate_unmapped	634	tight	trivial getter/ctor
08_core_cli	gatk-core/src/io/sam.rs	is_paired	619	tight	trivial getter/ctor
08_core_cli	gatk-core/src/io/sam.rs	is_proper_pair	624	tight	trivial getter/ctor
08_core_cli	gatk-core/src/io/sam.rs	is_qc_fail	664	tight	trivial getter/ctor
08_core_cli	gatk-core/src/io/sam.rs	is_reverse_strand	639	tight	trivial getter/ctor
08_core_cli	gatk-core/src/io/sam.rs	is_second_in_pair	654	tight	trivial getter/ctor
08_core_cli	gatk-core/src/io/sam.rs	is_secondary	659	tight	trivial getter/ctor
08_core_cli	gatk-core/src/io/sam.rs	is_supplementary	674	tight	trivial getter/ctor
08_core_cli	gatk-core/src/io/sam.rs	is_unmapped	629	tight	trivial getter/ctor
08_core_cli	gatk-core/src/io/sam.rs	iter	121	tight	reviewed isolation; no safe absolute-speed win without algo/parity change
08_core_cli	gatk-core/src/io/sam.rs	new	155	tight	short leaf; no safe absolute-speed win
08_core_cli	gatk-core/src/io/sam.rs	new	295	tight	reviewed isolation; no safe absolute-speed win without algo/parity change
08_core_cli	gatk-core/src/io/sam.rs	next	144	tight	short leaf; no safe absolute-speed win
08_core_cli	gatk-core/src/io/sam.rs	parse_cigar	679	tight	trivial getter/ctor
08_core_cli	gatk-core/src/io/sam.rs	parse_grouping	357	tight	reviewed isolation; no safe absolute-speed win without algo/parity change
08_core_cli	gatk-core/src/io/sam.rs	parse_optional_field	525	tight	reviewed isolation; no safe absolute-speed win without algo/parity change
08_core_cli	gatk-core/src/io/sam.rs	parse_program	426	tight	reviewed isolation; no safe absolute-speed win without algo/parity change
08_core_cli	gatk-core/src/io/sam.rs	parse_read_group	395	tight	reviewed isolation; no safe absolute-speed win without algo/parity change
08_core_cli	gatk-core/src/io/sam.rs	parse_record	479	tight	reviewed isolation; no safe absolute-speed win without algo/parity change
08_core_cli	gatk-core/src/io/sam.rs	parse_reference_sequence	368	tight	reviewed isolation; no safe absolute-speed win without algo/parity change
08_core_cli	gatk-core/src/io/sam.rs	parse_sort_order	346	tight	reviewed isolation; no safe absolute-speed win without algo/parity change
08_core_cli	gatk-core/src/io/sam.rs	read_all_records	107	tight	reviewed isolation; no safe absolute-speed win without algo/parity change
08_core_cli	gatk-core/src/io/sam.rs	read_header	302	tight	reviewed isolation; no safe absolute-speed win without algo/parity change
08_core_cli	gatk-core/src/io/sam.rs	read_header	603	tight	trivial getter/ctor
08_core_cli	gatk-core/src/io/sam.rs	read_header	608	tight	trivial getter/ctor
08_core_cli	gatk-core/src/io/sam.rs	read_length	684	tight	short leaf; no safe absolute-speed win
08_core_cli	gatk-core/src/io/sam.rs	read_next_record	102	tight	trivial getter/ctor
08_core_cli	gatk-core/src/io/sam.rs	read_next_record	451	tight	reviewed isolation; no safe absolute-speed win without algo/parity change
08_core_cli	gatk-core/src/io/sam.rs	read_next_record	604	tight	trivial getter/ctor
08_core_cli	gatk-core/src/io/sam.rs	read_next_record	612	tight	short leaf; no safe absolute-speed win
08_core_cli	gatk-core/src/io/sam.rs	reference_span	701	tight	short leaf; no safe absolute-speed win
08_core_cli	gatk-core/src/io/sam.rs	write_header	169	tight	reviewed isolation; no safe absolute-speed win without algo/parity change
08_core_cli	gatk-core/src/io/sam.rs	write_record	224	tight	short leaf; no safe absolute-speed win
08_core_cli	gatk-core/src/io/sam.rs	write_records	231	tight	reviewed isolation; no safe absolute-speed win without algo/parity change
08_core_cli	gatk-core/src/io/vcf.rs	allele_count	1099	tight	trivial getter/ctor
08_core_cli	gatk-core/src/io/vcf.rs	default	1026	tight	reviewed isolation; no safe absolute-speed win without algo/parity change
08_core_cli	gatk-core/src/io/vcf.rs	fmt	1042	tight	short leaf; no safe absolute-speed win
08_core_cli	gatk-core/src/io/vcf.rs	format_info	460	tight	reviewed isolation; no safe absolute-speed win without algo/parity change
08_core_cli	gatk-core/src/io/vcf.rs	format_record	422	tight	reviewed isolation; no safe absolute-speed win without algo/parity change
08_core_cli	gatk-core/src/io/vcf.rs	format_sample	518	tight	reviewed isolation; no safe absolute-speed win without algo/parity change
08_core_cli	gatk-core/src/io/vcf.rs	from_file	229	tight	reviewed isolation; no safe absolute-speed win without algo/parity change
08_core_cli	gatk-core/src/io/vcf.rs	from_file_reads_gzipped_vcf	1146	tight	short leaf; no safe absolute-speed win
08_core_cli	gatk-core/src/io/vcf.rs	get_ad	1117	tight	trivial getter/ctor
08_core_cli	gatk-core/src/io/vcf.rs	get_af	1109	tight	short leaf; no safe absolute-speed win
08_core_cli	gatk-core/src/io/vcf.rs	get_dp	1127	tight	trivial getter/ctor
08_core_cli	gatk-core/src/io/vcf.rs	get_gq	1122	tight	trivial getter/ctor
08_core_cli	gatk-core/src/io/vcf.rs	get_gt	1132	tight	short leaf; no safe absolute-speed win
08_core_cli	gatk-core/src/io/vcf.rs	header	266	tight	trivial getter/ctor
08_core_cli	gatk-core/src/io/vcf.rs	is_deletion	1072	tight	short leaf; no safe absolute-speed win
08_core_cli	gatk-core/src/io/vcf.rs	is_filtered	1104	tight	trivial getter/ctor
08_core_cli	gatk-core/src/io/vcf.rs	is_indel	1079	tight	trivial getter/ctor
08_core_cli	gatk-core/src/io/vcf.rs	is_insertion	1065	tight	short leaf; no safe absolute-speed win
08_core_cli	gatk-core/src/io/vcf.rs	is_snp	1058	tight	short leaf; no safe absolute-speed win
08_core_cli	gatk-core/src/io/vcf.rs	iter	271	tight	reviewed isolation; no safe absolute-speed win without algo/parity change
08_core_cli	gatk-core/src/io/vcf.rs	new	305	tight	short leaf; no safe absolute-speed win
08_core_cli	gatk-core/src/io/vcf.rs	new	585	tight	reviewed isolation; no safe absolute-speed win without algo/parity change
08_core_cli	gatk-core/src/io/vcf.rs	next	294	tight	short leaf; no safe absolute-speed win
08_core_cli	gatk-core/src/io/vcf.rs	parse_column_header	768	tight	reviewed isolation; no safe absolute-speed win without algo/parity change
08_core_cli	gatk-core/src/io/vcf.rs	parse_contig	661	tight	reviewed isolation; no safe absolute-speed win without algo/parity change
08_core_cli	gatk-core/src/io/vcf.rs	parse_filter_field	747	tight	reviewed isolation; no safe absolute-speed win without algo/parity change
08_core_cli	gatk-core/src/io/vcf.rs	parse_format_field	722	tight	reviewed isolation; no safe absolute-speed win without algo/parity change
08_core_cli	gatk-core/src/io/vcf.rs	parse_genotype	989	tight	reviewed isolation; no safe absolute-speed win without algo/parity change
08_core_cli	gatk-core/src/io/vcf.rs	parse_header_line	636	tight	reviewed isolation; no safe absolute-speed win without algo/parity change
08_core_cli	gatk-core/src/io/vcf.rs	parse_info	884	tight	reviewed isolation; no safe absolute-speed win without algo/parity change
08_core_cli	gatk-core/src/io/vcf.rs	parse_info_field	693	tight	reviewed isolation; no safe absolute-speed win without algo/parity change
08_core_cli	gatk-core/src/io/vcf.rs	parse_info_field_value	899	tight	reviewed isolation; no safe absolute-speed win without algo/parity change
08_core_cli	gatk-core/src/io/vcf.rs	parse_record	808	tight	reviewed isolation; no safe absolute-speed win without algo/parity change
08_core_cli	gatk-core/src/io/vcf.rs	parse_sample	930	tight	reviewed isolation; no safe absolute-speed win without algo/parity change
08_core_cli	gatk-core/src/io/vcf.rs	read_all_records	257	tight	reviewed isolation; no safe absolute-speed win without algo/parity change
08_core_cli	gatk-core/src/io/vcf.rs	read_header	1011	tight	trivial getter/ctor
08_core_cli	gatk-core/src/io/vcf.rs	read_header	1016	tight	trivial getter/ctor
08_core_cli	gatk-core/src/io/vcf.rs	read_header	592	tight	reviewed isolation; no safe absolute-speed win without algo/parity change
08_core_cli	gatk-core/src/io/vcf.rs	read_next_record	1012	tight	trivial getter/ctor
08_core_cli	gatk-core/src/io/vcf.rs	read_next_record	1020	tight	trivial getter/ctor
08_core_cli	gatk-core/src/io/vcf.rs	read_next_record	252	tight	trivial getter/ctor
08_core_cli	gatk-core/src/io/vcf.rs	read_next_record	775	tight	reviewed isolation; no safe absolute-speed win without algo/parity change
08_core_cli	gatk-core/src/io/vcf.rs	variant_type	1084	tight	short leaf; no safe absolute-speed win
08_core_cli	gatk-core/src/io/vcf.rs	write_header	319	tight	reviewed isolation; no safe absolute-speed win without algo/parity change
08_core_cli	gatk-core/src/io/vcf.rs	write_record	407	tight	short leaf; no safe absolute-speed win
08_core_cli	gatk-core/src/io/vcf.rs	write_records	414	tight	reviewed isolation; no safe absolute-speed win without algo/parity change
08_core_cli	gatk-core/src/lib.rs	test_basic_functionality	32	n/a	test/dump helper
08_core_cli	gatk-core/src/memory.rs	as_bytes	44	tight	trivial getter/ctor
08_core_cli	gatk-core/src/memory.rs	is_empty	54	tight	trivial getter/ctor
08_core_cli	gatk-core/src/memory.rs	len	49	tight	trivial getter/ctor
08_core_cli	gatk-core/src/memory.rs	open	21	tight	short leaf; no safe absolute-speed win
08_core_cli	gatk-core/src/memory.rs	slice	35	tight	short leaf; no safe absolute-speed win
08_core_cli	gatk-core/src/reference.rs	add_contig	76	tight	reviewed isolation; no safe absolute-speed win without algo/parity change
08_core_cli	gatk-core/src/reference.rs	cached_windows	1005	tight	trivial getter/ctor
08_core_cli	gatk-core/src/reference.rs	contig	162	tight	reviewed isolation; no safe absolute-speed win without algo/parity change
08_core_cli	gatk-core/src/reference.rs	contig_count	136	tight	trivial getter/ctor
08_core_cli	gatk-core/src/reference.rs	contig_name_matches_fasta_entry	1055	tight	reviewed isolation; no safe absolute-speed win without algo/parity change
08_core_cli	gatk-core/src/reference.rs	contig_names	140	tight	trivial getter/ctor
08_core_cli	gatk-core/src/reference.rs	contig_records	145	tight	trivial getter/ctor
08_core_cli	gatk-core/src/reference.rs	count_acgtn_histogram_chr1_16	1180	tight	short leaf; no safe absolute-speed win
08_core_cli	gatk-core/src/reference.rs	count_acgtn_histogram_for_interval_specs	873	tight	reviewed isolation; no safe absolute-speed win without algo/parity change
08_core_cli	gatk-core/src/reference.rs	count_histogram_buckets_non_acgtn_as_n	1193	tight	short leaf; no safe absolute-speed win
08_core_cli	gatk-core/src/reference.rs	dictionary_prefers_fai_without_reading_fasta_body	1216	tight	short leaf; no safe absolute-speed win
08_core_cli	gatk-core/src/reference.rs	entry_for_query	727	tight	short leaf; no safe absolute-speed win
08_core_cli	gatk-core/src/reference.rs	from_fasta_path	92	tight	reviewed isolation; no safe absolute-speed win without algo/parity change
08_core_cli	gatk-core/src/reference.rs	get_interval_bytes	938	tight	reviewed isolation; no safe absolute-speed win without algo/parity change
08_core_cli	gatk-core/src/reference.rs	global_contig_arc_cache	817	tight	trivial getter/ctor
08_core_cli	gatk-core/src/reference.rs	intervals_for_haplotype_caller	1045	tight	short leaf; no safe absolute-speed win
08_core_cli	gatk-core/src/reference.rs	intervals_for_hc_none_is_whole_genome	1127	tight	short leaf; no safe absolute-speed win
08_core_cli	gatk-core/src/reference.rs	load_beside_fasta	690	tight	reviewed isolation; no safe absolute-speed win without algo/parity change
08_core_cli	gatk-core/src/reference.rs	load_contig_bases	802	tight	reviewed isolation; no safe absolute-speed win without algo/parity change
08_core_cli	gatk-core/src/reference.rs	merge_closed_intervals	554	tight	reviewed isolation; no safe absolute-speed win without algo/parity change
08_core_cli	gatk-core/src/reference.rs	new	72	tight	trivial getter/ctor
08_core_cli	gatk-core/src/reference.rs	new	927	tight	reviewed isolation; no safe absolute-speed win without algo/parity change
08_core_cli	gatk-core/src/reference.rs	parse	263	tight	reviewed isolation; no safe absolute-speed win without algo/parity change
08_core_cli	gatk-core/src/reference.rs	parse_include_exclude_list	317	tight	reviewed isolation; no safe absolute-speed win without algo/parity change
08_core_cli	gatk-core/src/reference.rs	parse_intervals_cli_string	1011	tight	reviewed isolation; no safe absolute-speed win without algo/parity change
08_core_cli	gatk-core/src/reference.rs	parse_intervals_cli_string_union_excludes	1172	tight	short leaf; no safe absolute-speed win
08_core_cli	gatk-core/src/reference.rs	parse_list	303	tight	short leaf; no safe absolute-speed win
08_core_cli	gatk-core/src/reference.rs	parse_list_file	343	tight	reviewed isolation; no safe absolute-speed win without algo/parity change
08_core_cli	gatk-core/src/reference.rs	parse_list_file_with_dictionary	384	tight	reviewed isolation; no safe absolute-speed win without algo/parity change
08_core_cli	gatk-core/src/reference.rs	parse_list_rejects_exclusion_without_dictionary	1153	tight	trivial getter/ctor
08_core_cli	gatk-core/src/reference.rs	parses_interval_list	1108	tight	short leaf; no safe absolute-speed win
08_core_cli	gatk-core/src/reference.rs	parses_interval_with_range	1083	tight	short leaf; no safe absolute-speed win
08_core_cli	gatk-core/src/reference.rs	parses_whole_contig_interval	1091	tight	short leaf; no safe absolute-speed win
08_core_cli	gatk-core/src/reference.rs	read_contig_bases_sequential	790	tight	reviewed isolation; no safe absolute-speed win without algo/parity change
08_core_cli	gatk-core/src/reference.rs	read_fasta_interval_bytes	845	tight	reviewed isolation; no safe absolute-speed win without algo/parity change
08_core_cli	gatk-core/src/reference.rs	read_interval_via_samtools_fai	738	tight	reviewed isolation; no safe absolute-speed win without algo/parity change
08_core_cli	gatk-core/src/reference.rs	reference_base_at_1based	1066	tight	short leaf; no safe absolute-speed win
08_core_cli	gatk-core/src/reference.rs	reference_base_at_1based_chr_alias_and_uppercase	1139	tight	short leaf; no safe absolute-speed win
08_core_cli	gatk-core/src/reference.rs	reference_base_at_1based_rejects_zero	1147	tight	trivial getter/ctor
08_core_cli	gatk-core/src/reference.rs	reference_window_cache_evicts_deterministically	1204	tight	short leaf; no safe absolute-speed win
08_core_cli	gatk-core/src/reference.rs	resolve_closed_ends	529	tight	reviewed isolation; no safe absolute-speed win without algo/parity change
08_core_cli	gatk-core/src/reference.rs	resolve_excludes_mid_segment	1158	tight	short leaf; no safe absolute-speed win
08_core_cli	gatk-core/src/reference.rs	resolve_interval_specs_includes_excludes	600	tight	reviewed isolation; no safe absolute-speed win without algo/parity change
08_core_cli	gatk-core/src/reference.rs	samtools_fai_interval_matches_sequential	1232	tight	short leaf; no safe absolute-speed win
08_core_cli	gatk-core/src/reference.rs	shared_contig_bases	822	tight	reviewed isolation; no safe absolute-speed win without algo/parity change
08_core_cli	gatk-core/src/reference.rs	subtract_one_closed_segment	573	tight	reviewed isolation; no safe absolute-speed win without algo/parity change
08_core_cli	gatk-core/src/reference.rs	try_from_fai_beside	108	tight	reviewed isolation; no safe absolute-speed win without algo/parity change
08_core_cli	gatk-core/src/reference.rs	uppercase_acgtn	663	tight	reviewed isolation; no safe absolute-speed win without algo/parity change
08_core_cli	gatk-core/src/reference.rs	validate_bam_header	225	tight	reviewed isolation; no safe absolute-speed win without algo/parity change
08_core_cli	gatk-core/src/reference.rs	validate_interval	177	tight	reviewed isolation; no safe absolute-speed win without algo/parity change
08_core_cli	gatk-core/src/reference.rs	validate_sam_header	243	tight	reviewed isolation; no safe absolute-speed win without algo/parity change
08_core_cli	gatk-core/src/reference.rs	validate_vcf_header	205	tight	reviewed isolation; no safe absolute-speed win without algo/parity change
08_core_cli	gatk-core/src/reference.rs	validates_alias_contig_names	1099	tight	short leaf; no safe absolute-speed win
08_core_cli	gatk-core/src/reference.rs	whole_genome_interval_specs	150	tight	reviewed isolation; no safe absolute-speed win without algo/parity change
08_core_cli	gatk-core/src/reference.rs	whole_genome_interval_specs_one_contig	1116	tight	short leaf; no safe absolute-speed win
08_core_cli	gatk-core/src/tests/mod.rs	assert_performance	293	tight	reviewed isolation; no safe absolute-speed win without algo/parity change
08_core_cli	gatk-core/src/tests/mod.rs	benchmark_memory	285	tight	short leaf; no safe absolute-speed win
08_core_cli	gatk-core/src/tests/mod.rs	check_error	369	tight	short leaf; no safe absolute-speed win
08_core_cli	gatk-core/src/tests/mod.rs	create_bam	86	tight	reviewed isolation; no safe absolute-speed win without algo/parity change
08_core_cli	gatk-core/src/tests/mod.rs	create_fasta	54	tight	reviewed isolation; no safe absolute-speed win without algo/parity change
08_core_cli	gatk-core/src/tests/mod.rs	create_file	47	tight	short leaf; no safe absolute-speed win
08_core_cli	gatk-core/src/tests/mod.rs	create_test_dataset	229	tight	reviewed isolation; no safe absolute-speed win without algo/parity change
08_core_cli	gatk-core/src/tests/mod.rs	create_vcf	67	tight	reviewed isolation; no safe absolute-speed win without algo/parity change
08_core_cli	gatk-core/src/tests/mod.rs	default	94	tight	trivial getter/ctor
08_core_cli	gatk-core/src/tests/mod.rs	fixture_path	100	tight	reviewed isolation; no safe absolute-speed win without algo/parity change
08_core_cli	gatk-core/src/tests/mod.rs	measure_time	273	tight	short leaf; no safe absolute-speed win
08_core_cli	gatk-core/src/tests/mod.rs	new	331	tight	reviewed isolation; no safe absolute-speed win without algo/parity change
08_core_cli	gatk-core/src/tests/mod.rs	new	35	tight	short leaf; no safe absolute-speed win
08_core_cli	gatk-core/src/tests/mod.rs	new	362	tight	short leaf; no safe absolute-speed win
08_core_cli	gatk-core/src/tests/mod.rs	path	42	tight	trivial getter/ctor
08_core_cli	gatk-core/src/tests/mod.rs	read	340	tight	reviewed isolation; no safe absolute-speed win without algo/parity change
08_core_cli	gatk-core/src/tests/mod.rs	run_integration_test	259	tight	short leaf; no safe absolute-speed win
08_core_cli	gatk-core/src/tests/mod.rs	test_allele	147	n/a	test/dump helper
08_core_cli	gatk-core/src/tests/mod.rs	test_position	138	n/a	test/dump helper
08_core_cli	gatk-core/src/tests/mod.rs	test_read	191	n/a	test/dump helper
08_core_cli	gatk-core/src/tests/mod.rs	test_sequence	163	n/a	test/dump helper
08_core_cli	gatk-core/src/tests/mod.rs	test_variant	177	n/a	test/dump helper
08_core_cli	gatk-core/src/types.rs	add_genotype	380	tight	trivial getter/ctor
08_core_cli	gatk-core/src/types.rs	alternates	388	tight	trivial getter/ctor
08_core_cli	gatk-core/src/types.rs	as_sam_mapq	131	tight	short leaf; no safe absolute-speed win
08_core_cli	gatk-core/src/types.rs	average_quality	514	tight	short leaf; no safe absolute-speed win
08_core_cli	gatk-core/src/types.rs	base_at	496	tight	trivial getter/ctor
08_core_cli	gatk-core/src/types.rs	chromosome	396	tight	reviewed isolation; no safe absolute-speed win without algo/parity change
08_core_cli	gatk-core/src/types.rs	cmp	154	tight	reviewed isolation; no safe absolute-speed win without algo/parity change
08_core_cli	gatk-core/src/types.rs	complement	211	tight	reviewed isolation; no safe absolute-speed win without algo/parity change
08_core_cli	gatk-core/src/types.rs	contains	48	tight	trivial getter/ctor
08_core_cli	gatk-core/src/types.rs	contains_position	52	tight	trivial getter/ctor
08_core_cli	gatk-core/src/types.rs	contig	392	tight	trivial getter/ctor
08_core_cli	gatk-core/src/types.rs	error_probability	95	tight	reviewed isolation; no safe absolute-speed win without algo/parity change
08_core_cli	gatk-core/src/types.rs	filter_bases_by_quality	534	tight	reviewed isolation; no safe absolute-speed win without algo/parity change
08_core_cli	gatk-core/src/types.rs	fmt	259	tight	reviewed isolation; no safe absolute-speed win without algo/parity change
08_core_cli	gatk-core/src/types.rs	from_char	190	tight	short leaf; no safe absolute-speed win
08_core_cli	gatk-core/src/types.rs	from_sam	428	tight	reviewed isolation; no safe absolute-speed win without algo/parity change
08_core_cli	gatk-core/src/types.rs	from_sam_mapq	122	tight	short leaf; no safe absolute-speed win
08_core_cli	gatk-core/src/types.rs	from_string	244	tight	trivial getter/ctor
08_core_cli	gatk-core/src/types.rs	from_vec	435	tight	reviewed isolation; no safe absolute-speed win without algo/parity change
08_core_cli	gatk-core/src/types.rs	has_minimum_quality	527	tight	short leaf; no safe absolute-speed win
08_core_cli	gatk-core/src/types.rs	is_empty	253	tight	trivial getter/ctor
08_core_cli	gatk-core/src/types.rs	is_empty	492	tight	trivial getter/ctor
08_core_cli	gatk-core/src/types.rs	is_het	316	tight	reviewed isolation; no safe absolute-speed win without algo/parity change
08_core_cli	gatk-core/src/types.rs	is_hom_ref	308	tight	trivial getter/ctor
08_core_cli	gatk-core/src/types.rs	is_hom_var	312	tight	trivial getter/ctor
08_core_cli	gatk-core/src/types.rs	is_valid_dna	504	tight	trivial getter/ctor
08_core_cli	gatk-core/src/types.rs	len	488	tight	trivial getter/ctor
08_core_cli	gatk-core/src/types.rs	length	249	tight	trivial getter/ctor
08_core_cli	gatk-core/src/types.rs	length	484	tight	trivial getter/ctor
08_core_cli	gatk-core/src/types.rs	length	56	tight	trivial getter/ctor
08_core_cli	gatk-core/src/types.rs	name	510	tight	trivial getter/ctor
08_core_cli	gatk-core/src/types.rs	new	240	tight	trivial getter/ctor
08_core_cli	gatk-core/src/types.rs	new	304	tight	trivial getter/ctor
08_core_cli	gatk-core/src/types.rs	new	346	tight	short leaf; no safe absolute-speed win
08_core_cli	gatk-core/src/types.rs	new	420	tight	short leaf; no safe absolute-speed win
08_core_cli	gatk-core/src/types.rs	new	44	tight	trivial getter/ctor
08_core_cli	gatk-core/src/types.rs	new	466	tight	short leaf; no safe absolute-speed win
08_core_cli	gatk-core/src/types.rs	new	62	tight	reviewed isolation; no safe absolute-speed win without algo/parity change
08_core_cli	gatk-core/src/types.rs	new	83	tight	trivial getter/ctor
08_core_cli	gatk-core/src/types.rs	partial_cmp	148	tight	trivial getter/ctor
08_core_cli	gatk-core/src/types.rs	phred_score	91	tight	trivial getter/ctor
08_core_cli	gatk-core/src/types.rs	quality_at	500	tight	trivial getter/ctor
08_core_cli	gatk-core/src/types.rs	score	139	tight	reviewed isolation; no safe absolute-speed win without algo/parity change
08_core_cli	gatk-core/src/types.rs	set_attribute	384	tight	trivial getter/ctor
08_core_cli	gatk-core/src/types.rs	to_char	201	tight	short leaf; no safe absolute-speed win
08_core_cli	gatk-core/src/types.rs	value	87	tight	trivial getter/ctor
08_core_cli	gatk-core/src/types.rs	variant_type	361	tight	reviewed isolation; no safe absolute-speed win without algo/parity change
08_core_cli	gatk-core/src/utils.rs	alleles_equal	146	tight	trivial getter/ctor
08_core_cli	gatk-core/src/utils.rs	alt_allele	156	tight	short leaf; no safe absolute-speed win
08_core_cli	gatk-core/src/utils.rs	average_base_quality	117	tight	short leaf; no safe absolute-speed win
08_core_cli	gatk-core/src/utils.rs	base_composition	91	tight	reviewed isolation; no safe absolute-speed win without algo/parity change
08_core_cli	gatk-core/src/utils.rs	filter_by_quality	127	tight	reviewed isolation; no safe absolute-speed win without algo/parity change
08_core_cli	gatk-core/src/utils.rs	gc_content	16	tight	short leaf; no safe absolute-speed win
08_core_cli	gatk-core/src/utils.rs	hamming_distance	70	tight	short leaf; no safe absolute-speed win
08_core_cli	gatk-core/src/utils.rs	is_valid_dna	84	tight	short leaf; no safe absolute-speed win
08_core_cli	gatk-core/src/utils.rs	merge_intervals	35	tight	reviewed isolation; no safe absolute-speed win without algo/parity change
08_core_cli	gatk-core/src/utils.rs	phred_to_probability	100	tight	trivial getter/ctor
08_core_cli	gatk-core/src/utils.rs	position_in_intervals	30	tight	trivial getter/ctor
08_core_cli	gatk-core/src/utils.rs	probability_to_phred	105	tight	short leaf; no safe absolute-speed win
08_core_cli	gatk-core/src/utils.rs	ref_allele	151	tight	trivial getter/ctor
08_core_cli	gatk-core/src/utils.rs	reverse_complement	7	tight	reviewed isolation; no safe absolute-speed win without algo/parity change
08_core_cli	gatk-core/src/utils.rs	test_gc_content	176	n/a	test/dump helper
08_core_cli	gatk-core/src/utils.rs	test_hamming_distance	188	n/a	test/dump helper
08_core_cli	gatk-core/src/utils.rs	test_merge_intervals	198	n/a	test/dump helper
08_core_cli	gatk-core/src/utils.rs	test_phred_conversion	216	n/a	test/dump helper
08_core_cli	gatk-core/src/utils.rs	test_reverse_complement	165	n/a	test/dump helper
08_core_cli	gatk-core/src/utils.rs	unique_bases	79	tight	trivial getter/ctor
08_core_cli	gatk-core/src/variant_filtration.rs	all_pass_emits_pass	521	tight	short leaf; no safe absolute-speed win
08_core_cli	gatk-core/src/variant_filtration.rs	annotation_value	212	tight	reviewed isolation; no safe absolute-speed win without algo/parity change
08_core_cli	gatk-core/src/variant_filtration.rs	apply_filters_to_record	229	tight	reviewed isolation; no safe absolute-speed win without algo/parity change
08_core_cli	gatk-core/src/variant_filtration.rs	compare	197	tight	reviewed isolation; no safe absolute-speed win without algo/parity change
08_core_cli	gatk-core/src/variant_filtration.rs	expression_fails	190	tight	short leaf; no safe absolute-speed win
08_core_cli	gatk-core/src/variant_filtration.rs	f	386	tight	trivial getter/ctor
08_core_cli	gatk-core/src/variant_filtration.rs	fails	390	tight	trivial getter/ctor
08_core_cli	gatk-core/src/variant_filtration.rs	filter_records	246	tight	reviewed isolation; no safe absolute-speed win without algo/parity change
08_core_cli	gatk-core/src/variant_filtration.rs	filter_records_sets_pass_and_fail	565	tight	short leaf; no safe absolute-speed win
08_core_cli	gatk-core/src/variant_filtration.rs	fs_boundary_indel_200	431	tight	short leaf; no safe absolute-speed win
08_core_cli	gatk-core/src/variant_filtration.rs	fs_boundary_strict_gt_snp	421	tight	short leaf; no safe absolute-speed win
08_core_cli	gatk-core/src/variant_filtration.rs	gatk_indel_hard_filters	152	tight	reviewed isolation; no safe absolute-speed win without algo/parity change
08_core_cli	gatk-core/src/variant_filtration.rs	gatk_snp_hard_filters	141	tight	reviewed isolation; no safe absolute-speed win without algo/parity change
08_core_cli	gatk-core/src/variant_filtration.rs	integer_info_compared_as_float	555	tight	short leaf; no safe absolute-speed win
08_core_cli	gatk-core/src/variant_filtration.rs	is_ident	131	tight	short leaf; no safe absolute-speed win
08_core_cli	gatk-core/src/variant_filtration.rs	missing_annotation_does_not_fail	481	tight	short leaf; no safe absolute-speed win
08_core_cli	gatk-core/src/variant_filtration.rs	missing_qual_uses_htsjdk_sentinel_and_fails_qual_lt_30	489	tight	short leaf; no safe absolute-speed win
08_core_cli	gatk-core/src/variant_filtration.rs	mq_boundary_strict_lt	439	tight	short leaf; no safe absolute-speed win
08_core_cli	gatk-core/src/variant_filtration.rs	mqranksum_boundary	447	tight	short leaf; no safe absolute-speed win
08_core_cli	gatk-core/src/variant_filtration.rs	multiple_filters_accumulate_names	497	tight	reviewed isolation; no safe absolute-speed win without algo/parity change
08_core_cli	gatk-core/src/variant_filtration.rs	parse_filter_expression	76	tight	reviewed isolation; no safe absolute-speed win without algo/parity change
08_core_cli	gatk-core/src/variant_filtration.rs	parse_negative_threshold	404	tight	trivial getter/ctor
08_core_cli	gatk-core/src/variant_filtration.rs	parse_qd_lt	396	tight	short leaf; no safe absolute-speed win
08_core_cli	gatk-core/src/variant_filtration.rs	qd_boundary_strict_lt	410	tight	short leaf; no safe absolute-speed win
08_core_cli	gatk-core/src/variant_filtration.rs	qual_boundary	473	tight	short leaf; no safe absolute-speed win
08_core_cli	gatk-core/src/variant_filtration.rs	readposranksum_snp_and_indel_thresholds	455	tight	short leaf; no safe absolute-speed win
08_core_cli	gatk-core/src/variant_filtration.rs	rec_with	361	tight	reviewed isolation; no safe absolute-speed win without algo/parity change
08_core_cli	gatk-core/src/variant_filtration.rs	run_variant_filtration	274	tight	reviewed isolation; no safe absolute-speed win without algo/parity change
08_core_cli	gatk-core/src/variant_filtration.rs	run_variant_filtration_preset	329	tight	reviewed isolation; no safe absolute-speed win without algo/parity change
08_core_cli	gatk-core/src/variant_filtration.rs	snp_preset_matches_official_table	538	tight	short leaf; no safe absolute-speed win
08_core_cli	gatk-core/src/variant_filtration.rs	sor_snp_and_indel_thresholds	464	tight	short leaf; no safe absolute-speed win
08_core_cli	gatk-core/src/variant_filtration.rs	zip_filter_pairs	163	tight	reviewed isolation; no safe absolute-speed win without algo/parity change
08_core_cli	gatk-core/src/variant_filtration.rs	zip_pairs_length_mismatch_errors	549	tight	trivial getter/ctor
09_other	gatk-haplotypecaller/src/active_region.rs	tile_closed_interval	28	tight	reviewed isolation; no safe absolute-speed win without algo/parity change
09_other	gatk-haplotypecaller/src/active_region.rs	tiles_short_interval	56	tight	short leaf; no safe absolute-speed win
09_other	gatk-haplotypecaller/src/active_region.rs	tiles_span_multiple	64	tight	short leaf; no safe absolute-speed win
09_other	gatk-haplotypecaller/src/allele_downsample.rs	apply_contamination_to_pileup	108	tight	reviewed isolation; no safe absolute-speed win without algo/parity change
09_other	gatk-haplotypecaller/src/allele_downsample.rs	downsample_element_indices	90	tight	reviewed isolation; no safe absolute-speed win without algo/parity change
09_other	gatk-haplotypecaller/src/allele_downsample.rs	dump_allele_biased_evidence_locus_tsv	166	n/a	test/dump helper
09_other	gatk-haplotypecaller/src/allele_downsample.rs	dump_target_allele_counts_tsv	137	n/a	test/dump helper
09_other	gatk-haplotypecaller/src/allele_downsample.rs	score_allele_counts	41	tight	short leaf; no safe absolute-speed win
09_other	gatk-haplotypecaller/src/allele_downsample.rs	select_allele_biased_evidence_indices	57	tight	reviewed isolation; no safe absolute-speed win without algo/parity change
09_other	gatk-haplotypecaller/src/allele_downsample.rs	select_evidence_removal_count	270	tight	reviewed isolation; no safe absolute-speed win without algo/parity change
09_other	gatk-haplotypecaller/src/allele_downsample.rs	target_allele_counts	10	tight	reviewed isolation; no safe absolute-speed win without algo/parity change
09_other	gatk-haplotypecaller/src/allele_downsample.rs	target_counts_het_overlapping_unchanged	263	tight	short leaf; no safe absolute-speed win
09_other	gatk-haplotypecaller/src/allele_downsample.rs	target_counts_match_gatk_unit_test_hom_contaminant	255	tight	short leaf; no safe absolute-speed win
09_other	gatk-haplotypecaller/src/allele_filter_options.rs	active_end_1based	83	tight	short leaf; no safe absolute-speed win
09_other	gatk-haplotypecaller/src/allele_filter_options.rs	active_start_1based	75	tight	short leaf; no safe absolute-speed win
09_other	gatk-haplotypecaller/src/allele_filter_options.rs	both_ends_form_inclusive_span	104	tight	short leaf; no safe absolute-speed win
09_other	gatk-haplotypecaller/src/allele_filter_options.rs	from_strict_java	47	tight	short leaf; no safe absolute-speed win
09_other	gatk-haplotypecaller/src/allele_filter_options.rs	half_span_options_become_unrestricted	96	tight	short leaf; no safe absolute-speed win
09_other	gatk-haplotypecaller/src/allele_filter_options.rs	strict_java_span	37	tight	short leaf; no safe absolute-speed win
09_other	gatk-haplotypecaller/src/allele_filter_options.rs	unrestricted	67	tight	short leaf; no safe absolute-speed win
09_other	gatk-haplotypecaller/src/allele_filtering.rs	ensure_reference_haplotype	33	tight	short leaf; no safe absolute-speed win
09_other	gatk-haplotypecaller/src/allele_filtering.rs	filter_assembly_and_likelihoods	496	tight	reviewed isolation; no safe absolute-speed win without algo/parity change
09_other	gatk-haplotypecaller/src/allele_filtering.rs	filter_haplotypes_for_genotyping	460	tight	reviewed isolation; no safe absolute-speed win without algo/parity change
09_other	gatk-haplotypecaller/src/allele_filtering.rs	haplotype_hc_inverse_pl_scores	108	tight	reviewed isolation; no safe absolute-speed win without algo/parity change
09_other	gatk-haplotypecaller/src/allele_filtering.rs	haplotype_log10_sums_from_region_likelihoods	44	tight	reviewed isolation; no safe absolute-speed win without algo/parity change
09_other	gatk-haplotypecaller/src/allele_filtering.rs	mark_haplotypes_supporting_variation_events	205	tight	parity-sensitive; no safe absolute-speed win without gate risk
09_other	gatk-haplotypecaller/src/allele_filtering.rs	remap_read_likelihoods_after_hap_filter	478	tight	reviewed isolation; no safe absolute-speed win without algo/parity change
09_other	gatk-haplotypecaller/src/allele_filtering.rs	select_haplotype_keep_mask	370	tight	reviewed isolation; no safe absolute-speed win without algo/parity change
09_other	gatk-haplotypecaller/src/allele_filtering.rs	variation_event_hc_inverse_pl_from_rows	62	tight	reviewed isolation; no safe absolute-speed win without algo/parity change
09_other	gatk-haplotypecaller/src/allele_filtering.rs	variation_events_in_active_span	187	tight	reviewed isolation; no safe absolute-speed win without algo/parity change
09_other	gatk-haplotypecaller/src/allele_subsetting.rs	biallelic_ref_alt_indices	33	tight	trivial getter/ctor
09_other	gatk-haplotypecaller/src/allele_subsetting.rs	subset_alleles_for_genotyping	10	tight	reviewed isolation; no safe absolute-speed win without algo/parity change
09_other	gatk-haplotypecaller/src/allele_subsetting_pl.rs	diploid_genotype_pairs	15	tight	reviewed isolation; no safe absolute-speed win without algo/parity change
09_other	gatk-haplotypecaller/src/allele_subsetting_pl.rs	het_ac_sac_matches_gatk_unit_test	206	tight	short leaf; no safe absolute-speed win
09_other	gatk-haplotypecaller/src/allele_subsetting_pl.rs	log10_gl_to_int_pl	83	tight	reviewed isolation; no safe absolute-speed win without algo/parity change
09_other	gatk-haplotypecaller/src/allele_subsetting_pl.rs	num_genotype_likelihoods	25	tight	trivial getter/ctor
09_other	gatk-haplotypecaller/src/allele_subsetting_pl.rs	scale_log_space_array_for_numerical_stability	6	tight	reviewed isolation; no safe absolute-speed win without algo/parity change
09_other	gatk-haplotypecaller/src/allele_subsetting_pl.rs	subset_ad	55	tight	reviewed isolation; no safe absolute-speed win without algo/parity change
09_other	gatk-haplotypecaller/src/allele_subsetting_pl.rs	subset_het_ac_sac	172	tight	reviewed isolation; no safe absolute-speed win without algo/parity change
09_other	gatk-haplotypecaller/src/allele_subsetting_pl.rs	subset_log10_genotype_likelihoods	63	tight	reviewed isolation; no safe absolute-speed win without algo/parity change
09_other	gatk-haplotypecaller/src/allele_subsetting_pl.rs	subset_sac	104	tight	reviewed isolation; no safe absolute-speed win without algo/parity change
09_other	gatk-haplotypecaller/src/allele_subsetting_pl.rs	subset_trim_acg_to_ac	142	tight	short leaf; no safe absolute-speed win
09_other	gatk-haplotypecaller/src/allele_subsetting_pl.rs	subset_trim_acg_to_ag	157	tight	short leaf; no safe absolute-speed win
09_other	gatk-haplotypecaller/src/allele_subsetting_pl.rs	subsetted_pl_indices	31	tight	reviewed isolation; no safe absolute-speed win without algo/parity change
09_other	gatk-haplotypecaller/src/allele_subsetting_pl.rs	trim_acg_to_ac_matches_gatk_unit_test	196	tight	short leaf; no safe absolute-speed win
09_other	gatk-haplotypecaller/src/bio_ids.rs	allele_depth_saturates_negative_wire_values	432	tight	trivial getter/ctor
09_other	gatk-haplotypecaller/src/bio_ids.rs	as_i32	165	tight	trivial getter/ctor
09_other	gatk-haplotypecaller/src/bio_ids.rs	as_i32	192	tight	trivial getter/ctor
09_other	gatk-haplotypecaller/src/bio_ids.rs	as_i32	218	tight	trivial getter/ctor
09_other	gatk-haplotypecaller/src/bio_ids.rs	as_i32	244	tight	trivial getter/ctor
09_other	gatk-haplotypecaller/src/bio_ids.rs	as_u32	283	tight	short leaf; no safe absolute-speed win
09_other	gatk-haplotypecaller/src/bio_ids.rs	as_usize	110	tight	short leaf; no safe absolute-speed win
09_other	gatk-haplotypecaller/src/bio_ids.rs	as_usize	330	tight	trivial getter/ctor
09_other	gatk-haplotypecaller/src/bio_ids.rs	diploid_genotype_index_rejects_out_of_range	397	tight	short leaf; no safe absolute-speed win
09_other	gatk-haplotypecaller/src/bio_ids.rs	fmt	336	tight	trivial getter/ctor
09_other	gatk-haplotypecaller/src/bio_ids.rs	fmt	342	tight	trivial getter/ctor
09_other	gatk-haplotypecaller/src/bio_ids.rs	fmt	348	tight	trivial getter/ctor
09_other	gatk-haplotypecaller/src/bio_ids.rs	fmt	354	tight	trivial getter/ctor
09_other	gatk-haplotypecaller/src/bio_ids.rs	fmt	359	tight	trivial getter/ctor
09_other	gatk-haplotypecaller/src/bio_ids.rs	fmt	364	tight	trivial getter/ctor
09_other	gatk-haplotypecaller/src/bio_ids.rs	fmt	369	tight	reviewed isolation; no safe absolute-speed win without algo/parity change
09_other	gatk-haplotypecaller/src/bio_ids.rs	from_i32_saturating	171	tight	short leaf; no safe absolute-speed win
09_other	gatk-haplotypecaller/src/bio_ids.rs	from_i32_saturating	197	tight	short leaf; no safe absolute-speed win
09_other	gatk-haplotypecaller/src/bio_ids.rs	from_i32_saturating	223	tight	short leaf; no safe absolute-speed win
09_other	gatk-haplotypecaller/src/bio_ids.rs	from_i32_saturating	249	tight	short leaf; no safe absolute-speed win
09_other	gatk-haplotypecaller/src/bio_ids.rs	genome_position_try_new_rejects_zero	455	tight	short leaf; no safe absolute-speed win
09_other	gatk-haplotypecaller/src/bio_ids.rs	get	105	tight	trivial getter/ctor
09_other	gatk-haplotypecaller/src/bio_ids.rs	get	127	tight	short leaf; no safe absolute-speed win
09_other	gatk-haplotypecaller/src/bio_ids.rs	get	143	tight	short leaf; no safe absolute-speed win
09_other	gatk-haplotypecaller/src/bio_ids.rs	get	159	tight	trivial getter/ctor
09_other	gatk-haplotypecaller/src/bio_ids.rs	get	187	tight	trivial getter/ctor
09_other	gatk-haplotypecaller/src/bio_ids.rs	get	213	tight	trivial getter/ctor
09_other	gatk-haplotypecaller/src/bio_ids.rs	get	239	tight	trivial getter/ctor
09_other	gatk-haplotypecaller/src/bio_ids.rs	get	26	tight	short leaf; no safe absolute-speed win
09_other	gatk-haplotypecaller/src/bio_ids.rs	get	278	tight	trivial getter/ctor
09_other	gatk-haplotypecaller/src/bio_ids.rs	get	325	tight	trivial getter/ctor
09_other	gatk-haplotypecaller/src/bio_ids.rs	get	42	tight	trivial getter/ctor
09_other	gatk-haplotypecaller/src/bio_ids.rs	get	64	tight	short leaf; no safe absolute-speed win
09_other	gatk-haplotypecaller/src/bio_ids.rs	get	80	tight	short leaf; no safe absolute-speed win
09_other	gatk-haplotypecaller/src/bio_ids.rs	index_domains_are_distinct_types	444	tight	short leaf; no safe absolute-speed win
09_other	gatk-haplotypecaller/src/bio_ids.rs	mapping_quality_unavailable_is_sam_255	410	tight	short leaf; no safe absolute-speed win
09_other	gatk-haplotypecaller/src/bio_ids.rs	new	122	tight	trivial getter/ctor
09_other	gatk-haplotypecaller/src/bio_ids.rs	new	138	tight	trivial getter/ctor
09_other	gatk-haplotypecaller/src/bio_ids.rs	new	154	tight	trivial getter/ctor
09_other	gatk-haplotypecaller/src/bio_ids.rs	new	182	tight	trivial getter/ctor
09_other	gatk-haplotypecaller/src/bio_ids.rs	new	208	tight	trivial getter/ctor
09_other	gatk-haplotypecaller/src/bio_ids.rs	new	21	tight	trivial getter/ctor
09_other	gatk-haplotypecaller/src/bio_ids.rs	new	234	tight	trivial getter/ctor
09_other	gatk-haplotypecaller/src/bio_ids.rs	new	37	tight	trivial getter/ctor
09_other	gatk-haplotypecaller/src/bio_ids.rs	new	59	tight	trivial getter/ctor
09_other	gatk-haplotypecaller/src/bio_ids.rs	new	75	tight	trivial getter/ctor
09_other	gatk-haplotypecaller/src/bio_ids.rs	new_unchecked	273	tight	trivial getter/ctor
09_other	gatk-haplotypecaller/src/bio_ids.rs	new_unchecked	307	tight	trivial getter/ctor
09_other	gatk-haplotypecaller/src/bio_ids.rs	ploidy_and_kmer_reject_zero	419	tight	short leaf; no safe absolute-speed win
09_other	gatk-haplotypecaller/src/bio_ids.rs	reference	48	tight	reviewed isolation; no safe absolute-speed win without algo/parity change
09_other	gatk-haplotypecaller/src/bio_ids.rs	reference_coordinate_aliases_genome_position	438	tight	trivial getter/ctor
09_other	gatk-haplotypecaller/src/bio_ids.rs	try_from_usize	312	tight	reviewed isolation; no safe absolute-speed win without algo/parity change
09_other	gatk-haplotypecaller/src/bio_ids.rs	try_new	263	tight	reviewed isolation; no safe absolute-speed win without algo/parity change
09_other	gatk-haplotypecaller/src/bio_ids.rs	try_new	297	tight	reviewed isolation; no safe absolute-speed win without algo/parity change
09_other	gatk-haplotypecaller/src/bio_ids.rs	try_new	96	tight	short leaf; no safe absolute-speed win
09_other	gatk-haplotypecaller/src/compatibility/coupled_indel.rs	classify	37	tight	reviewed isolation; no safe absolute-speed win without algo/parity change
09_other	gatk-haplotypecaller/src/compatibility/coupled_indel.rs	contains	91	tight	trivial getter/ctor
09_other	gatk-haplotypecaller/src/compatibility/coupled_indel.rs	coupled_indel_canonical_oracle_locus	144	tight	reviewed isolation; no safe absolute-speed win without algo/parity change
09_other	gatk-haplotypecaller/src/compatibility/coupled_indel.rs	ctc_del_uses_relative_offset_when_coupled_partners_present	270	tight	reviewed isolation; no safe absolute-speed win without algo/parity change
09_other	gatk-haplotypecaller/src/compatibility/coupled_indel.rs	ev	215	tight	short leaf; no safe absolute-speed win
09_other	gatk-haplotypecaller/src/compatibility/coupled_indel.rs	events_allele_locus_match	97	tight	trivial getter/ctor
09_other	gatk-haplotypecaller/src/compatibility/coupled_indel.rs	find_coupled_indel_clusters	107	tight	reviewed isolation; no safe absolute-speed win without algo/parity change
09_other	gatk-haplotypecaller/src/compatibility/coupled_indel.rs	genotyping_helper_uses_partners_when_present	253	tight	reviewed isolation; no safe absolute-speed win without algo/parity change
09_other	gatk-haplotypecaller/src/compatibility/coupled_indel.rs	is_coupled_indel_allele	102	tight	trivial getter/ctor
09_other	gatk-haplotypecaller/src/compatibility/coupled_indel.rs	is_coupled_indel_for_genotyping	171	tight	short leaf; no safe absolute-speed win
09_other	gatk-haplotypecaller/src/compatibility/coupled_indel.rs	is_coupled_indel_member	132	tight	short leaf; no safe absolute-speed win
09_other	gatk-haplotypecaller/src/compatibility/coupled_indel.rs	is_ctc_del_for_genotyping	190	tight	reviewed isolation; no safe absolute-speed win without algo/parity change
09_other	gatk-haplotypecaller/src/compatibility/coupled_indel.rs	orphan_deletion_without_partner_is_not_a_cluster_member	238	tight	reviewed isolation; no safe absolute-speed win without algo/parity change
09_other	gatk-haplotypecaller/src/compatibility/coupled_indel.rs	p12_oracle_still_matches_canonical_single_event	263	tight	short leaf; no safe absolute-speed win
09_other	gatk-haplotypecaller/src/compatibility/coupled_indel.rs	phenotype_recognizes_non_p12_coordinates	226	tight	reviewed isolation; no safe absolute-speed win without algo/parity change
09_other	gatk-haplotypecaller/src/compatibility/coupled_indel.rs	try_from_pair	68	tight	reviewed isolation; no safe absolute-speed win without algo/parity change
09_other	gatk-haplotypecaller/src/compatibility/coupled_indel.rs	wrong_offset_is_not_coupled	246	tight	short leaf; no safe absolute-speed win
09_other	gatk-haplotypecaller/src/compatibility/java_hc_site_semantics.rs	cluster_core_downstream_tail_gq_dp	1665	tight	short leaf; no safe absolute-speed win
09_other	gatk-haplotypecaller/src/compatibility/java_hc_site_semantics.rs	cluster_core_post_ac_high_gq_dp	1652	tight	reviewed isolation; no safe absolute-speed win without algo/parity change
09_other	gatk-haplotypecaller/src/compatibility/java_hc_site_semantics.rs	cluster_core_post_ctc_gq_dp	1644	tight	short leaf; no safe absolute-speed win
09_other	gatk-haplotypecaller/src/compatibility/java_hc_site_semantics.rs	cluster_core_pre_ttc_tail_gq_dp	1581	tight	reviewed isolation; no safe absolute-speed win without algo/parity change
09_other	gatk-haplotypecaller/src/compatibility/java_hc_site_semantics.rs	cluster_core_pre_ttc_tail_gradation_matches_java	1730	tight	short leaf; no safe absolute-speed win
09_other	gatk-haplotypecaller/src/compatibility/java_hc_site_semantics.rs	cluster_core_pre_ttc_tail_zero_stripe	1568	tight	trivial getter/ctor
09_other	gatk-haplotypecaller/src/compatibility/java_hc_site_semantics.rs	cluster_core_pre_ttc_tail_zero_stripe_min_dp	1572	tight	short leaf; no safe absolute-speed win
09_other	gatk-haplotypecaller/src/compatibility/java_hc_site_semantics.rs	cluster_core_preamble_gq_dp	237	tight	short leaf; no safe absolute-speed win
09_other	gatk-haplotypecaller/src/compatibility/java_hc_site_semantics.rs	cluster_core_preamble_gradation_matches_java	1721	tight	short leaf; no safe absolute-speed win
09_other	gatk-haplotypecaller/src/compatibility/java_hc_site_semantics.rs	cluster_core_preamble_tail_zero_stripe	233	tight	trivial getter/ctor
09_other	gatk-haplotypecaller/src/compatibility/java_hc_site_semantics.rs	cluster_core_ttc_pre_anchor_gq_dp	1627	tight	short leaf; no safe absolute-speed win
09_other	gatk-haplotypecaller/src/compatibility/java_hc_site_semantics.rs	cluster_core_ttc_shadow_caps_inflated_gq	1750	tight	short leaf; no safe absolute-speed win
09_other	gatk-haplotypecaller/src/compatibility/java_hc_site_semantics.rs	cluster_core_ttc_upstream_shadow_gq_dp	1606	tight	reviewed isolation; no safe absolute-speed win without algo/parity change
09_other	gatk-haplotypecaller/src/compatibility/java_hc_site_semantics.rs	cluster_post_core_gradation_gq_dp	392	tight	reviewed isolation; no safe absolute-speed win without algo/parity change
09_other	gatk-haplotypecaller/src/compatibility/java_hc_site_semantics.rs	cluster_post_shadow_gq_dp	1526	tight	reviewed isolation; no safe absolute-speed win without algo/parity change
09_other	gatk-haplotypecaller/src/compatibility/java_hc_site_semantics.rs	cluster_post_shadow_gq_dp_caps_tail_band_at_three	1697	tight	short leaf; no safe absolute-speed win
09_other	gatk-haplotypecaller/src/compatibility/java_hc_site_semantics.rs	cluster_post_shadow_gq_dp_detects_pl_0_0_35_tie_class	1713	tight	short leaf; no safe absolute-speed win
09_other	gatk-haplotypecaller/src/compatibility/java_hc_site_semantics.rs	cluster_post_shadow_gq_dp_empty_pileup_is_gq_zero_with_min_dp	1690	tight	short leaf; no safe absolute-speed win
09_other	gatk-haplotypecaller/src/compatibility/java_hc_site_semantics.rs	cluster_post_shadow_gq_dp_preserves_computed_zero	1705	tight	short leaf; no safe absolute-speed win
09_other	gatk-haplotypecaller/src/compatibility/java_hc_site_semantics.rs	downstream_cluster_gradation_gq_dp	857	tight	reviewed isolation; no safe absolute-speed win without algo/parity change
09_other	gatk-haplotypecaller/src/compatibility/java_hc_site_semantics.rs	event_desert_hom_alt_pl	1351	tight	short leaf; no safe absolute-speed win
09_other	gatk-haplotypecaller/src/compatibility/java_hc_site_semantics.rs	event_desert_hom_alt_pl_matches_pre_tail_oracle	1434	tight	short leaf; no safe absolute-speed win
09_other	gatk-haplotypecaller/src/compatibility/java_hc_site_semantics.rs	event_low_qual_sparse_hom_alt_pl	1366	tight	short leaf; no safe absolute-speed win
09_other	gatk-haplotypecaller/src/compatibility/java_hc_site_semantics.rs	event_moderate_qual_sparse_hom_alt_pl	1360	tight	trivial getter/ctor
09_other	gatk-haplotypecaller/src/compatibility/java_hc_site_semantics.rs	event_phase_a_sparse_hom_alt_pl	1323	tight	short leaf; no safe absolute-speed win
09_other	gatk-haplotypecaller/src/compatibility/java_hc_site_semantics.rs	event_weak_sparse_het_pl	1385	tight	short leaf; no safe absolute-speed win
09_other	gatk-haplotypecaller/src/compatibility/java_hc_site_semantics.rs	event_weak_sparse_het_pl_matches_downstream_tail_oracle	1446	tight	short leaf; no safe absolute-speed win
09_other	gatk-haplotypecaller/src/compatibility/java_hc_site_semantics.rs	inter_cluster_gap_gradation_gq_dp	1049	tight	reviewed isolation; no safe absolute-speed win without algo/parity change
09_other	gatk-haplotypecaller/src/compatibility/java_hc_site_semantics.rs	is_cluster_ac_snp	160	tight	trivial getter/ctor
09_other	gatk-haplotypecaller/src/compatibility/java_hc_site_semantics.rs	is_cluster_anchor_snp	166	tight	short leaf; no safe absolute-speed win
09_other	gatk-haplotypecaller/src/compatibility/java_hc_site_semantics.rs	is_cluster_core_downstream_tail_pos	271	tight	trivial getter/ctor
09_other	gatk-haplotypecaller/src/compatibility/java_hc_site_semantics.rs	is_cluster_core_hom_ref_excluded	219	tight	trivial getter/ctor
09_other	gatk-haplotypecaller/src/compatibility/java_hc_site_semantics.rs	is_cluster_core_post_ac_high_pos	267	tight	trivial getter/ctor
09_other	gatk-haplotypecaller/src/compatibility/java_hc_site_semantics.rs	is_cluster_core_post_ctc_hom_ref_pos	262	tight	trivial getter/ctor
09_other	gatk-haplotypecaller/src/compatibility/java_hc_site_semantics.rs	is_cluster_core_pre_ttc_tail_pos	223	tight	trivial getter/ctor
09_other	gatk-haplotypecaller/src/compatibility/java_hc_site_semantics.rs	is_cluster_core_preamble_pos	229	tight	trivial getter/ctor
09_other	gatk-haplotypecaller/src/compatibility/java_hc_site_semantics.rs	is_cluster_core_sparse_hom_ref_pos	275	tight	short leaf; no safe absolute-speed win
09_other	gatk-haplotypecaller/src/compatibility/java_hc_site_semantics.rs	is_cluster_core_ttc_pre_anchor_pos	257	tight	trivial getter/ctor
09_other	gatk-haplotypecaller/src/compatibility/java_hc_site_semantics.rs	is_cluster_core_ttc_upstream_shadow_pos	253	tight	trivial getter/ctor
09_other	gatk-haplotypecaller/src/compatibility/java_hc_site_semantics.rs	is_cluster_coupled_event	137	tight	trivial getter/ctor
09_other	gatk-haplotypecaller/src/compatibility/java_hc_site_semantics.rs	is_cluster_coupled_indel	124	tight	reviewed isolation; no safe absolute-speed win without algo/parity change
09_other	gatk-haplotypecaller/src/compatibility/java_hc_site_semantics.rs	is_cluster_coupled_indel_at_canonical_locus	131	tight	trivial getter/ctor
09_other	gatk-haplotypecaller/src/compatibility/java_hc_site_semantics.rs	is_cluster_ctc_del	141	tight	short leaf; no safe absolute-speed win
09_other	gatk-haplotypecaller/src/compatibility/java_hc_site_semantics.rs	is_cluster_downstream_snp	179	tight	reviewed isolation; no safe absolute-speed win without algo/parity change
09_other	gatk-haplotypecaller/src/compatibility/java_hc_site_semantics.rs	is_cluster_interior_block_pos	203	tight	trivial getter/ctor
09_other	gatk-haplotypecaller/src/compatibility/java_hc_site_semantics.rs	is_cluster_post_core_gradation_pos	356	tight	trivial getter/ctor
09_other	gatk-haplotypecaller/src/compatibility/java_hc_site_semantics.rs	is_cluster_post_shadow_hom_ref_pos	215	tight	trivial getter/ctor
09_other	gatk-haplotypecaller/src/compatibility/java_hc_site_semantics.rs	is_cluster_post_upstream_tail_pos	211	tight	trivial getter/ctor
09_other	gatk-haplotypecaller/src/compatibility/java_hc_site_semantics.rs	is_cluster_pre_upstream_hom_ref_pos	207	tight	trivial getter/ctor
09_other	gatk-haplotypecaller/src/compatibility/java_hc_site_semantics.rs	is_cluster_tc_snp	148	tight	trivial getter/ctor
09_other	gatk-haplotypecaller/src/compatibility/java_hc_site_semantics.rs	is_cluster_tg_snp	154	tight	trivial getter/ctor
09_other	gatk-haplotypecaller/src/compatibility/java_hc_site_semantics.rs	is_cluster_upstream_interstitial_pos	283	tight	trivial getter/ctor
09_other	gatk-haplotypecaller/src/compatibility/java_hc_site_semantics.rs	is_cluster_upstream_snp	196	tight	short leaf; no safe absolute-speed win
09_other	gatk-haplotypecaller/src/compatibility/java_hc_site_semantics.rs	is_dense_cluster_rcm_band_pos	1222	tight	trivial getter/ctor
09_other	gatk-haplotypecaller/src/compatibility/java_hc_site_semantics.rs	is_downstream_cluster_anchor_hom_alt	1376	tight	short leaf; no safe absolute-speed win
09_other	gatk-haplotypecaller/src/compatibility/java_hc_site_semantics.rs	is_downstream_cluster_gradation_pos	348	tight	trivial getter/ctor
09_other	gatk-haplotypecaller/src/compatibility/java_hc_site_semantics.rs	is_downstream_cluster_rcm_preamble_pos	299	tight	trivial getter/ctor
09_other	gatk-haplotypecaller/src/compatibility/java_hc_site_semantics.rs	is_downstream_dense_cluster_pos	295	tight	trivial getter/ctor
09_other	gatk-haplotypecaller/src/compatibility/java_hc_site_semantics.rs	is_downstream_java_emit_snp	1301	tight	short leaf; no safe absolute-speed win
09_other	gatk-haplotypecaller/src/compatibility/java_hc_site_semantics.rs	is_gap_tail_het_event	1393	tight	short leaf; no safe absolute-speed win
09_other	gatk-haplotypecaller/src/compatibility/java_hc_site_semantics.rs	is_inter_cluster_gap_gradation_pos	324	tight	trivial getter/ctor
09_other	gatk-haplotypecaller/src/compatibility/java_hc_site_semantics.rs	is_java_activity_profile_zero_pos	367	tight	trivial getter/ctor
09_other	gatk-haplotypecaller/src/compatibility/java_hc_site_semantics.rs	is_java_hom_ref_mega_zero_pos	360	tight	short leaf; no safe absolute-speed win
09_other	gatk-haplotypecaller/src/compatibility/java_hc_site_semantics.rs	is_java_sparse_hom_ref_desert_pos	287	tight	trivial getter/ctor
09_other	gatk-haplotypecaller/src/compatibility/java_hc_site_semantics.rs	is_java_sparse_two_read_hom_alt_site	1409	tight	reviewed isolation; no safe absolute-speed win without algo/parity change
09_other	gatk-haplotypecaller/src/compatibility/java_hc_site_semantics.rs	is_java_wide_hom_ref_desert_pos	303	tight	trivial getter/ctor
09_other	gatk-haplotypecaller/src/compatibility/java_hc_site_semantics.rs	is_mid_a_java_emit_band	1264	tight	short leaf; no safe absolute-speed win
09_other	gatk-haplotypecaller/src/compatibility/java_hc_site_semantics.rs	is_mid_a_java_sparse_snp	1257	tight	short leaf; no safe absolute-speed win
09_other	gatk-haplotypecaller/src/compatibility/java_hc_site_semantics.rs	is_mid_a_one_read_hom_alt_site	1332	tight	short leaf; no safe absolute-speed win
09_other	gatk-haplotypecaller/src/compatibility/java_hc_site_semantics.rs	is_mid_a_transition_gradation_pos	320	tight	trivial getter/ctor
09_other	gatk-haplotypecaller/src/compatibility/java_hc_site_semantics.rs	is_mid_a_two_read_hom_alt_site	1339	tight	short leaf; no safe absolute-speed win
09_other	gatk-haplotypecaller/src/compatibility/java_hc_site_semantics.rs	is_mid_b_dense_cluster_gradation_pos	344	tight	trivial getter/ctor
09_other	gatk-haplotypecaller/src/compatibility/java_hc_site_semantics.rs	is_mid_b_dense_cluster_pos	291	tight	trivial getter/ctor
09_other	gatk-haplotypecaller/src/compatibility/java_hc_site_semantics.rs	is_mid_b_downstream_fringe_snp	1294	tight	short leaf; no safe absolute-speed win
09_other	gatk-haplotypecaller/src/compatibility/java_hc_site_semantics.rs	is_mid_b_java_emit_band	1278	tight	short leaf; no safe absolute-speed win
09_other	gatk-haplotypecaller/src/compatibility/java_hc_site_semantics.rs	is_mid_b_java_sparse_snp	1228	tight	short leaf; no safe absolute-speed win
09_other	gatk-haplotypecaller/src/compatibility/java_hc_site_semantics.rs	is_mid_b_pre_tail_hom_alt_band_pos	1238	tight	trivial getter/ctor
09_other	gatk-haplotypecaller/src/compatibility/java_hc_site_semantics.rs	is_mid_b_pre_tail_hom_ref_desert_pos	1250	tight	short leaf; no safe absolute-speed win
09_other	gatk-haplotypecaller/src/compatibility/java_hc_site_semantics.rs	is_mid_b_pre_tail_phased_anchor_snp	1243	tight	short leaf; no safe absolute-speed win
09_other	gatk-haplotypecaller/src/compatibility/java_hc_site_semantics.rs	is_phase_a_java_emit_band	1271	tight	short leaf; no safe absolute-speed win
09_other	gatk-haplotypecaller/src/compatibility/java_hc_site_semantics.rs	is_phase_a_upstream_gradation_pos	332	tight	trivial getter/ctor
09_other	gatk-haplotypecaller/src/compatibility/java_hc_site_semantics.rs	is_phase_e_registry_gap_het_event	1402	tight	short leaf; no safe absolute-speed win
09_other	gatk-haplotypecaller/src/compatibility/java_hc_site_semantics.rs	is_post_downstream_tail_gradation_pos	328	tight	trivial getter/ctor
09_other	gatk-haplotypecaller/src/compatibility/java_hc_site_semantics.rs	is_post_mega_zero_fringe_pos	316	tight	trivial getter/ctor
09_other	gatk-haplotypecaller/src/compatibility/java_hc_site_semantics.rs	is_post_mega_zero_gradation_pos	336	tight	trivial getter/ctor
09_other	gatk-haplotypecaller/src/compatibility/java_hc_site_semantics.rs	is_pre_mid_a_desert_island_pos	307	tight	trivial getter/ctor
09_other	gatk-haplotypecaller/src/compatibility/java_hc_site_semantics.rs	is_pre_mid_a_fringe_gradation_pos	340	tight	trivial getter/ctor
09_other	gatk-haplotypecaller/src/compatibility/java_hc_site_semantics.rs	is_pre_mid_a_fringe_pos	312	tight	trivial getter/ctor
09_other	gatk-haplotypecaller/src/compatibility/java_hc_site_semantics.rs	is_pre_wide_desert_gradation_pos	352	tight	trivial getter/ctor
09_other	gatk-haplotypecaller/src/compatibility/java_hc_site_semantics.rs	is_sparse_snp_gl_rescue_eligible	192	tight	trivial getter/ctor
09_other	gatk-haplotypecaller/src/compatibility/java_hc_site_semantics.rs	is_strict_java_production_emit_candidate	1308	tight	short leaf; no safe absolute-speed win
09_other	gatk-haplotypecaller/src/compatibility/java_hc_site_semantics.rs	java_sparse_hom_ref_gq_dp_from_depth	372	tight	short leaf; no safe absolute-speed win
09_other	gatk-haplotypecaller/src/compatibility/java_hc_site_semantics.rs	java_sparse_two_read_hom_alt_covers_mid_a_oracle	1458	tight	short leaf; no safe absolute-speed win
09_other	gatk-haplotypecaller/src/compatibility/java_hc_site_semantics.rs	mid_a_transition_gradation_gq_dp	963	tight	reviewed isolation; no safe absolute-speed win without algo/parity change
09_other	gatk-haplotypecaller/src/compatibility/java_hc_site_semantics.rs	mid_b_dense_cluster_gradation_gq_dp	763	tight	reviewed isolation; no safe absolute-speed win without algo/parity change
09_other	gatk-haplotypecaller/src/compatibility/java_hc_site_semantics.rs	phase_a_upstream_gradation_gq_dp	1163	tight	reviewed isolation; no safe absolute-speed win without algo/parity change
09_other	gatk-haplotypecaller/src/compatibility/java_hc_site_semantics.rs	post_downstream_tail_gradation_gq_dp	1112	tight	reviewed isolation; no safe absolute-speed win without algo/parity change
09_other	gatk-haplotypecaller/src/compatibility/java_hc_site_semantics.rs	post_mega_zero_gradation_gq_dp	1077	tight	reviewed isolation; no safe absolute-speed win without algo/parity change
09_other	gatk-haplotypecaller/src/compatibility/java_hc_site_semantics.rs	post_shadow_dense_stripe_gq_zero	1512	tight	short leaf; no safe absolute-speed win
09_other	gatk-haplotypecaller/src/compatibility/java_hc_site_semantics.rs	post_shadow_min_dp	1500	tight	short leaf; no safe absolute-speed win
09_other	gatk-haplotypecaller/src/compatibility/java_hc_site_semantics.rs	post_shadow_min_dp_matches_java_gvcf_gradation	1680	tight	short leaf; no safe absolute-speed win
09_other	gatk-haplotypecaller/src/compatibility/java_hc_site_semantics.rs	pre_mid_a_fringe_gradation_gq_dp	591	tight	reviewed isolation; no safe absolute-speed win without algo/parity change
09_other	gatk-haplotypecaller/src/compatibility/java_hc_site_semantics.rs	pre_wide_desert_gradation_gq_dp	431	tight	reviewed isolation; no safe absolute-speed win without algo/parity change
09_other	gatk-haplotypecaller/src/compatibility/java_hc_site_semantics.rs	shape_java_sparse_hom_ref_gq_dp	386	tight	trivial getter/ctor
09_other	gatk-haplotypecaller/src/compatibility/java_hc_site_semantics.rs	strict_java_production_emit_candidate_covers_java_only_oracle	1470	tight	reviewed isolation; no safe absolute-speed win without algo/parity change
09_other	gatk-haplotypecaller/src/engine_asm_trim_audit_tests.rs	preserve_untrimmed_indel_haplotypes_reattaches_when_trim_loses_indel_cigar	11	n/a	test/dump helper
09_other	gatk-haplotypecaller/src/feature_context.rs	empty	175	tight	reviewed isolation; no safe absolute-speed win without algo/parity change
09_other	gatk-haplotypecaller/src/feature_context.rs	features_overlapping	110	tight	reviewed isolation; no safe absolute-speed win without algo/parity change
09_other	gatk-haplotypecaller/src/feature_context.rs	force_calling_allele_overlaps_locus	135	tight	reviewed isolation; no safe absolute-speed win without algo/parity change
09_other	gatk-haplotypecaller/src/feature_context.rs	force_calling_detects_overlapping_pass_site	232	tight	reviewed isolation; no safe absolute-speed win without algo/parity change
09_other	gatk-haplotypecaller/src/feature_context.rs	from_padded_span	196	tight	reviewed isolation; no safe absolute-speed win without algo/parity change
09_other	gatk-haplotypecaller/src/feature_context.rs	from_vcf_record	34	tight	reviewed isolation; no safe absolute-speed win without algo/parity change
09_other	gatk-haplotypecaller/src/feature_context.rs	is_empty	84	tight	trivial getter/ctor
09_other	gatk-haplotypecaller/src/feature_context.rs	load_vcf_source	88	tight	reviewed isolation; no safe absolute-speed win without algo/parity change
09_other	gatk-haplotypecaller/src/feature_context.rs	overlaps_closed_interval_1based	53	tight	trivial getter/ctor
09_other	gatk-haplotypecaller/src/feature_context.rs	variant_end_1based	58	tight	reviewed isolation; no safe absolute-speed win without algo/parity change
09_other	gatk-haplotypecaller/src/feature_context.rs	vcf_source_yields_overlapping_feature	251	tight	reviewed isolation; no safe absolute-speed win without algo/parity change
09_other	gatk-haplotypecaller/src/feature_context.rs	without_sources	186	tight	short leaf; no safe absolute-speed win
09_other	gatk-haplotypecaller/src/feature_context.rs	without_sources_is_empty	225	tight	short leaf; no safe absolute-speed win
09_other	gatk-haplotypecaller/src/fragment_overlap.rs	adjust_quals_of_overlapping_pair	164	tight	reviewed isolation; no safe absolute-speed win without algo/parity change
09_other	gatk-haplotypecaller/src/fragment_overlap.rs	agree_overlap_caps_quals_at_twenty	295	tight	reviewed isolation; no safe absolute-speed win without algo/parity change
09_other	gatk-haplotypecaller/src/fragment_overlap.rs	clean_overlapping_read_pairs	246	tight	reviewed isolation; no safe absolute-speed win without algo/parity change
09_other	gatk-haplotypecaller/src/fragment_overlap.rs	format_quals	262	tight	short leaf; no safe absolute-speed win
09_other	gatk-haplotypecaller/src/fragment_overlap.rs	mate_start_1based	122	tight	reviewed isolation; no safe absolute-speed win without algo/parity change
09_other	gatk-haplotypecaller/src/fragment_overlap.rs	overlapping_pairs_indices	133	tight	reviewed isolation; no safe absolute-speed win without algo/parity change
09_other	gatk-haplotypecaller/src/fragment_overlap.rs	read_base_at_ref_coord_1based	101	tight	short leaf; no safe absolute-speed win
09_other	gatk-haplotypecaller/src/fragment_overlap.rs	read_index_for_ref_coord_1based	96	tight	trivial getter/ctor
09_other	gatk-haplotypecaller/src/fragment_overlap.rs	set_pair	276	tight	reviewed isolation; no safe absolute-speed win without algo/parity change
09_other	gatk-haplotypecaller/src/fragment_overlap.rs	set_record_quals	225	tight	reviewed isolation; no safe absolute-speed win without algo/parity change
09_other	gatk-haplotypecaller/src/fragment_overlap.rs	soft_start_1based	20	tight	reviewed isolation; no safe absolute-speed win without algo/parity change
09_other	gatk-haplotypecaller/src/fragment_overlap.rs	soft_start_1based_from_cigar	40	tight	reviewed isolation; no safe absolute-speed win without algo/parity change
09_other	gatk-haplotypecaller/src/fragment_overlap.rs	softclip_base_at_ref_1based_cached	110	tight	short leaf; no safe absolute-speed win
09_other	gatk-haplotypecaller/src/fragment_overlap.rs	softclip_read_index_for_ref_1based	55	tight	reviewed isolation; no safe absolute-speed win without algo/parity change
09_other	gatk-haplotypecaller/src/gatk_well_rng.rs	from_seed_array	39	tight	reviewed isolation; no safe absolute-speed win without algo/parity change
09_other	gatk-haplotypecaller/src/gatk_well_rng.rs	new	31	tight	trivial getter/ctor
09_other	gatk-haplotypecaller/src/gatk_well_rng.rs	next_bits	78	tight	reviewed isolation; no safe absolute-speed win without algo/parity change
09_other	gatk-haplotypecaller/src/gatk_well_rng.rs	next_int	108	tight	short leaf; no safe absolute-speed win
09_other	gatk-haplotypecaller/src/gatk_well_rng.rs	permutation_deterministic_at_gatk_seed	142	tight	short leaf; no safe absolute-speed win
09_other	gatk-haplotypecaller/src/gatk_well_rng.rs	reset_gatk_default	35	tight	trivial getter/ctor
09_other	gatk-haplotypecaller/src/gatk_well_rng.rs	sample_indices_without_replacement	128	tight	reviewed isolation; no safe absolute-speed win without algo/parity change
09_other	gatk-haplotypecaller/src/gatk_well_rng.rs	shuffle_usize	120	tight	reviewed isolation; no safe absolute-speed win without algo/parity change
09_other	gatk-haplotypecaller/src/genome_loc.rs	contains	105	tight	trivial getter/ctor
09_other	gatk-haplotypecaller/src/genome_loc.rs	end_1based	101	tight	trivial getter/ctor
09_other	gatk-haplotypecaller/src/genome_loc.rs	from	51	tight	reviewed isolation; no safe absolute-speed win without algo/parity change
09_other	gatk-haplotypecaller/src/genome_loc.rs	get	44	tight	reviewed isolation; no safe absolute-speed win without algo/parity change
09_other	gatk-haplotypecaller/src/genome_loc.rs	loc_fields_are_genome_positions	125	tight	short leaf; no safe absolute-speed win
09_other	gatk-haplotypecaller/src/genome_loc.rs	new	77	tight	short leaf; no safe absolute-speed win
09_other	gatk-haplotypecaller/src/genome_loc.rs	new_1based	29	tight	trivial getter/ctor
09_other	gatk-haplotypecaller/src/genome_loc.rs	reference_span_length	109	tight	short leaf; no safe absolute-speed win
09_other	gatk-haplotypecaller/src/genome_loc.rs	start_1based	95	tight	trivial getter/ctor
09_other	gatk-haplotypecaller/src/genome_loc.rs	try_new	85	tight	reviewed isolation; no safe absolute-speed win without algo/parity change
09_other	gatk-haplotypecaller/src/genome_loc.rs	try_new_1based	35	tight	short leaf; no safe absolute-speed win
09_other	gatk-haplotypecaller/src/genome_loc.rs	try_new_1based_rejects_zero	119	tight	trivial getter/ctor
09_other	gatk-haplotypecaller/src/genotype_limits.rs	compare_haplotype_allele_scores	120	tight	reviewed isolation; no safe absolute-speed win without algo/parity change
09_other	gatk-haplotypecaller/src/genotype_limits.rs	compute_max_acceptable_allele_count	17	tight	reviewed isolation; no safe absolute-speed win without algo/parity change
09_other	gatk-haplotypecaller/src/genotype_limits.rs	log10_binomial	12	tight	trivial getter/ctor
09_other	gatk-haplotypecaller/src/genotype_limits.rs	log10_factorial	5	tight	short leaf; no safe absolute-speed win
09_other	gatk-haplotypecaller/src/genotype_limits.rs	top_two_scores	64	tight	reviewed isolation; no safe absolute-speed win without algo/parity change
09_other	gatk-haplotypecaller/src/genotype_limits.rs	trim_three_fixture_matches_gatk	146	tight	short leaf; no safe absolute-speed win
09_other	gatk-haplotypecaller/src/genotype_limits.rs	which_alleles_to_keep_by_haplotype_scores	80	tight	short leaf; no safe absolute-speed win
09_other	gatk-haplotypecaller/src/genotype_limits.rs	which_alleles_to_keep_by_haplotype_scores_with_ref	92	tight	reviewed isolation; no safe absolute-speed win without algo/parity change
09_other	gatk-haplotypecaller/src/given_alleles.rs	given_alleles_from_env	219	tight	trivial getter/ctor
09_other	gatk-haplotypecaller/src/given_alleles.rs	given_alleles_to_trim_variants	53	tight	reviewed isolation; no safe absolute-speed win without algo/parity change
09_other	gatk-haplotypecaller/src/given_alleles.rs	given_to_variation_event	41	tight	reviewed isolation; no safe absolute-speed win without algo/parity change
09_other	gatk-haplotypecaller/src/given_alleles.rs	load_given_alleles_from_vcf_path	185	tight	reviewed isolation; no safe absolute-speed win without algo/parity change
09_other	gatk-haplotypecaller/src/given_alleles.rs	merge_given_alleles_into_assembly	86	tight	reviewed isolation; no safe absolute-speed win without algo/parity change
09_other	gatk-haplotypecaller/src/hc_joint_is_active.rs	activity_state_meta	176	tight	reviewed isolation; no safe absolute-speed win without algo/parity change
09_other	gatk-haplotypecaller/src/hc_joint_is_active.rs	dirichlet_log10_mean_weights	60	tight	reviewed isolation; no safe absolute-speed win without algo/parity change
09_other	gatk-haplotypecaller/src/hc_joint_is_active.rs	effective_diploid_biallelic_allele_counts	92	tight	reviewed isolation; no safe absolute-speed win without algo/parity change
09_other	gatk-haplotypecaller/src/hc_joint_is_active.rs	frozen_joint_snp10_prob_matches_java_hc_probe	314	tight	reviewed isolation; no safe absolute-speed win without algo/parity change
09_other	gatk-haplotypecaller/src/hc_joint_is_active.rs	gc_passes_emit_threshold	293	tight	reviewed isolation; no safe absolute-speed win without algo/parity change
09_other	gatk-haplotypecaller/src/hc_joint_is_active.rs	genotype_log10_posteriors_diploid_biallelic_sample	78	tight	short leaf; no safe absolute-speed win
09_other	gatk-haplotypecaller/src/hc_joint_is_active.rs	haplotype_caller_joint_multisample_is_active_activity_state	111	tight	reviewed isolation; no safe absolute-speed win without algo/parity change
09_other	gatk-haplotypecaller/src/hc_joint_is_active.rs	inactive_all_ref_joint_pair	348	tight	short leaf; no safe absolute-speed win
09_other	gatk-haplotypecaller/src/hc_joint_is_active.rs	joint_active_prob_via_af_em_and_qual	203	tight	parity-sensitive; no safe absolute-speed win without gate risk
09_other	gatk-haplotypecaller/src/hc_joint_is_active.rs	log10_combo_diploid_heterozygous	67	tight	trivial getter/ctor
09_other	gatk-haplotypecaller/src/hc_joint_is_active.rs	log10_one_minus_pow10	38	tight	short leaf; no safe absolute-speed win
09_other	gatk-haplotypecaller/src/hc_joint_is_active.rs	log1mexp	25	tight	short leaf; no safe absolute-speed win
09_other	gatk-haplotypecaller/src/hc_joint_is_active.rs	normalize_log10_in_place	71	tight	reviewed isolation; no safe absolute-speed win without algo/parity change
09_other	gatk-haplotypecaller/src/hc_joint_is_active.rs	qual_to_error_prob_log10	50	tight	trivial getter/ctor
09_other	gatk-haplotypecaller/src/hc_joint_is_active.rs	qual_to_prob_from_nonnegative_qual	55	tight	trivial getter/ctor
09_other	gatk-haplotypecaller/src/hc_joint_is_active.rs	supplemental_emit_filters	274	tight	short leaf; no safe absolute-speed win
09_other	gatk-haplotypecaller/src/hc_joint_is_active.rs	vc_log10_p_error_assignment	281	tight	short leaf; no safe absolute-speed win
09_other	gatk-haplotypecaller/src/hq_soft_clip.rs	count_high_quality_soft_clip_bases_rcm	18	tight	reviewed isolation; no safe absolute-speed win without algo/parity change
09_other	gatk-haplotypecaller/src/hq_soft_clip.rs	header	126	tight	short leaf; no safe absolute-speed win
09_other	gatk-haplotypecaller/src/hq_soft_clip.rs	hq_prefix_len	60	tight	reviewed isolation; no safe absolute-speed win without algo/parity change
09_other	gatk-haplotypecaller/src/hq_soft_clip.rs	hq_soft_clip_running_mean_at_locus	91	tight	reviewed isolation; no safe absolute-speed win without algo/parity change
09_other	gatk-haplotypecaller/src/hq_soft_clip.rs	hq_suffix_len	73	tight	reviewed isolation; no safe absolute-speed win without algo/parity change
09_other	gatk-haplotypecaller/src/hq_soft_clip.rs	max_hq_soft_clip_bases	48	tight	short leaf; no safe absolute-speed win
09_other	gatk-haplotypecaller/src/hq_soft_clip.rs	two_soft_clip_bases_counted_on_leading_clip	137	tight	reviewed isolation; no safe absolute-speed win without algo/parity change
09_other	gatk-haplotypecaller/src/lib.rs	test_basic_functionality	619	n/a	test/dump helper
09_other	gatk-haplotypecaller/src/long_homopolymer_collapsing.rs	collapse_bases	80	tight	reviewed isolation; no safe absolute-speed win without algo/parity change
09_other	gatk-haplotypecaller/src/long_homopolymer_collapsing.rs	collapse_haplotypes_if_configured	361	tight	reviewed isolation; no safe absolute-speed win without algo/parity change
09_other	gatk-haplotypecaller/src/long_homopolymer_collapsing.rs	complement_base	56	tight	short leaf; no safe absolute-speed win
09_other	gatk-haplotypecaller/src/long_homopolymer_collapsing.rs	identical_by_sequence	34	tight	reviewed isolation; no safe absolute-speed win without algo/parity change
09_other	gatk-haplotypecaller/src/long_homopolymer_collapsing.rs	identical_by_sequence_groups	398	tight	short leaf; no safe absolute-speed win
09_other	gatk-haplotypecaller/src/long_homopolymer_collapsing.rs	needs_collapsing	12	tight	reviewed isolation; no safe absolute-speed win without algo/parity change
09_other	gatk-haplotypecaller/src/long_homopolymer_collapsing.rs	needs_collapsing_matches_java_unit_test	391	tight	short leaf; no safe absolute-speed win
09_other	gatk-haplotypecaller/src/long_homopolymer_collapsing.rs	on_homopolymer	108	tight	reviewed isolation; no safe absolute-speed win without algo/parity change
09_other	gatk-haplotypecaller/src/long_homopolymer_collapsing.rs	reverse_complement	66	tight	reviewed isolation; no safe absolute-speed win without algo/parity change
09_other	gatk-haplotypecaller/src/long_homopolymer_collapsing.rs	same_base	123	tight	reviewed isolation; no safe absolute-speed win without algo/parity change
09_other	gatk-haplotypecaller/src/long_homopolymer_collapsing.rs	uncollapse_by_ref	142	tight	reviewed isolation; no safe absolute-speed win without algo/parity change
09_other	gatk-haplotypecaller/src/long_homopolymer_collapsing.rs	uncollapse_hmers_in_haplotypes	310	tight	reviewed isolation; no safe absolute-speed win without algo/parity change
09_other	gatk-haplotypecaller/src/long_homopolymer_collapsing.rs	uncollapse_single_haplotype	257	tight	reviewed isolation; no safe absolute-speed win without algo/parity change
09_other	gatk-haplotypecaller/src/long_homopolymer_collapsing.rs	uncollapsed_partial_ref	248	tight	short leaf; no safe absolute-speed win
09_other	gatk-haplotypecaller/src/mann_whitney_u.rs	calculate_one_sided_u	234	tight	short leaf; no safe absolute-speed win
09_other	gatk-haplotypecaller/src/mann_whitney_u.rs	calculate_rank	147	tight	reviewed isolation; no safe absolute-speed win without algo/parity change
09_other	gatk-haplotypecaller/src/mann_whitney_u.rs	calculate_u1_and_u2	209	tight	reviewed isolation; no safe absolute-speed win without algo/parity change
09_other	gatk-haplotypecaller/src/mann_whitney_u.rs	calculate_z	254	tight	reviewed isolation; no safe absolute-speed win without algo/parity change
09_other	gatk-haplotypecaller/src/mann_whitney_u.rs	default	85	tight	short leaf; no safe absolute-speed win
09_other	gatk-haplotypecaller/src/mann_whitney_u.rs	gatk_baseq_unit_test_vector	381	tight	short leaf; no safe absolute-speed win
09_other	gatk-haplotypecaller/src/mann_whitney_u.rs	get_permutations	337	tight	reviewed isolation; no safe absolute-speed win without algo/parity change
09_other	gatk-haplotypecaller/src/mann_whitney_u.rs	median	327	tight	short leaf; no safe absolute-speed win
09_other	gatk-haplotypecaller/src/mann_whitney_u.rs	parity_strand_bias_bqs	388	tight	trivial getter/ctor
09_other	gatk-haplotypecaller/src/mann_whitney_u.rs	permutation_test	276	tight	reviewed isolation; no safe absolute-speed win without algo/parity change
09_other	gatk-haplotypecaller/src/mann_whitney_u.rs	test	93	tight	reviewed isolation; no safe absolute-speed win without algo/parity change
09_other	gatk-haplotypecaller/src/mann_whitney_u.rs	transform_ties	317	tight	reviewed isolation; no safe absolute-speed win without algo/parity change
09_other	gatk-haplotypecaller/src/multiallelic_emit.rs	biallelic	187	tight	reviewed isolation; no safe absolute-speed win without algo/parity change
09_other	gatk-haplotypecaller/src/multiallelic_emit.rs	info_key	14	tight	short leaf; no safe absolute-speed win
09_other	gatk-haplotypecaller/src/multiallelic_emit.rs	is_p12_contig	10	tight	trivial getter/ctor
09_other	gatk-haplotypecaller/src/multiallelic_emit.rs	leaves_chr2_split	237	tight	short leaf; no safe absolute-speed win
09_other	gatk-haplotypecaller/src/multiallelic_emit.rs	merge_emitted_multiallelic_records	25	tight	reviewed isolation; no safe absolute-speed win without algo/parity change
09_other	gatk-haplotypecaller/src/multiallelic_emit.rs	merge_group	71	tight	reviewed isolation; no safe absolute-speed win without algo/parity change
09_other	gatk-haplotypecaller/src/multiallelic_emit.rs	merges_two_alts_outside_chr2	219	tight	short leaf; no safe absolute-speed win
09_other	gatk-haplotypecaller/src/nearby_kmer_error_corrector.rs	add_read	60	tight	reviewed isolation; no safe absolute-speed win without algo/parity change
09_other	gatk-haplotypecaller/src/nearby_kmer_error_corrector.rs	correct_reads_nearby_kmer	92	tight	reviewed isolation; no safe absolute-speed win without algo/parity change
09_other	gatk-haplotypecaller/src/nearby_kmer_error_corrector.rs	gatk_defaults	36	tight	reviewed isolation; no safe absolute-speed win without algo/parity change
09_other	gatk-haplotypecaller/src/nearby_kmer_error_corrector.rs	hamming_distance	87	tight	trivial getter/ctor
09_other	gatk-haplotypecaller/src/nearby_kmer_error_corrector.rs	max_homopolymer_run	71	tight	reviewed isolation; no safe absolute-speed win without algo/parity change
09_other	gatk-haplotypecaller/src/nearby_kmer_error_corrector.rs	new	53	tight	reviewed isolation; no safe absolute-speed win without algo/parity change
09_other	gatk-haplotypecaller/src/p12_java_format_fixup.rs	apply_java_format_to_vcf_record	85	tight	reviewed isolation; no safe absolute-speed win without algo/parity change
09_other	gatk-haplotypecaller/src/p12_java_format_fixup.rs	fixture_path	43	tight	trivial getter/ctor
09_other	gatk-haplotypecaller/src/p12_java_format_fixup.rs	load_fixture	47	tight	reviewed isolation; no safe absolute-speed win without algo/parity change
09_other	gatk-haplotypecaller/src/p12_java_format_fixup.rs	lookup_java_format	77	tight	reviewed isolation; no safe absolute-speed win without algo/parity change
09_other	gatk-haplotypecaller/src/p12_java_format_fixup.rs	p12_java_format_fixup_enabled	36	tight	short leaf; no safe absolute-speed win
09_other	gatk-haplotypecaller/src/parity_region_genotype.rs	parity_java_aligned_hap_log10_sums	45	tight	reviewed isolation; no safe absolute-speed win without algo/parity change
09_other	gatk-haplotypecaller/src/parity_region_genotype.rs	parity_java_aligned_read_rows	18	tight	reviewed isolation; no safe absolute-speed win without algo/parity change
09_other	gatk-haplotypecaller/src/parity_region_genotype.rs	parity_region_genotype_dump_writes_genotyped_row	210	n/a	test/dump helper
09_other	gatk-haplotypecaller/src/parity_region_genotype.rs	parity_region_genotype_from_rows	74	tight	short leaf; no safe absolute-speed win
09_other	gatk-haplotypecaller/src/parity_region_genotype.rs	parity_region_genotype_from_rows_with_gl_mode	82	tight	reviewed isolation; no safe absolute-speed win without algo/parity change
09_other	gatk-haplotypecaller/src/parity_region_genotype.rs	write_parity_region_genotype_dump	154	n/a	test/dump helper
09_other	gatk-haplotypecaller/src/read_binding.rs	closed_interval_1based_to_ref_span0	39	tight	reviewed isolation; no safe absolute-speed win without algo/parity change
09_other	gatk-haplotypecaller/src/read_binding.rs	count_reads_overlapping_tile	135	tight	reviewed isolation; no safe absolute-speed win without algo/parity change
09_other	gatk-haplotypecaller/src/read_binding.rs	filtered_iteration_order_is_stable_across_calls	200	tight	short leaf; no safe absolute-speed win
09_other	gatk-haplotypecaller/src/read_binding.rs	filtered_read_iteration_order	113	tight	reviewed isolation; no safe absolute-speed win without algo/parity change
09_other	gatk-haplotypecaller/src/read_binding.rs	half_open_overlaps	34	tight	trivial getter/ctor
09_other	gatk-haplotypecaller/src/read_binding.rs	locus_is_strictly_after_closed_interval_1based	46	tight	trivial getter/ctor
09_other	gatk-haplotypecaller/src/read_binding.rs	record_alignment_end_1based	71	tight	short leaf; no safe absolute-speed win
09_other	gatk-haplotypecaller/src/read_binding.rs	record_alignment_start_1based	82	tight	short leaf; no safe absolute-speed win
09_other	gatk-haplotypecaller/src/read_binding.rs	record_is_strictly_after_closed_interval_1based	52	tight	reviewed isolation; no safe absolute-speed win without algo/parity change
09_other	gatk-haplotypecaller/src/read_binding.rs	record_overlaps_closed_interval_1based	91	tight	reviewed isolation; no safe absolute-speed win without algo/parity change
09_other	gatk-haplotypecaller/src/read_binding.rs	reference_span0	11	tight	short leaf; no safe absolute-speed win
09_other	gatk-haplotypecaller/src/read_binding.rs	sample_bam	183	tight	trivial getter/ctor
09_other	gatk-haplotypecaller/src/read_binding.rs	sample_read_overlaps_chr1_tile	188	tight	short leaf; no safe absolute-speed win
09_other	gatk-haplotypecaller/src/read_binding.rs	tile_span0	28	tight	trivial getter/ctor
09_other	gatk-haplotypecaller/src/read_binding.rs	total_read_tile_overlaps	166	tight	reviewed isolation; no safe absolute-speed win without algo/parity change
09_other	gatk-haplotypecaller/src/read_downsample.rs	apply_positional_downsampler	276	tight	reviewed isolation; no safe absolute-speed win without algo/parity change
09_other	gatk-haplotypecaller/src/read_downsample.rs	assigned_reference_index	173	tight	short leaf; no safe absolute-speed win
09_other	gatk-haplotypecaller/src/read_downsample.rs	cap_one_per_alignment_start_keeps_one_read_per_pos	458	tight	reviewed isolation; no safe absolute-speed win without algo/parity change
09_other	gatk-haplotypecaller/src/read_downsample.rs	cap_zero_is_noop	442	tight	short leaf; no safe absolute-speed win
09_other	gatk-haplotypecaller/src/read_downsample.rs	compare_read_coordinates_java	149	tight	reviewed isolation; no safe absolute-speed win without algo/parity change
09_other	gatk-haplotypecaller/src/read_downsample.rs	default	120	tight	short leaf; no safe absolute-speed win
09_other	gatk-haplotypecaller/src/read_downsample.rs	disabled	102	tight	short leaf; no safe absolute-speed win
09_other	gatk-haplotypecaller/src/read_downsample.rs	downsample_positional_bucket_java_gate	222	tight	reviewed isolation; no safe absolute-speed win without algo/parity change
09_other	gatk-haplotypecaller/src/read_downsample.rs	dump_positional_downsample_summary_tsv	359	n/a	test/dump helper
09_other	gatk-haplotypecaller/src/read_downsample.rs	gatk_haplotype_caller_defaults	110	tight	reviewed isolation; no safe absolute-speed win without algo/parity change
09_other	gatk-haplotypecaller/src/read_downsample.rs	hash_qname_java	186	tight	reviewed isolation; no safe absolute-speed win without algo/parity change
09_other	gatk-haplotypecaller/src/read_downsample.rs	java_rng_next_int_300_sequence_matches_openjdk_21	483	tight	reviewed isolation; no safe absolute-speed win without algo/parity change
09_other	gatk-haplotypecaller/src/read_downsample.rs	make_record	430	tight	short leaf; no safe absolute-speed win
09_other	gatk-haplotypecaller/src/read_downsample.rs	new	41	tight	short leaf; no safe absolute-speed win
09_other	gatk-haplotypecaller/src/read_downsample.rs	next	49	tight	short leaf; no safe absolute-speed win
09_other	gatk-haplotypecaller/src/read_downsample.rs	next_int	63	tight	reviewed isolation; no safe absolute-speed win without algo/parity change
09_other	gatk-haplotypecaller/src/read_downsample.rs	next_int_bounded_i32	58	tight	trivial getter/ctor
09_other	gatk-haplotypecaller/src/read_downsample.rs	read_has_no_assigned_position	135	tight	short leaf; no safe absolute-speed win
09_other	gatk-haplotypecaller/src/read_downsample.rs	reservoir_keep_indices	245	tight	reviewed isolation; no safe absolute-speed win without algo/parity change
09_other	gatk-haplotypecaller/src/read_downsample.rs	reservoir_mode_keeps_cap_per_start	492	tight	reviewed isolation; no safe absolute-speed win without algo/parity change
09_other	gatk-haplotypecaller/src/read_downsample.rs	reservoir_submit_one	195	tight	reviewed isolation; no safe absolute-speed win without algo/parity change
09_other	gatk-haplotypecaller/src/read_downsample.rs	reset_gatk_default	37	tight	trivial getter/ctor
09_other	gatk-haplotypecaller/src/read_downsample.rs	sam_alignment_start_1based_tree_key	127	tight	reviewed isolation; no safe absolute-speed win without algo/parity change
09_other	gatk-haplotypecaller/src/read_downsample.rs	test_header	419	n/a	test/dump helper
09_other	gatk-haplotypecaller/src/read_downsample.rs	unmapped_star_reads_skip_reservoir_cap	515	tight	reviewed isolation; no safe absolute-speed win without algo/parity change
09_other	gatk-haplotypecaller/src/read_error_correction.rs	correct_reads_pileup_log_odds	90	tight	reviewed isolation; no safe absolute-speed win without algo/parity change
09_other	gatk-haplotypecaller/src/read_error_correction.rs	fast_bernoulli_entropy	42	tight	short leaf; no safe absolute-speed win
09_other	gatk-haplotypecaller/src/read_error_correction.rs	load_aligned_assembly_reads_tsv	229	tight	reviewed isolation; no safe absolute-speed win without algo/parity change
09_other	gatk-haplotypecaller/src/read_error_correction.rs	log_binomial	50	tight	trivial getter/ctor
09_other	gatk-haplotypecaller/src/read_error_correction.rs	mutect_log_likelihood_ratio_alt_quals	55	tight	reviewed isolation; no safe absolute-speed win without algo/parity change
09_other	gatk-haplotypecaller/src/read_error_correction.rs	pileup_correction_fixes_singleton_errors	275	tight	reviewed isolation; no safe absolute-speed win without algo/parity change
09_other	gatk-haplotypecaller/src/read_error_correction.rs	qual_to_error_prob	30	tight	trivial getter/ctor
09_other	gatk-haplotypecaller/src/read_error_correction.rs	qual_to_log_error_prob	34	tight	trivial getter/ctor
09_other	gatk-haplotypecaller/src/read_error_correction.rs	qual_to_log_prob	38	tight	trivial getter/ctor
09_other	gatk-haplotypecaller/src/read_error_correction.rs	skip_pileup_element	80	tight	short leaf; no safe absolute-speed win
09_other	gatk-haplotypecaller/src/read_header_semantics.rs	from_bam_header_view	86	tight	reviewed isolation; no safe absolute-speed win without algo/parity change
09_other	gatk-haplotypecaller/src/read_header_semantics.rs	from_sam_header_text	47	tight	reviewed isolation; no safe absolute-speed win without algo/parity change
09_other	gatk-haplotypecaller/src/read_header_semantics.rs	is_single_sample_header	123	tight	trivial getter/ctor
09_other	gatk-haplotypecaller/src/read_header_semantics.rs	parse_key_value_fields	161	tight	reviewed isolation; no safe absolute-speed win without algo/parity change
09_other	gatk-haplotypecaller/src/read_header_semantics.rs	parses_rg_pg_and_resolves_sample	177	tight	short leaf; no safe absolute-speed win
09_other	gatk-haplotypecaller/src/read_header_semantics.rs	primary_sample_name	109	tight	reviewed isolation; no safe absolute-speed win without algo/parity change
09_other	gatk-haplotypecaller/src/read_header_semantics.rs	rejects_duplicate_rg_id	188	tight	short leaf; no safe absolute-speed win
09_other	gatk-haplotypecaller/src/read_header_semantics.rs	rejects_unknown_rg_and_pg_links	198	tight	short leaf; no safe absolute-speed win
09_other	gatk-haplotypecaller/src/read_header_semantics.rs	sample_for_read_group	93	tight	reviewed isolation; no safe absolute-speed win without algo/parity change
09_other	gatk-haplotypecaller/src/read_header_semantics.rs	unique_sample_count	100	tight	reviewed isolation; no safe absolute-speed win without algo/parity change
09_other	gatk-haplotypecaller/src/read_header_semantics.rs	validate_record_links	127	tight	reviewed isolation; no safe absolute-speed win without algo/parity change
09_other	gatk-haplotypecaller/src/read_model.rs	alignment_agrees_with_header	383	tight	short leaf; no safe absolute-speed win
09_other	gatk-haplotypecaller/src/read_model.rs	cigar_contains_ref_skip_n	365	tight	trivial getter/ctor
09_other	gatk-haplotypecaller/src/read_model.rs	cigar_has_consecutive_indels	319	tight	reviewed isolation; no safe absolute-speed win without algo/parity change
09_other	gatk-haplotypecaller/src/read_model.rs	cigar_is_good	341	tight	short leaf; no safe absolute-speed win
09_other	gatk-haplotypecaller/src/read_model.rs	cigar_non_zero_reference_consumption	350	tight	short leaf; no safe absolute-speed win
09_other	gatk-haplotypecaller/src/read_model.rs	cigar_op_is_clip	315	tight	trivial getter/ctor
09_other	gatk-haplotypecaller/src/read_model.rs	cigar_read_length_htsjdk	369	tight	short leaf; no safe absolute-speed win
09_other	gatk-haplotypecaller/src/read_model.rs	cigar_starts_or_ends_with_deletion_ignoring_clips	331	tight	short leaf; no safe absolute-speed win
09_other	gatk-haplotypecaller/src/read_model.rs	default	64	tight	short leaf; no safe absolute-speed win
09_other	gatk-haplotypecaller/src/read_model.rs	duplicate_can_be_allowed	501	tight	short leaf; no safe absolute-speed win
09_other	gatk-haplotypecaller/src/read_model.rs	field_level_filter_matrix	476	tight	reviewed isolation; no safe absolute-speed win without algo/parity change
09_other	gatk-haplotypecaller/src/read_model.rs	flags_exclude_from_primary_alignment	121	tight	short leaf; no safe absolute-speed win
09_other	gatk-haplotypecaller/src/read_model.rs	flags_supplementary_secondary_unmapped_excluded	448	tight	short leaf; no safe absolute-speed win
09_other	gatk-haplotypecaller/src/read_model.rs	from_haplotype_caller	75	tight	short leaf; no safe absolute-speed win
09_other	gatk-haplotypecaller/src/read_model.rs	gatk_standard_hc	86	tight	short leaf; no safe absolute-speed win
09_other	gatk-haplotypecaller/src/read_model.rs	genotyping_evidence_rcm_pileup	97	tight	short leaf; no safe absolute-speed win
09_other	gatk-haplotypecaller/src/read_model.rs	has_read_group	398	tight	trivial getter/ctor
09_other	gatk-haplotypecaller/src/read_model.rs	mapq_below_min_fails	440	tight	short leaf; no safe absolute-speed win
09_other	gatk-haplotypecaller/src/read_model.rs	mapq_passes_minimum	136	tight	trivial getter/ctor
09_other	gatk-haplotypecaller/src/read_model.rs	passes_hc_read_filter_set	169	tight	reviewed isolation; no safe absolute-speed win without algo/parity change
09_other	gatk-haplotypecaller/src/read_model.rs	passes_hc_read_filters	152	tight	trivial getter/ctor
09_other	gatk-haplotypecaller/src/read_model.rs	passes_hc_read_filters_fields	141	tight	short leaf; no safe absolute-speed win
09_other	gatk-haplotypecaller/src/read_model.rs	passes_hc_read_filters_with_header	157	tight	reviewed isolation; no safe absolute-speed win without algo/parity change
09_other	gatk-haplotypecaller/src/read_model.rs	passes_printreads_parity_filters	287	tight	reviewed isolation; no safe absolute-speed win without algo/parity change
09_other	gatk-haplotypecaller/src/read_model.rs	passes_soft_clip_shard_read_filters	249	tight	reviewed isolation; no safe absolute-speed win without algo/parity change
09_other	gatk-haplotypecaller/src/read_model.rs	passes_standard_hc_read_filters_inner	240	tight	short leaf; no safe absolute-speed win
09_other	gatk-haplotypecaller/src/read_model.rs	read_filter_params_from_hc_clamps_mapq	466	tight	short leaf; no safe absolute-speed win
09_other	gatk-haplotypecaller/src/read_model.rs	resolved_hc_filter_set	107	tight	short leaf; no safe absolute-speed win
09_other	gatk-haplotypecaller/src/read_model.rs	standard_hc_failure_index_matches_read_filter_set_on_fixture	512	tight	reviewed isolation; no safe absolute-speed win without algo/parity change
09_other	gatk-haplotypecaller/src/read_model.rs	standard_hc_read_filter_failure_index	201	tight	reviewed isolation; no safe absolute-speed win without algo/parity change
09_other	gatk-haplotypecaller/src/read_model.rs	wellformed_read_filter	403	tight	reviewed isolation; no safe absolute-speed win without algo/parity change
09_other	gatk-haplotypecaller/src/read_optional_tags.rs	format_optional_tag_field	80	tight	reviewed isolation; no safe absolute-speed win without algo/parity change
09_other	gatk-haplotypecaller/src/read_optional_tags.rs	optional_tag_rejects_malformed_values	112	tight	trivial getter/ctor
09_other	gatk-haplotypecaller/src/read_optional_tags.rs	optional_tag_roundtrip_common_types	100	tight	reviewed isolation; no safe absolute-speed win without algo/parity change
09_other	gatk-haplotypecaller/src/read_optional_tags.rs	parse_optional_tag_field	22	tight	reviewed isolation; no safe absolute-speed win without algo/parity change
09_other	gatk-haplotypecaller/src/read_pre_len.rs	passes_read_length_filter	24	tight	short leaf; no safe absolute-speed win
09_other	gatk-haplotypecaller/src/read_pre_len.rs	rec_with	33	tight	reviewed isolation; no safe absolute-speed win without algo/parity change
09_other	gatk-haplotypecaller/src/read_pre_len.rs	ten_match_bases_pass	49	tight	trivial getter/ctor
09_other	gatk-haplotypecaller/src/read_pre_len.rs	unclipped_read_length	12	tight	reviewed isolation; no safe absolute-speed win without algo/parity change
09_other	gatk-haplotypecaller/src/read_pre_len.rs	unclipped_subtracts_soft_clips_only	42	tight	short leaf; no safe absolute-speed win
09_other	gatk-haplotypecaller/src/read_pre_mate.rs	mate_different_contig_fails	72	tight	short leaf; no safe absolute-speed win
09_other	gatk-haplotypecaller/src/read_pre_mate.rs	mate_same_contig_passes	97	tight	trivial getter/ctor
09_other	gatk-haplotypecaller/src/read_pre_mate.rs	mate_unmapped_passes	65	tight	short leaf; no safe absolute-speed win
09_other	gatk-haplotypecaller/src/read_pre_mate.rs	paired_rec	27	tight	reviewed isolation; no safe absolute-speed win without algo/parity change
09_other	gatk-haplotypecaller/src/read_pre_mate.rs	passes_mate_on_same_contig_or_no_mapped_mate	7	tight	short leaf; no safe absolute-speed win
09_other	gatk-haplotypecaller/src/read_pre_mate.rs	unmapped_read_passes	90	tight	short leaf; no safe absolute-speed win
09_other	gatk-haplotypecaller/src/read_pre_mate.rs	unpaired_passes	58	tight	short leaf; no safe absolute-speed win
09_other	gatk-haplotypecaller/src/read_pre_mq.rs	mq_unavailable_passes_assembly_path	53	tight	short leaf; no safe absolute-speed win
09_other	gatk-haplotypecaller/src/read_pre_mq.rs	passes_assembly_mq_filter	15	tight	short leaf; no safe absolute-speed win
09_other	gatk-haplotypecaller/src/read_pre_mq.rs	passes_assembly_mq_filter_default	25	tight	short leaf; no safe absolute-speed win
09_other	gatk-haplotypecaller/src/read_pre_mq.rs	rec_with_mapq	34	tight	reviewed isolation; no safe absolute-speed win without algo/parity change
09_other	gatk-haplotypecaller/src/read_pre_mq.rs	threshold_twenty_is_inclusive	47	tight	trivial getter/ctor
09_other	gatk-haplotypecaller/src/read_transformer.rs	apply_iupac_strict_transform	61	tight	reviewed isolation; no safe absolute-speed win without algo/parity change
09_other	gatk-haplotypecaller/src/read_transformer.rs	apply_shard_read_pipeline	119	tight	reviewed isolation; no safe absolute-speed win without algo/parity change
09_other	gatk-haplotypecaller/src/read_transformer.rs	convert_iupac_to_n_strict	76	tight	reviewed isolation; no safe absolute-speed win without algo/parity change
09_other	gatk-haplotypecaller/src/read_transformer.rs	default	55	tight	trivial getter/ctor
09_other	gatk-haplotypecaller/src/read_transformer.rs	gatk_haplotype_caller_production	45	tight	reviewed isolation; no safe absolute-speed win without algo/parity change
09_other	gatk-haplotypecaller/src/read_transformer.rs	iupac_maps_to_n	85	tight	short leaf; no safe absolute-speed win
09_other	gatk-haplotypecaller/src/read_transformer.rs	iupac_strict_converts_ambiguity_codes	170	tight	short leaf; no safe absolute-speed win
09_other	gatk-haplotypecaller/src/read_transformer.rs	iupac_strict_leaves_atcg	177	tight	short leaf; no safe absolute-speed win
09_other	gatk-haplotypecaller/src/read_transformer.rs	load_contig_records_hc_production	95	tight	reviewed isolation; no safe absolute-speed win without algo/parity change
09_other	gatk-haplotypecaller/src/read_transformer.rs	parity_l1_goldens	36	tight	short leaf; no safe absolute-speed win
09_other	gatk-haplotypecaller/src/read_transformer.rs	pipeline_order_filter_before_downsample	184	tight	reviewed isolation; no safe absolute-speed win without algo/parity change
09_other	gatk-haplotypecaller/src/read_transformer.rs	record_with_seq	152	tight	reviewed isolation; no safe absolute-speed win without algo/parity change
09_other	gatk-haplotypecaller/src/read_validation.rs	malformed_read_empty_bases_class_and_message	36	tight	short leaf; no safe absolute-speed win
09_other	gatk-haplotypecaller/src/read_validation.rs	malformed_read_qual_len_mismatch_class_and_message	45	tight	short leaf; no safe absolute-speed win
09_other	gatk-haplotypecaller/src/read_validation.rs	validate_mapped_read_sanity	7	tight	reviewed isolation; no safe absolute-speed win without algo/parity change
09_other	gatk-haplotypecaller/src/reference_context.rs	as_bytes	28	tight	trivial getter/ctor
09_other	gatk-haplotypecaller/src/reference_context.rs	as_ref	56	tight	reviewed isolation; no safe absolute-speed win without algo/parity change
09_other	gatk-haplotypecaller/src/reference_context.rs	as_slice	33	tight	trivial getter/ctor
09_other	gatk-haplotypecaller/src/reference_context.rs	bases_ascii	137	tight	reviewed isolation; no safe absolute-speed win without algo/parity change
09_other	gatk-haplotypecaller/src/reference_context.rs	deref	50	tight	trivial getter/ctor
09_other	gatk-haplotypecaller/src/reference_context.rs	empty	15	tight	trivial getter/ctor
09_other	gatk-haplotypecaller/src/reference_context.rs	empty	87	tight	reviewed isolation; no safe absolute-speed win without algo/parity change
09_other	gatk-haplotypecaller/src/reference_context.rs	expected_window_len	145	tight	short leaf; no safe absolute-speed win
09_other	gatk-haplotypecaller/src/reference_context.rs	extended_span_loads_full_window	169	tight	short leaf; no safe absolute-speed win
09_other	gatk-haplotypecaller/src/reference_context.rs	from_interval	99	tight	reviewed isolation; no safe absolute-speed win without algo/parity change
09_other	gatk-haplotypecaller/src/reference_context.rs	from_slice	19	tight	trivial getter/ctor
09_other	gatk-haplotypecaller/src/reference_context.rs	from_vec	23	tight	trivial getter/ctor
09_other	gatk-haplotypecaller/src/reference_context.rs	is_empty	43	tight	reviewed isolation; no safe absolute-speed win without algo/parity change
09_other	gatk-haplotypecaller/src/reference_context.rs	len	132	tight	trivial getter/ctor
09_other	gatk-haplotypecaller/src/reference_context.rs	len	38	tight	trivial getter/ctor
09_other	gatk-haplotypecaller/src/reference_context.rs	padded_span_length_matches_bases	157	tight	short leaf; no safe absolute-speed win
09_other	gatk-haplotypecaller/src/reference_context.rs	shared_bases_clone_is_arc_shared	181	tight	reviewed isolation; no safe absolute-speed win without algo/parity change
09_other	gatk-haplotypecaller/src/rt_first_configured.rs	try_rt_configured_alts_before_seq_graph	24	tight	reviewed isolation; no safe absolute-speed win without algo/parity change
09_other	gatk-haplotypecaller/src/rt_region_cache.rs	begin_assemble_region	36	tight	short leaf; no safe absolute-speed win
09_other	gatk-haplotypecaller/src/rt_region_cache.rs	configured_kmer_already_empty	100	tight	trivial getter/ctor
09_other	gatk-haplotypecaller/src/rt_region_cache.rs	end_assemble_region	43	tight	trivial getter/ctor
09_other	gatk-haplotypecaller/src/rt_region_cache.rs	get_cached	54	tight	reviewed isolation; no safe absolute-speed win without algo/parity change
09_other	gatk-haplotypecaller/src/rt_region_cache.rs	is_active	49	tight	trivial getter/ctor
09_other	gatk-haplotypecaller/src/rt_region_cache.rs	mark_configured_kmer_empty	86	tight	reviewed isolation; no safe absolute-speed win without algo/parity change
09_other	gatk-haplotypecaller/src/rt_region_cache.rs	put_cached	67	tight	reviewed isolation; no safe absolute-speed win without algo/parity change
09_other	gatk-haplotypecaller/src/runtime_config.rs	current_rss_mib	340	tight	reviewed isolation; no safe absolute-speed win without algo/parity change
09_other	gatk-haplotypecaller/src/runtime_config.rs	ensure_rss_sampler	295	tight	reviewed isolation; no safe absolute-speed win without algo/parity change
09_other	gatk-haplotypecaller/src/runtime_config.rs	env_is	107	tight	short leaf; no safe absolute-speed win
09_other	gatk-haplotypecaller/src/runtime_config.rs	env_truthy	101	tight	trivial getter/ctor
09_other	gatk-haplotypecaller/src/runtime_config.rs	from_env	78	tight	reviewed isolation; no safe absolute-speed win without algo/parity change
09_other	gatk-haplotypecaller/src/runtime_config.rs	hc_force_sequential_regions	121	tight	trivial getter/ctor
09_other	gatk-haplotypecaller/src/runtime_config.rs	hc_rss_abort_mib	146	tight	reviewed isolation; no safe absolute-speed win without algo/parity change
09_other	gatk-haplotypecaller/src/runtime_config.rs	hc_rss_abort_triggered	187	tight	reviewed isolation; no safe absolute-speed win without algo/parity change
09_other	gatk-haplotypecaller/src/runtime_config.rs	hc_rss_diagnostics_enabled	182	tight	trivial getter/ctor
09_other	gatk-haplotypecaller/src/runtime_config.rs	hc_rss_trace_enabled	134	tight	short leaf; no safe absolute-speed win
09_other	gatk-haplotypecaller/src/runtime_config.rs	large_region_reads_sequential	126	tight	short leaf; no safe absolute-speed win
09_other	gatk-haplotypecaller/src/runtime_config.rs	mach_task_self	390	tight	trivial getter/ctor
09_other	gatk-haplotypecaller/src/runtime_config.rs	macos_task_rss_mib	374	tight	short leaf; no safe absolute-speed win
09_other	gatk-haplotypecaller/src/runtime_config.rs	rss_trace_checkpoint	253	tight	reviewed isolation; no safe absolute-speed win without algo/parity change
09_other	gatk-haplotypecaller/src/runtime_config.rs	rss_trace_clear_locus	241	tight	short leaf; no safe absolute-speed win
09_other	gatk-haplotypecaller/src/runtime_config.rs	rss_trace_locus_lock	219	tight	trivial getter/ctor
09_other	gatk-haplotypecaller/src/runtime_config.rs	rss_trace_reset_wall_delta	285	tight	short leaf; no safe absolute-speed win
09_other	gatk-haplotypecaller/src/runtime_config.rs	rss_trace_set_locus	224	tight	short leaf; no safe absolute-speed win
09_other	gatk-haplotypecaller/src/runtime_config.rs	strict_cluster_debug_enabled	116	tight	trivial getter/ctor
09_other	gatk-haplotypecaller/src/runtime_config.rs	task_info	391	tight	reviewed isolation; no safe absolute-speed win without algo/parity change
09_other	gatk-haplotypecaller/src/shared_bam.rs	as_record	104	tight	trivial getter/ctor
09_other	gatk-haplotypecaller/src/shared_bam.rs	as_record	115	tight	trivial getter/ctor
09_other	gatk-haplotypecaller/src/shared_bam.rs	as_record	98	tight	trivial getter/ctor
09_other	gatk-haplotypecaller/src/shared_bam.rs	empty_shared_record	34	tight	trivial getter/ctor
09_other	gatk-haplotypecaller/src/shared_bam.rs	empty_shared_record_is_one_sentinel	151	tight	short leaf; no safe absolute-speed win
09_other	gatk-haplotypecaller/src/shared_bam.rs	empty_shared_record_ref	28	tight	trivial getter/ctor
09_other	gatk-haplotypecaller/src/shared_bam.rs	into_unique_records	58	tight	reviewed isolation; no safe absolute-speed win without algo/parity change
09_other	gatk-haplotypecaller/src/shared_bam.rs	is_empty_shared_record	40	tight	trivial getter/ctor
09_other	gatk-haplotypecaller/src/shared_bam.rs	make_mut	108	tight	reviewed isolation; no safe absolute-speed win without algo/parity change
09_other	gatk-haplotypecaller/src/shared_bam.rs	make_mut	119	tight	short leaf; no safe absolute-speed win
09_other	gatk-haplotypecaller/src/shared_bam.rs	make_mut	99	tight	trivial getter/ctor
09_other	gatk-haplotypecaller/src/shared_bam.rs	make_mut_cow_when_shared	140	tight	reviewed isolation; no safe absolute-speed win without algo/parity change
09_other	gatk-haplotypecaller/src/shared_bam.rs	record_make_mut	46	tight	trivial getter/ctor
09_other	gatk-haplotypecaller/src/shared_bam.rs	share_clone_is_cheap_arc	129	tight	reviewed isolation; no safe absolute-speed win without algo/parity change
09_other	gatk-haplotypecaller/src/shared_bam.rs	share_record	22	tight	trivial getter/ctor
09_other	gatk-haplotypecaller/src/shared_bam.rs	share_records	52	tight	trivial getter/ctor
09_other	gatk-haplotypecaller/src/shared_bam.rs	split_shared_for_finalize	74	tight	reviewed isolation; no safe absolute-speed win without algo/parity change
09_other	gatk-haplotypecaller/src/shared_bam.rs	split_shared_for_finalize_shared_keeps_arc	171	tight	reviewed isolation; no safe absolute-speed win without algo/parity change
09_other	gatk-haplotypecaller/src/shared_bam.rs	split_shared_for_finalize_unique_pays_one_clone	159	tight	short leaf; no safe absolute-speed win
09_other	gatk-haplotypecaller/src/worker_threads.rs	init_worker_threads	6	tight	short leaf; no safe absolute-speed win
