path	line	fn
gatk-cli/src/main.rs	353	join_interval_cli_args
gatk-cli/src/main.rs	365	init_haplotype_caller_threads
gatk-cli/src/main.rs	380	main
gatk-cli/src/main.rs	931	init_logging
gatk-cli/src/main.rs	940	sam_header_to_text
gatk-cli/src/main.rs	956	parse_single_region
gatk-cli/src/main.rs	985	query_bases_consumed_by_cigar
gatk-common/src/config.rs	38	parse
gatk-common/src/config.rs	63	memory_gb
gatk-common/src/config.rs	98	parse
gatk-common/src/config.rs	238	parse
gatk-common/src/config.rs	253	to_str
gatk-common/src/config.rs	264	to_tracing_level
gatk-common/src/config.rs	278	from_str
gatk-common/src/config.rs	284	default
gatk-common/src/config.rs	374	serde_default_max_prob_propagation_distance
gatk-common/src/config.rs	378	serde_default_activity_profile_max_filter_size
gatk-common/src/config.rs	382	serde_default_activity_profile_sigma
gatk-common/src/config.rs	387	default
gatk-common/src/config.rs	404	default
gatk-common/src/config.rs	420	new
gatk-common/src/config.rs	447	with_java_options
gatk-common/src/config.rs	455	with_spark_options
gatk-common/src/config.rs	463	with_all_options
gatk-common/src/config.rs	482	validate
gatk-common/src/config.rs	566	get_haplotypecaller_config
gatk-common/src/config.rs	644	set_parameter
gatk-common/src/config.rs	649	get_parameter
gatk-common/src/config.rs	654	add_input_file
gatk-common/src/config.rs	659	set_reference
gatk-common/src/config.rs	664	set_output_vcf
gatk-common/src/config.rs	669	set_output_mode
gatk-common/src/config.rs	679	test_config_creation
gatk-common/src/config.rs	686	test_config_validation
gatk-common/src/config.rs	702	test_verbosity_levels
gatk-common/src/config.rs	710	test_haplotypecaller_config
gatk-common/src/config.rs	721	assembly_region_config_deserializes_legacy_active_region_threshold_key
gatk-common/src/config.rs	740	assembly_region_config_serde_roundtrip_preserves_gatk_defaults
gatk-common/src/error.rs	34	clone
gatk-common/src/error.rs	48	new
gatk-common/src/error.rs	64	with_tool
gatk-common/src/error.rs	70	with_operation
gatk-common/src/error.rs	76	with_position
gatk-common/src/error.rs	82	with_severity
gatk-common/src/error.rs	88	add_context
gatk-common/src/error.rs	95	default
gatk-common/src/error.rs	111	boxed_ctx
gatk-common/src/error.rs	155	config_msg
gatk-common/src/error.rs	162	algorithm_msg
gatk-common/src/error.rs	170	file_format
gatk-common/src/error.rs	175	file_format_with_context
gatk-common/src/error.rs	180	parse
gatk-common/src/error.rs	189	parse_with_context
gatk-common/src/error.rs	202	validation
gatk-common/src/error.rs	207	validation_with_context
gatk-common/src/error.rs	212	algorithm
gatk-common/src/error.rs	217	algorithm_with_context
gatk-common/src/error.rs	222	memory
gatk-common/src/error.rs	227	memory_with_context
gatk-common/src/error.rs	232	configuration
gatk-common/src/error.rs	237	configuration_with_context
gatk-common/src/error.rs	242	argument
gatk-common/src/error.rs	247	argument_with_context
gatk-common/src/error.rs	252	reference
gatk-common/src/error.rs	257	reference_with_context
gatk-common/src/error.rs	262	read
gatk-common/src/error.rs	267	read_with_context
gatk-common/src/error.rs	272	variant
gatk-common/src/error.rs	277	variant_with_context
gatk-common/src/error.rs	282	statistical
gatk-common/src/error.rs	287	statistical_with_context
gatk-common/src/error.rs	292	quality
gatk-common/src/error.rs	297	quality_with_context
gatk-common/src/error.rs	302	interval
gatk-common/src/error.rs	307	interval_with_context
gatk-common/src/error.rs	312	assembly
gatk-common/src/error.rs	317	assembly_with_context
gatk-common/src/error.rs	322	alignment
gatk-common/src/error.rs	327	alignment_with_context
gatk-common/src/error.rs	332	genotype
gatk-common/src/error.rs	337	genotype_with_context
gatk-common/src/error.rs	342	haplotype
gatk-common/src/error.rs	347	haplotype_with_context
gatk-common/src/error.rs	352	generic
gatk-common/src/error.rs	357	generic_with_context
gatk-common/src/error.rs	362	io
gatk-common/src/error.rs	371	io_with_context
gatk-common/src/error.rs	384	io_message
gatk-common/src/error.rs	389	invalid_argument
gatk-common/src/error.rs	401	invalid_configuration
gatk-common/src/error.rs	416	classification
gatk-common/src/error.rs	426	is_user_facing
gatk-common/src/error.rs	432	display_with_context
gatk-common/src/error.rs	451	context
gatk-common/src/error.rs	461	context_mut
gatk-common/src/error.rs	475	gatk_cli_exit_code
gatk-common/src/error.rs	487	from
gatk-common/src/error.rs	496	with_context
gatk-common/src/error.rs	499	with_tool_context
gatk-common/src/error.rs	502	with_position_context
gatk-common/src/error.rs	509	with_context
gatk-common/src/error.rs	522	with_tool_context
gatk-common/src/error.rs	536	with_position_context
gatk-common/src/error.rs	616	test_error_creation
gatk-common/src/error.rs	626	with_context_preserves_variant_and_classification
gatk-common/src/error.rs	638	with_tool_context_preserves_argument_variant
gatk-common/src/error.rs	649	test_error_macros
gatk-common/src/error.rs	660	gatk_cli_exit_code_mappings
gatk-common/src/error.rs	676	invalid_argument_attaches_parameter_metadata
gatk-common/src/lib.rs	17	test_basic_functionality
gatk-common/src/logging.rs	29	default
gatk-common/src/logging.rs	43	init_logging
gatk-common/src/logging.rs	97	init_default_logging
gatk-common/src/logging.rs	102	init_logging_from_env
gatk-common/src/logging.rs	139	try_init_from_gatk_rs_hc_trace
gatk-common/src/logging.rs	241	new
gatk-common/src/logging.rs	251	with_interval
gatk-common/src/logging.rs	257	increment
gatk-common/src/logging.rs	270	add
gatk-common/src/logging.rs	277	finish
gatk-common/src/logging.rs	285	progress_percentage
gatk-common/src/logging.rs	290	current
gatk-common/src/logging.rs	295	total
gatk-common/src/logging.rs	308	new
gatk-common/src/logging.rs	319	log_elapsed
gatk-common/src/logging.rs	325	finish
gatk-common/src/logging.rs	336	test_progress_logger
gatk-common/src/logging.rs	349	test_performance_logger
gatk-common/src/logging.rs	357	test_logging_config_default
gatk-core/src/io/bam.rs	179	parse_cigar_str
gatk-core/src/io/bam.rs	234	from_file
gatk-core/src/io/bam.rs	245	read_next_record
gatk-core/src/io/bam.rs	250	read_all_records
gatk-core/src/io/bam.rs	259	header
gatk-core/src/io/bam.rs	264	iter
gatk-core/src/io/bam.rs	287	next
gatk-core/src/io/bam.rs	298	new
gatk-core/src/io/bam.rs	312	write_header
gatk-core/src/io/bam.rs	336	write_record
gatk-core/src/io/bam.rs	344	format_header_text
gatk-core/src/io/bam.rs	395	encode_record
gatk-core/src/io/bam.rs	451	new
gatk-core/src/io/bam.rs	457	read_header
gatk-core/src/io/bam.rs	533	parse_reference_sequence
gatk-core/src/io/bam.rs	557	parse_read_group
gatk-core/src/io/bam.rs	584	parse_program
gatk-core/src/io/bam.rs	607	read_next_record
gatk-core/src/io/bam.rs	645	read_header
gatk-core/src/io/bam.rs	646	read_next_record
gatk-core/src/io/bam.rs	650	read_header
gatk-core/src/io/bam.rs	654	read_next_record
gatk-core/src/io/bam.rs	661	is_paired
gatk-core/src/io/bam.rs	666	is_proper_pair
gatk-core/src/io/bam.rs	671	is_unmapped
gatk-core/src/io/bam.rs	676	is_mate_unmapped
gatk-core/src/io/bam.rs	681	is_reverse_strand
gatk-core/src/io/bam.rs	686	is_mate_reverse_strand
gatk-core/src/io/bam.rs	691	is_first_in_pair
gatk-core/src/io/bam.rs	696	is_second_in_pair
gatk-core/src/io/bam.rs	701	is_secondary
gatk-core/src/io/bam.rs	706	is_qc_fail
gatk-core/src/io/bam.rs	711	is_duplicate
gatk-core/src/io/bam.rs	716	is_supplementary
gatk-core/src/io/bam.rs	721	read_length
gatk-core/src/io/bam.rs	738	reference_span
gatk-core/src/io/bam.rs	756	average_quality
gatk-core/src/io/bam.rs	764	gc_content
gatk-core/src/io/fasta.rs	34	new
gatk-core/src/io/fasta.rs	44	with_description
gatk-core/src/io/fasta.rs	54	as_bytes
gatk-core/src/io/fasta.rs	58	len
gatk-core/src/io/fasta.rs	62	is_empty
gatk-core/src/io/fasta.rs	66	gc_content
gatk-core/src/io/fasta.rs	78	reverse_complement
gatk-core/src/io/fasta.rs	103	subsequence
gatk-core/src/io/fasta.rs	111	count_pattern
gatk-core/src/io/fasta.rs	121	is_valid_dna
gatk-core/src/io/fasta.rs	220	read_next_sequence
gatk-core/src/io/fasta.rs	221	get_metadata
gatk-core/src/io/fasta.rs	241	from_file
gatk-core/src/io/fasta.rs	265	from_file_buffered
gatk-core/src/io/fasta.rs	275	from_file_memory_mapped
gatk-core/src/io/fasta.rs	283	read_next_sequence
gatk-core/src/io/fasta.rs	288	read_all_sequences
gatk-core/src/io/fasta.rs	299	get_sequence_by_name
gatk-core/src/io/fasta.rs	314	metadata
gatk-core/src/io/fasta.rs	319	iter
gatk-core/src/io/fasta.rs	324	get_sequence_by_position
gatk-core/src/io/fasta.rs	343	count_sequences
gatk-core/src/io/fasta.rs	352	total_sequence_length
gatk-core/src/io/fasta.rs	362	new
gatk-core/src/io/fasta.rs	370	write_sequence
gatk-core/src/io/fasta.rs	383	write_sequences
gatk-core/src/io/fasta.rs	390	finish
gatk-core/src/io/fasta.rs	415	next
gatk-core/src/io/fasta.rs	426	new
gatk-core/src/io/fasta.rs	438	parse_fasta_header_name_and_description
gatk-core/src/io/fasta.rs	454	read_next_sequence
gatk-core/src/io/fasta.rs	531	get_metadata
gatk-core/src/io/fasta.rs	538	new
gatk-core/src/io/fasta.rs	549	find_next_header
gatk-core/src/io/fasta.rs	555	find_sequence_end
gatk-core/src/io/fasta.rs	563	extract_header_info
gatk-core/src/io/fasta.rs	586	extract_sequence
gatk-core/src/io/fasta.rs	600	read_next_sequence
gatk-core/src/io/fasta.rs	632	get_metadata
gatk-core/src/io/fasta.rs	639	new
gatk-core/src/io/fasta.rs	647	build_from_file
gatk-core/src/io/fasta.rs	677	get_sequence
gatk-core/src/io/fasta.rs	716	remove_newlines
gatk-core/src/io/fasta.rs	742	save_to_file
gatk-core/src/io/fasta.rs	753	load_from_file
gatk-core/src/io/fasta.rs	768	sequence_names
gatk-core/src/io/fasta.rs	773	get_entry
gatk-core/src/io/fasta.rs	779	default
gatk-core/src/io/fastq.rs	28	read_next_read
gatk-core/src/io/fastq.rs	29	get_metadata
gatk-core/src/io/fastq.rs	48	from_file
gatk-core/src/io/fastq.rs	72	from_file_buffered
gatk-core/src/io/fastq.rs	82	from_file_memory_mapped
gatk-core/src/io/fastq.rs	90	read_next_read
gatk-core/src/io/fastq.rs	95	read_all_reads
gatk-core/src/io/fastq.rs	106	metadata
gatk-core/src/io/fastq.rs	111	iter
gatk-core/src/io/fastq.rs	116	count_reads
gatk-core/src/io/fastq.rs	125	total_bases
gatk-core/src/io/fastq.rs	134	filter_by_quality
gatk-core/src/io/fastq.rs	150	filter_by_length
gatk-core/src/io/fastq.rs	168	sample_reads
gatk-core/src/io/fastq.rs	199	get_position
gatk-core/src/io/fastq.rs	204	seek_to_position
gatk-core/src/io/fastq.rs	228	next
gatk-core/src/io/fastq.rs	239	new
gatk-core/src/io/fastq.rs	251	read_next_read
gatk-core/src/io/fastq.rs	318	get_metadata
gatk-core/src/io/fastq.rs	325	new
gatk-core/src/io/fastq.rs	336	find_next_header
gatk-core/src/io/fastq.rs	350	find_line_end
gatk-core/src/io/fastq.rs	361	extract_line
gatk-core/src/io/fastq.rs	366	extract_line_bytes
gatk-core/src/io/fastq.rs	373	read_next_read
gatk-core/src/io/fastq.rs	428	get_metadata
gatk-core/src/io/fastq.rs	456	new
gatk-core/src/io/fastq.rs	465	name
gatk-core/src/io/fastq.rs	473	description
gatk-core/src/io/fastq.rs	478	length
gatk-core/src/io/fastq.rs	483	gc_content
gatk-core/src/io/fastq.rs	498	average_quality
gatk-core/src/io/fastq.rs	508	min_quality
gatk-core/src/io/fastq.rs	513	max_quality
gatk-core/src/io/fastq.rs	518	median_quality
gatk-core/src/io/fastq.rs	535	quality_at
gatk-core/src/io/fastq.rs	540	base_at
gatk-core/src/io/fastq.rs	545	trim_quality
gatk-core/src/io/fastq.rs	570	trim_bases
gatk-core/src/io/fastq.rs	582	reverse_complement
gatk-core/src/io/fastq.rs	611	is_valid
gatk-core/src/io/fastq.rs	639	quality_histogram
gatk-core/src/io/fastq.rs	652	quality_to_phred33
gatk-core/src/io/fastq.rs	657	quality_from_phred33
gatk-core/src/io/fastq.rs	706	calculate_average_length
gatk-core/src/io/fastq.rs	713	estimated_file_size
gatk-core/src/io/fastq.rs	736	new
gatk-core/src/io/fastq.rs	746	write_read
gatk-core/src/io/fastq.rs	769	write_reads
gatk-core/src/io/fastq.rs	777	flush
gatk-core/src/io/fastq.rs	784	finish
gatk-core/src/io/fastq.rs	816	from_reads
gatk-core/src/io/fastq.rs	869	quality_distribution
gatk-core/src/io/hts_copy.rs	12	output_format
gatk-core/src/io/hts_copy.rs	25	is_cram_path
gatk-core/src/io/hts_copy.rs	34	copy_alignments_with_htslib
gatk-core/src/io/hts_copy.rs	40	copy_alignments_with_htslib_with_reference
gatk-core/src/io/hts_copy.rs	105	parse_sq_line
gatk-core/src/io/hts_copy.rs	143	bam_header_from_hts_view
gatk-core/src/io/hts_copy.rs	158	normalize_sam_header_line_fields
gatk-core/src/io/hts_copy.rs	180	alignment_header_canonical_hd_sq_rg
gatk-core/src/io/hts_copy.rs	214	validate_bam_file
gatk-core/src/io/hts_copy.rs	243	count_records_in_region_indexed
gatk-core/src/io/hts_copy.rs	289	qnames_in_region_indexed
gatk-core/src/io/hts_copy.rs	340	normalize_sam_header_line_fields_is_order_invariant
gatk-core/src/io/hts_copy.rs	348	copy_minimal_sam_roundtrip
gatk-core/src/io/sam.rs	91	from_file
gatk-core/src/io/sam.rs	102	read_next_record
gatk-core/src/io/sam.rs	107	read_all_records
gatk-core/src/io/sam.rs	116	header
gatk-core/src/io/sam.rs	121	iter
gatk-core/src/io/sam.rs	144	next
gatk-core/src/io/sam.rs	155	new
gatk-core/src/io/sam.rs	169	write_header
gatk-core/src/io/sam.rs	224	write_record
gatk-core/src/io/sam.rs	231	write_records
gatk-core/src/io/sam.rs	239	format_record
gatk-core/src/io/sam.rs	295	new
gatk-core/src/io/sam.rs	302	read_header
gatk-core/src/io/sam.rs	346	parse_sort_order
gatk-core/src/io/sam.rs	357	parse_grouping
gatk-core/src/io/sam.rs	368	parse_reference_sequence
gatk-core/src/io/sam.rs	395	parse_read_group
gatk-core/src/io/sam.rs	426	parse_program
gatk-core/src/io/sam.rs	451	read_next_record
gatk-core/src/io/sam.rs	479	parse_record
gatk-core/src/io/sam.rs	525	parse_optional_field
gatk-core/src/io/sam.rs	603	read_header
gatk-core/src/io/sam.rs	604	read_next_record
gatk-core/src/io/sam.rs	608	read_header
gatk-core/src/io/sam.rs	612	read_next_record
gatk-core/src/io/sam.rs	619	is_paired
gatk-core/src/io/sam.rs	624	is_proper_pair
gatk-core/src/io/sam.rs	629	is_unmapped
gatk-core/src/io/sam.rs	634	is_mate_unmapped
gatk-core/src/io/sam.rs	639	is_reverse_strand
gatk-core/src/io/sam.rs	644	is_mate_reverse_strand
gatk-core/src/io/sam.rs	649	is_first_in_pair
gatk-core/src/io/sam.rs	654	is_second_in_pair
gatk-core/src/io/sam.rs	659	is_secondary
gatk-core/src/io/sam.rs	664	is_qc_fail
gatk-core/src/io/sam.rs	669	is_duplicate
gatk-core/src/io/sam.rs	674	is_supplementary
gatk-core/src/io/sam.rs	679	parse_cigar
gatk-core/src/io/sam.rs	684	read_length
gatk-core/src/io/sam.rs	701	reference_span
gatk-core/src/io/sam.rs	719	average_quality
gatk-core/src/io/sam.rs	733	gc_content
gatk-core/src/io/sam.rs	747	get_optional_field
gatk-core/src/io/sam.rs	759	get_optional_value
gatk-core/src/io/vcf.rs	229	from_file
gatk-core/src/io/vcf.rs	252	read_next_record
gatk-core/src/io/vcf.rs	257	read_all_records
gatk-core/src/io/vcf.rs	266	header
gatk-core/src/io/vcf.rs	271	iter
gatk-core/src/io/vcf.rs	294	next
gatk-core/src/io/vcf.rs	305	new
gatk-core/src/io/vcf.rs	319	write_header
gatk-core/src/io/vcf.rs	407	write_record
gatk-core/src/io/vcf.rs	414	write_records
gatk-core/src/io/vcf.rs	422	format_record
gatk-core/src/io/vcf.rs	460	format_info
gatk-core/src/io/vcf.rs	518	format_sample
gatk-core/src/io/vcf.rs	585	new
gatk-core/src/io/vcf.rs	592	read_header
gatk-core/src/io/vcf.rs	636	parse_header_line
gatk-core/src/io/vcf.rs	661	parse_contig
gatk-core/src/io/vcf.rs	693	parse_info_field
gatk-core/src/io/vcf.rs	722	parse_format_field
gatk-core/src/io/vcf.rs	747	parse_filter_field
gatk-core/src/io/vcf.rs	768	parse_column_header
gatk-core/src/io/vcf.rs	775	read_next_record
gatk-core/src/io/vcf.rs	808	parse_record
gatk-core/src/io/vcf.rs	884	parse_info
gatk-core/src/io/vcf.rs	899	parse_info_field_value
gatk-core/src/io/vcf.rs	930	parse_sample
gatk-core/src/io/vcf.rs	989	parse_genotype
gatk-core/src/io/vcf.rs	1011	read_header
gatk-core/src/io/vcf.rs	1012	read_next_record
gatk-core/src/io/vcf.rs	1016	read_header
gatk-core/src/io/vcf.rs	1020	read_next_record
gatk-core/src/io/vcf.rs	1026	default
gatk-core/src/io/vcf.rs	1042	fmt
gatk-core/src/io/vcf.rs	1058	is_snp
gatk-core/src/io/vcf.rs	1065	is_insertion
gatk-core/src/io/vcf.rs	1072	is_deletion
gatk-core/src/io/vcf.rs	1079	is_indel
gatk-core/src/io/vcf.rs	1084	variant_type
gatk-core/src/io/vcf.rs	1099	allele_count
gatk-core/src/io/vcf.rs	1104	is_filtered
gatk-core/src/io/vcf.rs	1109	get_af
gatk-core/src/io/vcf.rs	1117	get_ad
gatk-core/src/io/vcf.rs	1122	get_gq
gatk-core/src/io/vcf.rs	1127	get_dp
gatk-core/src/io/vcf.rs	1132	get_gt
gatk-core/src/io/vcf.rs	1146	from_file_reads_gzipped_vcf
gatk-core/src/lib.rs	32	test_basic_functionality
gatk-core/src/memory.rs	21	open
gatk-core/src/memory.rs	35	slice
gatk-core/src/memory.rs	44	as_bytes
gatk-core/src/memory.rs	49	len
gatk-core/src/memory.rs	54	is_empty
gatk-core/src/reference.rs	72	new
gatk-core/src/reference.rs	76	add_contig
gatk-core/src/reference.rs	92	from_fasta_path
gatk-core/src/reference.rs	108	try_from_fai_beside
gatk-core/src/reference.rs	136	contig_count
gatk-core/src/reference.rs	140	contig_names
gatk-core/src/reference.rs	145	contig_records
gatk-core/src/reference.rs	150	whole_genome_interval_specs
gatk-core/src/reference.rs	162	contig
gatk-core/src/reference.rs	177	validate_interval
gatk-core/src/reference.rs	205	validate_vcf_header
gatk-core/src/reference.rs	225	validate_bam_header
gatk-core/src/reference.rs	243	validate_sam_header
gatk-core/src/reference.rs	263	parse
gatk-core/src/reference.rs	303	parse_list
gatk-core/src/reference.rs	317	parse_include_exclude_list
gatk-core/src/reference.rs	343	parse_list_file
gatk-core/src/reference.rs	384	parse_list_file_with_dictionary
gatk-core/src/reference.rs	529	resolve_closed_ends
gatk-core/src/reference.rs	554	merge_closed_intervals
gatk-core/src/reference.rs	573	subtract_one_closed_segment
gatk-core/src/reference.rs	600	resolve_interval_specs_includes_excludes
gatk-core/src/reference.rs	663	uppercase_acgtn
gatk-core/src/reference.rs	690	load_beside_fasta
gatk-core/src/reference.rs	727	entry_for_query
gatk-core/src/reference.rs	738	read_interval_via_samtools_fai
gatk-core/src/reference.rs	790	read_contig_bases_sequential
gatk-core/src/reference.rs	802	load_contig_bases
gatk-core/src/reference.rs	817	global_contig_arc_cache
gatk-core/src/reference.rs	822	shared_contig_bases
gatk-core/src/reference.rs	845	read_fasta_interval_bytes
gatk-core/src/reference.rs	873	count_acgtn_histogram_for_interval_specs
gatk-core/src/reference.rs	927	new
gatk-core/src/reference.rs	938	get_interval_bytes
gatk-core/src/reference.rs	1005	cached_windows
gatk-core/src/reference.rs	1011	parse_intervals_cli_string
gatk-core/src/reference.rs	1045	intervals_for_haplotype_caller
gatk-core/src/reference.rs	1055	contig_name_matches_fasta_entry
gatk-core/src/reference.rs	1066	reference_base_at_1based
gatk-core/src/reference.rs	1083	parses_interval_with_range
gatk-core/src/reference.rs	1091	parses_whole_contig_interval
gatk-core/src/reference.rs	1099	validates_alias_contig_names
gatk-core/src/reference.rs	1108	parses_interval_list
gatk-core/src/reference.rs	1116	whole_genome_interval_specs_one_contig
gatk-core/src/reference.rs	1127	intervals_for_hc_none_is_whole_genome
gatk-core/src/reference.rs	1139	reference_base_at_1based_chr_alias_and_uppercase
gatk-core/src/reference.rs	1147	reference_base_at_1based_rejects_zero
gatk-core/src/reference.rs	1153	parse_list_rejects_exclusion_without_dictionary
gatk-core/src/reference.rs	1158	resolve_excludes_mid_segment
gatk-core/src/reference.rs	1172	parse_intervals_cli_string_union_excludes
gatk-core/src/reference.rs	1180	count_acgtn_histogram_chr1_16
gatk-core/src/reference.rs	1193	count_histogram_buckets_non_acgtn_as_n
gatk-core/src/reference.rs	1204	reference_window_cache_evicts_deterministically
gatk-core/src/reference.rs	1216	dictionary_prefers_fai_without_reading_fasta_body
gatk-core/src/reference.rs	1232	samtools_fai_interval_matches_sequential
gatk-core/src/tests/mod.rs	35	new
gatk-core/src/tests/mod.rs	42	path
gatk-core/src/tests/mod.rs	47	create_file
gatk-core/src/tests/mod.rs	54	create_fasta
gatk-core/src/tests/mod.rs	67	create_vcf
gatk-core/src/tests/mod.rs	86	create_bam
gatk-core/src/tests/mod.rs	94	default
gatk-core/src/tests/mod.rs	100	fixture_path
gatk-core/src/tests/mod.rs	138	test_position
gatk-core/src/tests/mod.rs	147	test_allele
gatk-core/src/tests/mod.rs	163	test_sequence
gatk-core/src/tests/mod.rs	177	test_variant
gatk-core/src/tests/mod.rs	191	test_read
gatk-core/src/tests/mod.rs	229	create_test_dataset
gatk-core/src/tests/mod.rs	259	run_integration_test
gatk-core/src/tests/mod.rs	273	measure_time
gatk-core/src/tests/mod.rs	285	benchmark_memory
gatk-core/src/tests/mod.rs	293	assert_performance
gatk-core/src/tests/mod.rs	331	new
gatk-core/src/tests/mod.rs	340	read
gatk-core/src/tests/mod.rs	362	new
gatk-core/src/tests/mod.rs	369	check_error
gatk-core/src/types.rs	44	new
gatk-core/src/types.rs	48	contains
gatk-core/src/types.rs	52	contains_position
gatk-core/src/types.rs	56	length
gatk-core/src/types.rs	62	new
gatk-core/src/types.rs	83	new
gatk-core/src/types.rs	87	value
gatk-core/src/types.rs	91	phred_score
gatk-core/src/types.rs	95	error_probability
gatk-core/src/types.rs	122	from_sam_mapq
gatk-core/src/types.rs	131	as_sam_mapq
gatk-core/src/types.rs	139	score
gatk-core/src/types.rs	148	partial_cmp
gatk-core/src/types.rs	154	cmp
gatk-core/src/types.rs	190	from_char
gatk-core/src/types.rs	201	to_char
gatk-core/src/types.rs	211	complement
gatk-core/src/types.rs	240	new
gatk-core/src/types.rs	244	from_string
gatk-core/src/types.rs	249	length
gatk-core/src/types.rs	253	is_empty
gatk-core/src/types.rs	259	fmt
gatk-core/src/types.rs	304	new
gatk-core/src/types.rs	308	is_hom_ref
gatk-core/src/types.rs	312	is_hom_var
gatk-core/src/types.rs	316	is_het
gatk-core/src/types.rs	346	new
gatk-core/src/types.rs	361	variant_type
gatk-core/src/types.rs	380	add_genotype
gatk-core/src/types.rs	384	set_attribute
gatk-core/src/types.rs	388	alternates
gatk-core/src/types.rs	392	contig
gatk-core/src/types.rs	396	chromosome
gatk-core/src/types.rs	420	new
gatk-core/src/types.rs	428	from_sam
gatk-core/src/types.rs	435	from_vec
gatk-core/src/types.rs	466	new
gatk-core/src/types.rs	484	length
gatk-core/src/types.rs	488	len
gatk-core/src/types.rs	492	is_empty
gatk-core/src/types.rs	496	base_at
gatk-core/src/types.rs	500	quality_at
gatk-core/src/types.rs	504	is_valid_dna
gatk-core/src/types.rs	510	name
gatk-core/src/types.rs	514	average_quality
gatk-core/src/types.rs	527	has_minimum_quality
gatk-core/src/types.rs	534	filter_bases_by_quality
gatk-core/src/utils.rs	7	reverse_complement
gatk-core/src/utils.rs	16	gc_content
gatk-core/src/utils.rs	30	position_in_intervals
gatk-core/src/utils.rs	35	merge_intervals
gatk-core/src/utils.rs	70	hamming_distance
gatk-core/src/utils.rs	79	unique_bases
gatk-core/src/utils.rs	84	is_valid_dna
gatk-core/src/utils.rs	91	base_composition
gatk-core/src/utils.rs	100	phred_to_probability
gatk-core/src/utils.rs	105	probability_to_phred
gatk-core/src/utils.rs	117	average_base_quality
gatk-core/src/utils.rs	127	filter_by_quality
gatk-core/src/utils.rs	146	alleles_equal
gatk-core/src/utils.rs	151	ref_allele
gatk-core/src/utils.rs	156	alt_allele
gatk-core/src/utils.rs	165	test_reverse_complement
gatk-core/src/utils.rs	176	test_gc_content
gatk-core/src/utils.rs	188	test_hamming_distance
gatk-core/src/utils.rs	198	test_merge_intervals
gatk-core/src/utils.rs	216	test_phred_conversion
gatk-core/src/variant_filtration.rs	76	parse_filter_expression
gatk-core/src/variant_filtration.rs	131	is_ident
gatk-core/src/variant_filtration.rs	141	gatk_snp_hard_filters
gatk-core/src/variant_filtration.rs	152	gatk_indel_hard_filters
gatk-core/src/variant_filtration.rs	163	zip_filter_pairs
gatk-core/src/variant_filtration.rs	190	expression_fails
gatk-core/src/variant_filtration.rs	197	compare
gatk-core/src/variant_filtration.rs	212	annotation_value
gatk-core/src/variant_filtration.rs	229	apply_filters_to_record
gatk-core/src/variant_filtration.rs	246	filter_records
gatk-core/src/variant_filtration.rs	274	run_variant_filtration
gatk-core/src/variant_filtration.rs	329	run_variant_filtration_preset
gatk-core/src/variant_filtration.rs	361	rec_with
gatk-core/src/variant_filtration.rs	386	f
gatk-core/src/variant_filtration.rs	390	fails
gatk-core/src/variant_filtration.rs	396	parse_qd_lt
gatk-core/src/variant_filtration.rs	404	parse_negative_threshold
gatk-core/src/variant_filtration.rs	410	qd_boundary_strict_lt
gatk-core/src/variant_filtration.rs	421	fs_boundary_strict_gt_snp
gatk-core/src/variant_filtration.rs	431	fs_boundary_indel_200
gatk-core/src/variant_filtration.rs	439	mq_boundary_strict_lt
gatk-core/src/variant_filtration.rs	447	mqranksum_boundary
gatk-core/src/variant_filtration.rs	455	readposranksum_snp_and_indel_thresholds
gatk-core/src/variant_filtration.rs	464	sor_snp_and_indel_thresholds
gatk-core/src/variant_filtration.rs	473	qual_boundary
gatk-core/src/variant_filtration.rs	481	missing_annotation_does_not_fail
gatk-core/src/variant_filtration.rs	489	missing_qual_uses_htsjdk_sentinel_and_fails_qual_lt_30
gatk-core/src/variant_filtration.rs	497	multiple_filters_accumulate_names
gatk-core/src/variant_filtration.rs	521	all_pass_emits_pass
gatk-core/src/variant_filtration.rs	538	snp_preset_matches_official_table
gatk-core/src/variant_filtration.rs	549	zip_pairs_length_mismatch_errors
gatk-core/src/variant_filtration.rs	555	integer_info_compared_as_float
gatk-core/src/variant_filtration.rs	565	filter_records_sets_pass_and_fail
gatk-haplotypecaller/src/active_region.rs	28	tile_closed_interval
gatk-haplotypecaller/src/active_region.rs	56	tiles_short_interval
gatk-haplotypecaller/src/active_region.rs	64	tiles_span_multiple
gatk-haplotypecaller/src/activity_profile.rs	29	root_two_pi
gatk-haplotypecaller/src/activity_profile.rs	75	new
gatk-haplotypecaller/src/activity_profile.rs	86	high_quality_soft_clips
gatk-haplotypecaller/src/activity_profile.rs	103	kind
gatk-haplotypecaller/src/activity_profile.rs	109	hq_soft_clip_bases
gatk-haplotypecaller/src/activity_profile.rs	117	offset_from_region_start
gatk-haplotypecaller/src/activity_profile.rs	122	is_active
gatk-haplotypecaller/src/activity_profile.rs	150	try_new
gatk-haplotypecaller/src/activity_profile.rs	159	get
gatk-haplotypecaller/src/activity_profile.rs	176	gatk_haplotype_caller_defaults
gatk-haplotypecaller/src/activity_profile.rs	188	try_from_assembly_region
gatk-haplotypecaller/src/activity_profile.rs	208	try_new
gatk-haplotypecaller/src/activity_profile.rs	231	effective_max_prob_propagation_distance
gatk-haplotypecaller/src/activity_profile.rs	237	resolved_filter_size
gatk-haplotypecaller/src/activity_profile.rs	242	normalized_kernel
gatk-haplotypecaller/src/activity_profile.rs	247	resolved_filter_and_kernel
gatk-haplotypecaller/src/activity_profile.rs	264	normal_distribution
gatk-haplotypecaller/src/activity_profile.rs	270	make_gaussian_kernel
gatk-haplotypecaller/src/activity_profile.rs	287	adaptive_filter_size
gatk-haplotypecaller/src/activity_profile.rs	300	activity_profile_base_process_state
gatk-haplotypecaller/src/activity_profile.rs	332	band_pass_process_state
gatk-haplotypecaller/src/activity_profile.rs	422	new
gatk-haplotypecaller/src/activity_profile.rs	443	max_prob_propagation_distance_with_filter
gatk-haplotypecaller/src/activity_profile.rs	450	add
gatk-haplotypecaller/src/activity_profile.rs	479	expand_smoothed
gatk-haplotypecaller/src/activity_profile.rs	492	incorporate_sorted
gatk-haplotypecaller/src/activity_profile.rs	537	contig
gatk-haplotypecaller/src/activity_profile.rs	541	region_start
gatk-haplotypecaller/src/activity_profile.rs	545	last_input_pos
gatk-haplotypecaller/src/activity_profile.rs	549	len
gatk-haplotypecaller/src/activity_profile.rs	553	is_empty
gatk-haplotypecaller/src/activity_profile.rs	557	states
gatk-haplotypecaller/src/activity_profile.rs	562	total_smoothed_mass
gatk-haplotypecaller/src/activity_profile.rs	568	try_pop_next_ready_region
gatk-haplotypecaller/src/activity_profile.rs	589	pop_ready_regions
gatk-haplotypecaller/src/activity_profile.rs	613	pop_next_ready_region
gatk-haplotypecaller/src/activity_profile.rs	680	find_end_of_region
gatk-haplotypecaller/src/activity_profile.rs	702	find_best_cut_site
gatk-haplotypecaller/src/activity_profile.rs	716	find_first_activity_boundary
gatk-haplotypecaller/src/activity_profile.rs	734	is_minimum
gatk-haplotypecaller/src/activity_profile.rs	748	gatk_threshold_constants_match_assembly_region_defaults
gatk-haplotypecaller/src/activity_profile.rs	766	band_pass_defaults_match_assembly_region_iterator
gatk-haplotypecaller/src/activity_profile.rs	781	adaptive_filter_size_shrinks_for_tight_sigma
gatk-haplotypecaller/src/activity_profile.rs	791	activity_state_offset_matches_gatk_semantics
gatk-haplotypecaller/src/activity_profile.rs	797	positive_sigma_rejects_non_positive
gatk-haplotypecaller/src/activity_profile.rs	805	hq_soft_clip_evidence_carries_length_plain_does_not
gatk-haplotypecaller/src/activity_profile.rs	818	is_active_respects_strict_greater_than_threshold
gatk-haplotypecaller/src/activity_profile.rs	825	hq_expansion_span_matches_max_propagation_plus_filter_cap
gatk-haplotypecaller/src/activity_profile.rs	834	single_centered_spike_drops_left_tail_before_region_start
gatk-haplotypecaller/src/activity_profile.rs	858	two_adjacent_spikes_accumulate_overlapping_windows
gatk-haplotypecaller/src/activity_profile.rs	881	add_rejects_non_contiguous_locus
gatk-haplotypecaller/src/activity_profile.rs	900	pop_ready_regions_waits_until_safe_without_force_conversion
gatk-haplotypecaller/src/activity_profile.rs	918	pop_ready_regions_cuts_active_region_at_local_minimum_when_maxed
gatk-haplotypecaller/src/activity_profile.rs	942	pop_ready_regions_splits_active_then_inactive_and_updates_origin
gatk-haplotypecaller/src/activity_profile.rs	971	padded_bounds_are_clipped_to_contig_edges
gatk-haplotypecaller/src/activity_scoring.rs	74	default
gatk-haplotypecaller/src/activity_scoring.rs	93	from_haplotype_caller_config
gatk-haplotypecaller/src/activity_scoring.rs	103	ref_pseudocount
gatk-haplotypecaller/src/activity_scoring.rs	108	snp_pseudocount
gatk-haplotypecaller/src/activity_scoring.rs	142	is_alt_before_assembly
gatk-haplotypecaller/src/activity_scoring.rs	163	is_alt_after_assembly
gatk-haplotypecaller/src/activity_scoring.rs	168	qual_to_error_prob_log10_double
gatk-haplotypecaller/src/activity_scoring.rs	172	qual_to_prob_log10_byte
gatk-haplotypecaller/src/activity_scoring.rs	186	qual_to_error_prob_log10_byte
gatk-haplotypecaller/src/activity_scoring.rs	191	fast_round_java
gatk-haplotypecaller/src/activity_scoring.rs	199	jacobian_log_table_get
gatk-haplotypecaller/src/activity_scoring.rs	218	approximate_log10_sum_log10_pair
gatk-haplotypecaller/src/activity_scoring.rs	234	java_math_round_double_to_i32
gatk-haplotypecaller/src/activity_scoring.rs	249	genotype_log10_likelihoods_after_java_genotype_pl_roundtrip
gatk-haplotypecaller/src/activity_scoring.rs	266	log10_sum_log10
gatk-haplotypecaller/src/activity_scoring.rs	296	normalize_from_log10_to_linear_space
gatk-haplotypecaller/src/activity_scoring.rs	302	max_element_index
gatk-haplotypecaller/src/activity_scoring.rs	314	log_to_log10
gatk-haplotypecaller/src/activity_scoring.rs	319	log_binomial_coefficient_natural
gatk-haplotypecaller/src/activity_scoring.rs	326	calculate_single_sample_biallelic_non_ref_posterior
gatk-haplotypecaller/src/activity_scoring.rs	363	calculate_multi_sample_any_non_ref_posterior
gatk-haplotypecaller/src/activity_scoring.rs	383	effective_qual
gatk-haplotypecaller/src/activity_scoring.rs	391	skip_observation
gatk-haplotypecaller/src/activity_scoring.rs	403	hq_soft_clip_running_mean_rcm_path
gatk-haplotypecaller/src/activity_scoring.rs	425	hq_soft_clip_running_mean_rcm_stratified
gatk-haplotypecaller/src/activity_scoring.rs	447	calc_ref_vs_any_log10_genotype_likelihoods
gatk-haplotypecaller/src/activity_scoring.rs	506	haplotype_caller_activity_profile_state_single_sample
gatk-haplotypecaller/src/activity_scoring.rs	519	haplotype_caller_activity_profile_state_multi_sample
gatk-haplotypecaller/src/activity_scoring.rs	553	is_alt_before_assembly_hom_ref_match
gatk-haplotypecaller/src/activity_scoring.rs	560	is_alt_after_assembly_ignores_indel_flank_flags
gatk-haplotypecaller/src/activity_scoring.rs	567	log10_sum_two_values_matches_max_plus_log10_1_plus_pow
gatk-haplotypecaller/src/activity_scoring.rs	576	java_genotype_pl_roundtrip_matches_htsjdk_joint_probe_gl
gatk-haplotypecaller/src/activity_scoring.rs	589	frozen_hom_ref_single_read_matches_python_reference
gatk-haplotypecaller/src/activity_scoring.rs	617	frozen_hom_alt_five_reads_matches_python_reference
gatk-haplotypecaller/src/activity_scoring.rs	636	empty_pileup_yields_zero_activity
gatk-haplotypecaller/src/activity_scoring.rs	643	hq_soft_clip_kind_when_mean_exceeds_threshold
gatk-haplotypecaller/src/activity_scoring.rs	661	multi_sample_probability_aggregates_any_non_ref
gatk-haplotypecaller/src/activity_scoring.rs	689	multi_sample_state_reduces_to_single_sample_for_one_sample
gatk-haplotypecaller/src/activity_scoring.rs	706	multi_sample_state_empty_returns_zero
gatk-haplotypecaller/src/af_calc.rs	56	default
gatk-haplotypecaller/src/af_calc.rs	67	log10_dirichlet_mean_weights
gatk-haplotypecaller/src/af_calc.rs	75	diploid_genotype_allele_counts
gatk-haplotypecaller/src/af_calc.rs	83	log10_normalized_genotype_posteriors_biallelic
gatk-haplotypecaller/src/af_calc.rs	106	effective_allele_counts_biallelic
gatk-haplotypecaller/src/af_calc.rs	132	calculate_biallelic_af_em
gatk-haplotypecaller/src/af_calc.rs	202	diploid_genotype_pairs
gatk-haplotypecaller/src/af_calc.rs	212	log10_normalized_genotype_posteriors_multi
gatk-haplotypecaller/src/af_calc.rs	234	effective_allele_counts_multi
gatk-haplotypecaller/src/af_calc.rs	259	calculate_multiallelic_af_em
gatk-haplotypecaller/src/af_calc.rs	351	qual_from_log10_p_no_variant
gatk-haplotypecaller/src/allele_downsample.rs	10	target_allele_counts
gatk-haplotypecaller/src/allele_downsample.rs	41	score_allele_counts
gatk-haplotypecaller/src/allele_downsample.rs	57	select_allele_biased_evidence_indices
gatk-haplotypecaller/src/allele_downsample.rs	90	downsample_element_indices
gatk-haplotypecaller/src/allele_downsample.rs	108	apply_contamination_to_pileup
gatk-haplotypecaller/src/allele_downsample.rs	137	dump_target_allele_counts_tsv
gatk-haplotypecaller/src/allele_downsample.rs	166	dump_allele_biased_evidence_locus_tsv
gatk-haplotypecaller/src/allele_downsample.rs	255	target_counts_match_gatk_unit_test_hom_contaminant
gatk-haplotypecaller/src/allele_downsample.rs	263	target_counts_het_overlapping_unchanged
gatk-haplotypecaller/src/allele_downsample.rs	270	select_evidence_removal_count
gatk-haplotypecaller/src/allele_filter_options.rs	37	strict_java_span
gatk-haplotypecaller/src/allele_filter_options.rs	47	from_strict_java
gatk-haplotypecaller/src/allele_filter_options.rs	67	unrestricted
gatk-haplotypecaller/src/allele_filter_options.rs	75	active_start_1based
gatk-haplotypecaller/src/allele_filter_options.rs	83	active_end_1based
gatk-haplotypecaller/src/allele_filter_options.rs	96	half_span_options_become_unrestricted
gatk-haplotypecaller/src/allele_filter_options.rs	104	both_ends_form_inclusive_span
gatk-haplotypecaller/src/allele_filtering.rs	33	ensure_reference_haplotype
gatk-haplotypecaller/src/allele_filtering.rs	44	haplotype_log10_sums_from_region_likelihoods
gatk-haplotypecaller/src/allele_filtering.rs	62	variation_event_hc_inverse_pl_from_rows
gatk-haplotypecaller/src/allele_filtering.rs	108	haplotype_hc_inverse_pl_scores
gatk-haplotypecaller/src/allele_filtering.rs	187	variation_events_in_active_span
gatk-haplotypecaller/src/allele_filtering.rs	205	mark_haplotypes_supporting_variation_events
gatk-haplotypecaller/src/allele_filtering.rs	370	select_haplotype_keep_mask
gatk-haplotypecaller/src/allele_filtering.rs	460	filter_haplotypes_for_genotyping
gatk-haplotypecaller/src/allele_filtering.rs	478	remap_read_likelihoods_after_hap_filter
gatk-haplotypecaller/src/allele_filtering.rs	496	filter_assembly_and_likelihoods
gatk-haplotypecaller/src/allele_subsetting.rs	10	subset_alleles_for_genotyping
gatk-haplotypecaller/src/allele_subsetting.rs	33	biallelic_ref_alt_indices
gatk-haplotypecaller/src/allele_subsetting_pl.rs	6	scale_log_space_array_for_numerical_stability
gatk-haplotypecaller/src/allele_subsetting_pl.rs	15	diploid_genotype_pairs
gatk-haplotypecaller/src/allele_subsetting_pl.rs	25	num_genotype_likelihoods
gatk-haplotypecaller/src/allele_subsetting_pl.rs	31	subsetted_pl_indices
gatk-haplotypecaller/src/allele_subsetting_pl.rs	55	subset_ad
gatk-haplotypecaller/src/allele_subsetting_pl.rs	63	subset_log10_genotype_likelihoods
gatk-haplotypecaller/src/allele_subsetting_pl.rs	83	log10_gl_to_int_pl
gatk-haplotypecaller/src/allele_subsetting_pl.rs	104	subset_sac
gatk-haplotypecaller/src/allele_subsetting_pl.rs	142	subset_trim_acg_to_ac
gatk-haplotypecaller/src/allele_subsetting_pl.rs	157	subset_trim_acg_to_ag
gatk-haplotypecaller/src/allele_subsetting_pl.rs	172	subset_het_ac_sac
gatk-haplotypecaller/src/allele_subsetting_pl.rs	196	trim_acg_to_ac_matches_gatk_unit_test
gatk-haplotypecaller/src/allele_subsetting_pl.rs	206	het_ac_sac_matches_gatk_unit_test
gatk-haplotypecaller/src/annotator/engine.rs	53	annotate_parity_v1_site
gatk-haplotypecaller/src/annotator/engine.rs	78	parity_v1_matches_core_annotations
gatk-haplotypecaller/src/annotator/plugins/as_standard.rs	4	as_af
gatk-haplotypecaller/src/annotator/plugins/as_standard.rs	13	as_qual
gatk-haplotypecaller/src/annotator/plugins/depth_per_sample_hc.rs	4	depth_per_sample_hc
gatk-haplotypecaller/src/annotator/plugins/depth_per_sample_hc.rs	9	format_dp_from_ad
gatk-haplotypecaller/src/annotator/plugins/excess_het.rs	8	exact_test
gatk-haplotypecaller/src/annotator/plugins/excess_het.rs	80	excess_heterozygosity_phred
gatk-haplotypecaller/src/annotator/plugins/excess_het.rs	103	balanced_ref_het_hom_matches_java
gatk-haplotypecaller/src/annotator/plugins/excess_het.rs	113	all_hom_ref_zero_phred
gatk-haplotypecaller/src/annotator/plugins/fisher_strand.rs	15	fisher_strand_statistic
gatk-haplotypecaller/src/annotator/plugins/fisher_strand.rs	25	p_value_for_contingency_table
gatk-haplotypecaller/src/annotator/plugins/fisher_strand.rs	30	normalize_contingency_table
gatk-haplotypecaller/src/annotator/plugins/fisher_strand.rs	53	fisher_exact_two_sided_p_value
gatk-haplotypecaller/src/annotator/plugins/fisher_strand.rs	91	phred_scale_error_rate
gatk-haplotypecaller/src/annotator/plugins/fisher_strand.rs	97	phred_scale_log10_error_rate
gatk-haplotypecaller/src/annotator/plugins/fisher_strand.rs	106	table
gatk-haplotypecaller/src/annotator/plugins/fisher_strand.rs	111	gatk_unit_test_vectors
gatk-haplotypecaller/src/annotator/plugins/fisher_strand.rs	138	parity_fixture_strand_bias
gatk-haplotypecaller/src/annotator/plugins/mapping_quality_rank_sum.rs	6	mapping_quality_rank_sum
gatk-haplotypecaller/src/annotator/plugins/qual_by_depth.rs	9	qual_by_depth
gatk-haplotypecaller/src/annotator/plugins/qual_by_depth.rs	17	fix_too_high_qd
gatk-haplotypecaller/src/annotator/plugins/rank_sum_baseq.rs	6	base_quality_rank_sum
gatk-haplotypecaller/src/annotator/plugins/read_pos_rank_sum.rs	6	read_pos_rank_sum
gatk-haplotypecaller/src/annotator/plugins/read_pos_rank_sum.rs	10	rank_sum_z
gatk-haplotypecaller/src/annotator/plugins/strand_odds_ratio.rs	6	strand_odds_ratio
gatk-haplotypecaller/src/annotator/plugins/strand_odds_ratio.rs	11	calculate_sor
gatk-haplotypecaller/src/assembly.rs	29	default
gatk-haplotypecaller/src/assembly.rs	57	gatk_haplotype_caller_defaults
gatk-haplotypecaller/src/assembly.rs	71	default
gatk-haplotypecaller/src/assembly.rs	138	new
gatk-haplotypecaller/src/assembly.rs	147	from_threading_build
gatk-haplotypecaller/src/assembly.rs	172	ensure_node
gatk-haplotypecaller/src/assembly.rs	190	add_edge
gatk-haplotypecaller/src/assembly.rs	194	add_edge_support
gatk-haplotypecaller/src/assembly.rs	201	node_count
gatk-haplotypecaller/src/assembly.rs	205	edge_count
gatk-haplotypecaller/src/assembly.rs	210	max_out_degree
gatk-haplotypecaller/src/assembly.rs	214	nodes
gatk-haplotypecaller/src/assembly.rs	218	vertex_id_for_kmer
gatk-haplotypecaller/src/assembly.rs	222	edges_sorted
gatk-haplotypecaller/src/assembly.rs	240	source_nodes
gatk-haplotypecaller/src/assembly.rs	248	outgoing_nodes
gatk-haplotypecaller/src/assembly.rs	256	outgoing_targets
gatk-haplotypecaller/src/assembly.rs	263	incoming_nodes
gatk-haplotypecaller/src/assembly.rs	271	incoming_sources
gatk-haplotypecaller/src/assembly.rs	278	incoming_count
gatk-haplotypecaller/src/assembly.rs	282	edge_is_ref
gatk-haplotypecaller/src/assembly.rs	287	is_ref_source_vertex
gatk-haplotypecaller/src/assembly.rs	298	is_ref_sink_vertex
gatk-haplotypecaller/src/assembly.rs	308	has_ref_threading
gatk-haplotypecaller/src/assembly.rs	312	reference_source_vertex
gatk-haplotypecaller/src/assembly.rs	316	reference_sink_vertex
gatk-haplotypecaller/src/assembly.rs	321	path_bases
gatk-haplotypecaller/src/assembly.rs	335	has_cycle
gatk-haplotypecaller/src/assembly.rs	340	remove_paths_not_connected_to_ref
gatk-haplotypecaller/src/assembly.rs	379	edge_support
gatk-haplotypecaller/src/assembly.rs	383	is_source
gatk-haplotypecaller/src/assembly.rs	387	is_sink
gatk-haplotypecaller/src/assembly.rs	394	remove_edge
gatk-haplotypecaller/src/assembly.rs	404	remove_isolated_nodes
gatk-haplotypecaller/src/assembly.rs	408	kmer_at
gatk-haplotypecaller/src/assembly.rs	413	from_reads_kmer_sizes
gatk-haplotypecaller/src/assembly.rs	435	from_reads
gatk-haplotypecaller/src/assembly.rs	439	prune_low_weight_edges
gatk-haplotypecaller/src/assembly.rs	446	total_edge_support
gatk-haplotypecaller/src/assembly.rs	450	log10_max_edge_support
gatk-haplotypecaller/src/assembly.rs	457	log10_sum_edge_support
gatk-haplotypecaller/src/assembly.rs	467	apply_pruning
gatk-haplotypecaller/src/assembly.rs	472	summarize_after_pruning
gatk-haplotypecaller/src/assembly.rs	491	remove_dangling_paths
gatk-haplotypecaller/src/assembly.rs	530	cleanup_isolated_nodes
gatk-haplotypecaller/src/assembly.rs	545	remove_nodes_and_isolated
gatk-haplotypecaller/src/assembly.rs	561	remove_nodes
gatk-haplotypecaller/src/assembly.rs	609	extract_candidate_haplotypes
gatk-haplotypecaller/src/assembly.rs	645	validate_basic_invariants
gatk-haplotypecaller/src/assembly.rs	683	has_cycle_internal
gatk-haplotypecaller/src/assembly.rs	708	dfs_haplotypes
gatk-haplotypecaller/src/assembly.rs	763	new
gatk-haplotypecaller/src/assembly.rs	768	assemble
gatk-haplotypecaller/src/assembly.rs	773	assemble_with_optional_ref
gatk-haplotypecaller/src/assembly.rs	813	mk_read
gatk-haplotypecaller/src/assembly.rs	821	fixed_pruning_drops_low_support_edges
gatk-haplotypecaller/src/assembly.rs	841	adaptive_pruning_keeps_branch_after_threading
gatk-haplotypecaller/src/assembly.rs	863	summarize_after_pruning_emits_log10_mass
gatk-haplotypecaller/src/assembly.rs	883	multi_kmer_graphs_produce_independent_edge_sets
gatk-haplotypecaller/src/assembly.rs	894	graph_construction_from_reads_builds_kmer_nodes_and_edges
gatk-haplotypecaller/src/assembly.rs	906	quality_filter_discards_low_quality_windows
gatk-haplotypecaller/src/assembly.rs	920	pruning_and_dangling_removal_reduce_noise_paths
gatk-haplotypecaller/src/assembly.rs	942	candidate_extraction_is_deterministic_and_sorted
gatk-haplotypecaller/src/assembly.rs	972	graph_invariants_hold_after_wave_a_pipeline
gatk-haplotypecaller/src/assembly.rs	993	homopolymer_repeat_region_produces_stable_candidates
gatk-haplotypecaller/src/assembly.rs	1019	alt_path_recovery_keeps_supported_minor_branch
gatk-haplotypecaller/src/assembly.rs	1043	tie_break_is_lexicographic_for_equal_support
gatk-haplotypecaller/src/assembly.rs	1068	high_depth_memory_pressure_contract_keeps_outputs_bounded
gatk-haplotypecaller/src/assembly_based_caller.rs	58	gatk_haplotype_caller_defaults
gatk-haplotypecaller/src/assembly_based_caller.rs	95	default
gatk-haplotypecaller/src/assembly_based_caller.rs	109	java_parity_gate_default
gatk-haplotypecaller/src/assembly_based_caller.rs	131	apply_read_error_correction
gatk-haplotypecaller/src/assembly_based_caller.rs	167	normalize_production_haplotypes
gatk-haplotypecaller/src/assembly_based_caller.rs	210	assemble_reads
gatk-haplotypecaller/src/assembly_based_caller.rs	221	assemble_reads_with_finalized
gatk-haplotypecaller/src/assembly_based_caller.rs	381	call_region_assemble
gatk-haplotypecaller/src/assembly_based_caller.rs	396	assemble_reads_from_reads
gatk-haplotypecaller/src/assembly_dangling_recovery.rs	29	gatk_defaults
gatk-haplotypecaller/src/assembly_dangling_recovery.rs	86	gatk_haplotype_caller_defaults
gatk-haplotypecaller/src/assembly_dangling_recovery.rs	99	from_assembler_args
gatk-haplotypecaller/src/assembly_dangling_recovery.rs	143	base_eq
gatk-haplotypecaller/src/assembly_dangling_recovery.rs	147	sw_parameters
gatk-haplotypecaller/src/assembly_dangling_recovery.rs	157	remove_trailing_deletions
gatk-haplotypecaller/src/assembly_dangling_recovery.rs	171	align_dangling
gatk-haplotypecaller/src/assembly_dangling_recovery.rs	188	cigar_ok_to_merge_tail
gatk-haplotypecaller/src/assembly_dangling_recovery.rs	197	cigar_ok_to_merge_head
gatk-haplotypecaller/src/assembly_dangling_recovery.rs	207	best_prefix_match
gatk-haplotypecaller/src/assembly_dangling_recovery.rs	244	best_prefix_match_legacy
gatk-haplotypecaller/src/assembly_dangling_recovery.rs	274	longest_suffix_match_java
gatk-haplotypecaller/src/assembly_dangling_recovery.rs	286	path_bases
gatk-haplotypecaller/src/assembly_dangling_recovery.rs	301	add_merged_edge
gatk-haplotypecaller/src/assembly_dangling_recovery.rs	314	has_edge
gatk-haplotypecaller/src/assembly_dangling_recovery.rs	318	heaviest_incoming
gatk-haplotypecaller/src/assembly_dangling_recovery.rs	326	heaviest_outgoing
gatk-haplotypecaller/src/assembly_dangling_recovery.rs	334	has_incident_ref_in
gatk-haplotypecaller/src/assembly_dangling_recovery.rs	340	is_ref_node
gatk-haplotypecaller/src/assembly_dangling_recovery.rs	344	is_ref_source
gatk-haplotypecaller/src/assembly_dangling_recovery.rs	348	is_ref_sink
gatk-haplotypecaller/src/assembly_dangling_recovery.rs	353	find_path
gatk-haplotypecaller/src/assembly_dangling_recovery.rs	385	longest_heavy_incoming_path_upwards
gatk-haplotypecaller/src/assembly_dangling_recovery.rs	419	walk_heavy_incoming_to_ref_junction
gatk-haplotypecaller/src/assembly_dangling_recovery.rs	452	find_path_upwards_to_lca
gatk-haplotypecaller/src/assembly_dangling_recovery.rs	487	find_path_downwards_to_ref
gatk-haplotypecaller/src/assembly_dangling_recovery.rs	527	next_reference_vertex_down
gatk-haplotypecaller/src/assembly_dangling_recovery.rs	558	prev_reference_vertex
gatk-haplotypecaller/src/assembly_dangling_recovery.rs	564	reference_path_from
gatk-haplotypecaller/src/assembly_dangling_recovery.rs	594	plan_dangling_tail_merge
gatk-haplotypecaller/src/assembly_dangling_recovery.rs	742	probe_dangling_tail_failures
gatk-haplotypecaller/src/assembly_dangling_recovery.rs	768	recover_dangling_tail
gatk-haplotypecaller/src/assembly_dangling_recovery.rs	790	extend_dangling_path_against_reference
gatk-haplotypecaller/src/assembly_dangling_recovery.rs	858	plan_dangling_head_merge
gatk-haplotypecaller/src/assembly_dangling_recovery.rs	948	probe_dangling_head_failures
gatk-haplotypecaller/src/assembly_dangling_recovery.rs	975	recover_dangling_head
gatk-haplotypecaller/src/assembly_dangling_recovery.rs	989	add_dangling_recovery_edge
gatk-haplotypecaller/src/assembly_dangling_recovery.rs	999	count_dangling_tail_candidates_parity_dump
gatk-haplotypecaller/src/assembly_dangling_recovery.rs	1011	count_dangling_head_candidates_parity_dump
gatk-haplotypecaller/src/assembly_dangling_recovery.rs	1018	recover_dangling_branches
gatk-haplotypecaller/src/assembly_dangling_recovery.rs	1172	apply_dangling_merge_haplotypes
gatk-haplotypecaller/src/assembly_dangling_recovery.rs	1245	read
gatk-haplotypecaller/src/assembly_dangling_recovery.rs	1252	build_pruned_ref_graph_at_k
gatk-haplotypecaller/src/assembly_dangling_recovery.rs	1275	build_pruned_ref_graph
gatk-haplotypecaller/src/assembly_dangling_recovery.rs	1280	find_path_upwards_is_lca_first
gatk-haplotypecaller/src/assembly_dangling_recovery.rs	1298	best_prefix_match_requires_min_matching_bases
gatk-haplotypecaller/src/assembly_dangling_recovery.rs	1308	longest_suffix_match_matches_gatk_examples
gatk-haplotypecaller/src/assembly_dangling_recovery.rs	1315	dangling_java_exact_single_pass_matches_gatk_edge_count
gatk-haplotypecaller/src/assembly_dangling_recovery.rs	1334	dangling_tail_recovery_attempts_alt_sink
gatk-haplotypecaller/src/assembly_dangling_recovery.rs	1348	cigar_ok_to_merge_tail_requires_terminal_match_op
gatk-haplotypecaller/src/assembly_dangling_recovery.rs	1360	align_dangling_uses_leading_indel_strategy
gatk-haplotypecaller/src/assembly_dangling_recovery.rs	1372	forked_dangling_ends_recovers_all_alt_sinks_with_recover_all
gatk-haplotypecaller/src/assembly_dangling_recovery.rs	1393	reference_path_from_breaks_on_cycle
gatk-haplotypecaller/src/assembly_pruning.rs	21	find_all_chains
gatk-haplotypecaller/src/assembly_pruning.rs	49	extend_chain
gatk-haplotypecaller/src/assembly_pruning.rs	75	low_weight_chains_to_remove
gatk-haplotypecaller/src/assembly_pruning.rs	91	qual_to_error_prob
gatk-haplotypecaller/src/assembly_pruning.rs	95	error_prob_to_qual
gatk-haplotypecaller/src/assembly_pruning.rs	100	qual_to_log_error_prob
gatk-haplotypecaller/src/assembly_pruning.rs	105	qual_to_log_prob
gatk-haplotypecaller/src/assembly_pruning.rs	110	fast_bernoulli_entropy
gatk-haplotypecaller/src/assembly_pruning.rs	118	log_binomial
gatk-haplotypecaller/src/assembly_pruning.rs	123	mutect_log_likelihood_ratio
gatk-haplotypecaller/src/assembly_pruning.rs	141	chain_log_odds
gatk-haplotypecaller/src/assembly_pruning.rs	173	max_weight_chain_index
gatk-haplotypecaller/src/assembly_pruning.rs	189	chain_bases
gatk-haplotypecaller/src/assembly_pruning.rs	196	adaptive_chains_to_remove
gatk-haplotypecaller/src/assembly_pruning.rs	221	likely_error_chains
gatk-haplotypecaller/src/assembly_pruning.rs	263	cmp
gatk-haplotypecaller/src/assembly_pruning.rs	271	partial_cmp
gatk-haplotypecaller/src/assembly_pruning.rs	278	new
gatk-haplotypecaller/src/assembly_pruning.rs	379	remove_chains
gatk-haplotypecaller/src/assembly_pruning.rs	389	apply_gatk_pruning
gatk-haplotypecaller/src/assembly_region_evaluator.rs	21	evaluate_hc_activity_state
gatk-haplotypecaller/src/assembly_region_evaluator.rs	42	add_locus_for_smoothed_activity
gatk-haplotypecaller/src/assembly_region_evaluator.rs	80	hc_activity_after_locus_advance
gatk-haplotypecaller/src/assembly_region_evaluator.rs	147	pileup_at_locus
gatk-haplotypecaller/src/assembly_region_finalize.rs	23	assembly_reference_read
gatk-haplotypecaller/src/assembly_region_finalize.rs	53	gatk_min_tail_quality_for_assembly
gatk-haplotypecaller/src/assembly_region_finalize.rs	58	finalize_region_reads_for_assembly
gatk-haplotypecaller/src/assembly_region_finalize.rs	77	finalize_region_reads_for_assembly_owned
gatk-haplotypecaller/src/assembly_region_finalize.rs	95	finalize_owned_bam_records
gatk-haplotypecaller/src/assembly_region_finalize.rs	161	clip_finalized_reads_to_region
gatk-haplotypecaller/src/assembly_region_finalize.rs	172	clip_finalized_reads_in_place
gatk-haplotypecaller/src/assembly_region_finalize.rs	208	read_overlaps_padded_span
gatk-haplotypecaller/src/assembly_region_finalize.rs	217	alignment_end_1based
gatk-haplotypecaller/src/assembly_region_finalize.rs	222	padded_reference_loc
gatk-haplotypecaller/src/assembly_region_finalize.rs	240	reference_haplotype_for_assembly_region
gatk-haplotypecaller/src/assembly_region_finalize.rs	262	materialize_reference_haplotype_for_dump
gatk-haplotypecaller/src/assembly_region_finalize.rs	271	assembly_reads_for_production
gatk-haplotypecaller/src/assembly_region_finalize.rs	289	assembly_reads_for_java_materialize_dump
gatk-haplotypecaller/src/assembly_region_finalize.rs	293	records_to_assembly_reads
gatk-haplotypecaller/src/assembly_region_iterator.rs	55	refuse_oversized_assembly_region_reads
gatk-haplotypecaller/src/assembly_region_iterator.rs	112	eq
gatk-haplotypecaller/src/assembly_region_iterator.rs	125	from
gatk-haplotypecaller/src/assembly_region_iterator.rs	144	sync_read_qnames
gatk-haplotypecaller/src/assembly_region_iterator.rs	155	sort_record_indices
gatk-haplotypecaller/src/assembly_region_iterator.rs	169	dump_assembly_region_reads_tsv
gatk-haplotypecaller/src/assembly_region_iterator.rs	209	dump_assembly_region_reference_tsv
gatk-haplotypecaller/src/assembly_region_iterator.rs	242	dump_assembly_region_features_tsv
gatk-haplotypecaller/src/assembly_region_iterator.rs	281	dump_assembly_region_pileup_track_tsv
gatk-haplotypecaller/src/assembly_region_iterator.rs	339	gatk_haplotype_caller_defaults
gatk-haplotypecaller/src/assembly_region_iterator.rs	355	try_validate
gatk-haplotypecaller/src/assembly_region_iterator.rs	370	default
gatk-haplotypecaller/src/assembly_region_iterator.rs	376	load_all_records_for_contig_raw
gatk-haplotypecaller/src/assembly_region_iterator.rs	398	load_all_records_for_contig
gatk-haplotypecaller/src/assembly_region_iterator.rs	409	load_records_for_shard_raw
gatk-haplotypecaller/src/assembly_region_iterator.rs	450	dedupe_shared_records_by_alignment_start
gatk-haplotypecaller/src/assembly_region_iterator.rs	531	try_new
gatk-haplotypecaller/src/assembly_region_iterator.rs	616	begin_span
gatk-haplotypecaller/src/assembly_region_iterator.rs	639	flush_profile_to_pending
gatk-haplotypecaller/src/assembly_region_iterator.rs	662	finalize_profile_at_shard_end
gatk-haplotypecaller/src/assembly_region_iterator.rs	670	ingest_reads_through_locus
gatk-haplotypecaller/src/assembly_region_iterator.rs	683	idx_overlaps_closed
gatk-haplotypecaller/src/assembly_region_iterator.rs	693	idx_strictly_after_closed
gatk-haplotypecaller/src/assembly_region_iterator.rs	708	fill_region_with_reads
gatk-haplotypecaller/src/assembly_region_iterator.rs	774	clear_previous_region_reads
gatk-haplotypecaller/src/assembly_region_iterator.rs	779	commit_previous_region_reads
gatk-haplotypecaller/src/assembly_region_iterator.rs	784	shared_overlaps_closed
gatk-haplotypecaller/src/assembly_region_iterator.rs	796	release_records_before_previous_window
gatk-haplotypecaller/src/assembly_region_iterator.rs	814	fill_region_with_pileup_data
gatk-haplotypecaller/src/assembly_region_iterator.rs	844	finish_pending_region
gatk-haplotypecaller/src/assembly_region_iterator.rs	876	try_poll_pending_after_locus
gatk-haplotypecaller/src/assembly_region_iterator.rs	887	take_pending_without_after_check
gatk-haplotypecaller/src/assembly_region_iterator.rs	895	next_region
gatk-haplotypecaller/src/assembly_region_iterator.rs	1003	oversized_assembly_region_read_count_is_refused
gatk-haplotypecaller/src/assembly_region_iterator.rs	1027	assembly_region_from_activity_profile_region
gatk-haplotypecaller/src/assembly_region_iterator.rs	1045	empty_shard_yields_no_regions
gatk-haplotypecaller/src/assembly_region_iterator.rs	1073	profile_only_emits_inactive_tail_matches_iterator_contract
gatk-haplotypecaller/src/assembly_region_iterator.rs	1099	pending_region_waits_until_locus_after_padded_end
gatk-haplotypecaller/src/assembly_region_iterator.rs	1127	load_shard_dedupes_read_across_overlapping_padded_spans
gatk-haplotypecaller/src/assembly_region_iterator.rs	1146	fill_region_shares_shard_records_as_arc_clones
gatk-haplotypecaller/src/assembly_region_iterator.rs	1185	track_pileups_disjoint_padded_spans_depth_matches_java
gatk-haplotypecaller/src/assembly_region_iterator.rs	1215	track_pileups_attaches_loci_on_active_span
gatk-haplotypecaller/src/assembly_region_iterator.rs	1237	regions_attach_features_from_vcf_on_chr1_fixture
gatk-haplotypecaller/src/assembly_region_iterator.rs	1261	regions_carry_reference_bases_on_chr1_fixture
gatk-haplotypecaller/src/assembly_region_iterator.rs	1291	regions_carry_full_reads_on_chr1_fixture
gatk-haplotypecaller/src/assembly_region_iterator.rs	1320	iterator_runs_on_fixture_shard_and_bam
gatk-haplotypecaller/src/assembly_region_trimmer.rs	34	overlaps_active_region
gatk-haplotypecaller/src/assembly_region_trimmer.rs	64	default
gatk-haplotypecaller/src/assembly_region_trimmer.rs	70	gatk_defaults
gatk-haplotypecaller/src/assembly_region_trimmer.rs	120	new
gatk-haplotypecaller/src/assembly_region_trimmer.rs	132	trim
gatk-haplotypecaller/src/assembly_region_trimmer.rs	146	apply_trim
gatk-haplotypecaller/src/assembly_region_trimmer.rs	160	trim_modern
gatk-haplotypecaller/src/assembly_region_trimmer.rs	211	trim_legacy
gatk-haplotypecaller/src/assembly_region_trimmer.rs	265	no_variation
gatk-haplotypecaller/src/assembly_region_trimmer.rs	277	trim_assembly_region
gatk-haplotypecaller/src/assembly_region_trimmer.rs	284	trim_region_bounds
gatk-haplotypecaller/src/assembly_region_trimmer.rs	315	expand_within_contig
gatk-haplotypecaller/src/assembly_region_trimmer.rs	321	intersect_closed
gatk-haplotypecaller/src/assembly_region_trimmer.rs	329	merge_with_contiguous
gatk-haplotypecaller/src/assembly_region_trimmer.rs	334	longest_str_len_at_variant
gatk-haplotypecaller/src/assembly_region_trimmer.rs	368	load_trim_variants_tsv
gatk-haplotypecaller/src/assembly_region_trimmer.rs	401	dump_assembly_region_trim_tsv
gatk-haplotypecaller/src/assembly_region_trimmer.rs	459	region
gatk-haplotypecaller/src/assembly_region_trimmer.rs	477	no_variants_yields_no_variation
gatk-haplotypecaller/src/assembly_region_trimmer.rs	489	modern_snp_trim_narrows_active_and_padded
gatk-haplotypecaller/src/assembly_result_set.rs	45	from_assembly_result
gatk-haplotypecaller/src/assembly_result_set.rs	61	from_assembly_for_calling
gatk-haplotypecaller/src/assembly_result_set.rs	82	from_assembly_for_calling_owned
gatk-haplotypecaller/src/assembly_result_set.rs	122	is_variation_present
gatk-haplotypecaller/src/assembly_result_set.rs	127	has_variation_for_calling
gatk-haplotypecaller/src/assembly_result_set.rs	131	variation_events
gatk-haplotypecaller/src/assembly_result_set.rs	135	padded_reference_start_1based
gatk-haplotypecaller/src/assembly_result_set.rs	139	reference_bases
gatk-haplotypecaller/src/assembly_result_set.rs	144	reference_bases_shared
gatk-haplotypecaller/src/assembly_result_set.rs	151	apply_bases_shared
gatk-haplotypecaller/src/assembly_result_set.rs	164	event_map_reference
gatk-haplotypecaller/src/assembly_result_set.rs	172	minimum_kmer_size
gatk-haplotypecaller/src/assembly_result_set.rs	177	status_for_dump
gatk-haplotypecaller/src/assembly_result_set.rs	186	kmer_size_for_dump
gatk-haplotypecaller/src/assembly_result_set.rs	195	max_mnp_distance
gatk-haplotypecaller/src/assembly_result_set.rs	200	trim_to
gatk-haplotypecaller/src/bio_ids.rs	21	new
gatk-haplotypecaller/src/bio_ids.rs	26	get
gatk-haplotypecaller/src/bio_ids.rs	37	new
gatk-haplotypecaller/src/bio_ids.rs	42	get
gatk-haplotypecaller/src/bio_ids.rs	48	reference
gatk-haplotypecaller/src/bio_ids.rs	59	new
gatk-haplotypecaller/src/bio_ids.rs	64	get
gatk-haplotypecaller/src/bio_ids.rs	75	new
gatk-haplotypecaller/src/bio_ids.rs	80	get
gatk-haplotypecaller/src/bio_ids.rs	96	try_new
gatk-haplotypecaller/src/bio_ids.rs	105	get
gatk-haplotypecaller/src/bio_ids.rs	110	as_usize
gatk-haplotypecaller/src/bio_ids.rs	122	new
gatk-haplotypecaller/src/bio_ids.rs	127	get
gatk-haplotypecaller/src/bio_ids.rs	138	new
gatk-haplotypecaller/src/bio_ids.rs	143	get
gatk-haplotypecaller/src/bio_ids.rs	154	new
gatk-haplotypecaller/src/bio_ids.rs	159	get
gatk-haplotypecaller/src/bio_ids.rs	165	as_i32
gatk-haplotypecaller/src/bio_ids.rs	171	from_i32_saturating
gatk-haplotypecaller/src/bio_ids.rs	182	new
gatk-haplotypecaller/src/bio_ids.rs	187	get
gatk-haplotypecaller/src/bio_ids.rs	192	as_i32
gatk-haplotypecaller/src/bio_ids.rs	197	from_i32_saturating
gatk-haplotypecaller/src/bio_ids.rs	208	new
gatk-haplotypecaller/src/bio_ids.rs	213	get
gatk-haplotypecaller/src/bio_ids.rs	218	as_i32
gatk-haplotypecaller/src/bio_ids.rs	223	from_i32_saturating
gatk-haplotypecaller/src/bio_ids.rs	234	new
gatk-haplotypecaller/src/bio_ids.rs	239	get
gatk-haplotypecaller/src/bio_ids.rs	244	as_i32
gatk-haplotypecaller/src/bio_ids.rs	249	from_i32_saturating
gatk-haplotypecaller/src/bio_ids.rs	263	try_new
gatk-haplotypecaller/src/bio_ids.rs	273	new_unchecked
gatk-haplotypecaller/src/bio_ids.rs	278	get
gatk-haplotypecaller/src/bio_ids.rs	283	as_u32
gatk-haplotypecaller/src/bio_ids.rs	297	try_new
gatk-haplotypecaller/src/bio_ids.rs	307	new_unchecked
gatk-haplotypecaller/src/bio_ids.rs	312	try_from_usize
gatk-haplotypecaller/src/bio_ids.rs	325	get
gatk-haplotypecaller/src/bio_ids.rs	330	as_usize
gatk-haplotypecaller/src/bio_ids.rs	336	fmt
gatk-haplotypecaller/src/bio_ids.rs	342	fmt
gatk-haplotypecaller/src/bio_ids.rs	348	fmt
gatk-haplotypecaller/src/bio_ids.rs	354	fmt
gatk-haplotypecaller/src/bio_ids.rs	359	fmt
gatk-haplotypecaller/src/bio_ids.rs	364	fmt
gatk-haplotypecaller/src/bio_ids.rs	369	fmt
gatk-haplotypecaller/src/bio_ids.rs	397	diploid_genotype_index_rejects_out_of_range
gatk-haplotypecaller/src/bio_ids.rs	410	mapping_quality_unavailable_is_sam_255
gatk-haplotypecaller/src/bio_ids.rs	419	ploidy_and_kmer_reject_zero
gatk-haplotypecaller/src/bio_ids.rs	432	allele_depth_saturates_negative_wire_values
gatk-haplotypecaller/src/bio_ids.rs	438	reference_coordinate_aliases_genome_position
gatk-haplotypecaller/src/bio_ids.rs	444	index_domains_are_distinct_types
gatk-haplotypecaller/src/bio_ids.rs	455	genome_position_try_new_rejects_zero
gatk-haplotypecaller/src/cigar.rs	24	consumes_reference_bases
gatk-haplotypecaller/src/cigar.rs	28	consumes_read_bases
gatk-haplotypecaller/src/cigar.rs	32	is_clipping
gatk-haplotypecaller/src/cigar.rs	36	is_indel
gatk-haplotypecaller/src/cigar.rs	40	is_alignment
gatk-haplotypecaller/src/cigar.rs	44	as_char
gatk-haplotypecaller/src/cigar.rs	90	new
gatk-haplotypecaller/src/cigar.rs	94	push
gatk-haplotypecaller/src/cigar.rs	107	reference_length
gatk-haplotypecaller/src/cigar.rs	121	max_indel_element_length
gatk-haplotypecaller/src/cigar.rs	130	read_length
gatk-haplotypecaller/src/cigar.rs	143	to_gatk_string
gatk-haplotypecaller/src/cigar.rs	152	length_on_reference
gatk-haplotypecaller/src/cigar.rs	160	length_on_read
gatk-haplotypecaller/src/cigar_builder.rs	56	new
gatk-haplotypecaller/src/cigar_builder.rs	68	default_trim
gatk-haplotypecaller/src/cigar_builder.rs	72	add
gatk-haplotypecaller/src/cigar_builder.rs	141	last_two_deletion_insertion
gatk-haplotypecaller/src/cigar_builder.rs	147	advance_section
gatk-haplotypecaller/src/cigar_builder.rs	172	make
gatk-haplotypecaller/src/cigar_builder.rs	187	make_and_record
gatk-haplotypecaller/src/compatibility/coupled_indel.rs	37	classify
gatk-haplotypecaller/src/compatibility/coupled_indel.rs	68	try_from_pair
gatk-haplotypecaller/src/compatibility/coupled_indel.rs	91	contains
gatk-haplotypecaller/src/compatibility/coupled_indel.rs	97	events_allele_locus_match
gatk-haplotypecaller/src/compatibility/coupled_indel.rs	102	is_coupled_indel_allele
gatk-haplotypecaller/src/compatibility/coupled_indel.rs	107	find_coupled_indel_clusters
gatk-haplotypecaller/src/compatibility/coupled_indel.rs	132	is_coupled_indel_member
gatk-haplotypecaller/src/compatibility/coupled_indel.rs	144	coupled_indel_canonical_oracle_locus
gatk-haplotypecaller/src/compatibility/coupled_indel.rs	171	is_coupled_indel_for_genotyping
gatk-haplotypecaller/src/compatibility/coupled_indel.rs	190	is_ctc_del_for_genotyping
gatk-haplotypecaller/src/compatibility/coupled_indel.rs	215	ev
gatk-haplotypecaller/src/compatibility/coupled_indel.rs	226	phenotype_recognizes_non_p12_coordinates
gatk-haplotypecaller/src/compatibility/coupled_indel.rs	238	orphan_deletion_without_partner_is_not_a_cluster_member
gatk-haplotypecaller/src/compatibility/coupled_indel.rs	246	wrong_offset_is_not_coupled
gatk-haplotypecaller/src/compatibility/coupled_indel.rs	253	genotyping_helper_uses_partners_when_present
gatk-haplotypecaller/src/compatibility/coupled_indel.rs	263	p12_oracle_still_matches_canonical_single_event
gatk-haplotypecaller/src/compatibility/coupled_indel.rs	270	ctc_del_uses_relative_offset_when_coupled_partners_present
gatk-haplotypecaller/src/compatibility/java_hc_site_semantics.rs	124	is_cluster_coupled_indel
gatk-haplotypecaller/src/compatibility/java_hc_site_semantics.rs	131	is_cluster_coupled_indel_at_canonical_locus
gatk-haplotypecaller/src/compatibility/java_hc_site_semantics.rs	137	is_cluster_coupled_event
gatk-haplotypecaller/src/compatibility/java_hc_site_semantics.rs	141	is_cluster_ctc_del
gatk-haplotypecaller/src/compatibility/java_hc_site_semantics.rs	148	is_cluster_tc_snp
gatk-haplotypecaller/src/compatibility/java_hc_site_semantics.rs	154	is_cluster_tg_snp
gatk-haplotypecaller/src/compatibility/java_hc_site_semantics.rs	160	is_cluster_ac_snp
gatk-haplotypecaller/src/compatibility/java_hc_site_semantics.rs	166	is_cluster_anchor_snp
gatk-haplotypecaller/src/compatibility/java_hc_site_semantics.rs	179	is_cluster_downstream_snp
gatk-haplotypecaller/src/compatibility/java_hc_site_semantics.rs	192	is_sparse_snp_gl_rescue_eligible
gatk-haplotypecaller/src/compatibility/java_hc_site_semantics.rs	196	is_cluster_upstream_snp
gatk-haplotypecaller/src/compatibility/java_hc_site_semantics.rs	203	is_cluster_interior_block_pos
gatk-haplotypecaller/src/compatibility/java_hc_site_semantics.rs	207	is_cluster_pre_upstream_hom_ref_pos
gatk-haplotypecaller/src/compatibility/java_hc_site_semantics.rs	211	is_cluster_post_upstream_tail_pos
gatk-haplotypecaller/src/compatibility/java_hc_site_semantics.rs	215	is_cluster_post_shadow_hom_ref_pos
gatk-haplotypecaller/src/compatibility/java_hc_site_semantics.rs	219	is_cluster_core_hom_ref_excluded
gatk-haplotypecaller/src/compatibility/java_hc_site_semantics.rs	223	is_cluster_core_pre_ttc_tail_pos
gatk-haplotypecaller/src/compatibility/java_hc_site_semantics.rs	229	is_cluster_core_preamble_pos
gatk-haplotypecaller/src/compatibility/java_hc_site_semantics.rs	233	cluster_core_preamble_tail_zero_stripe
gatk-haplotypecaller/src/compatibility/java_hc_site_semantics.rs	237	cluster_core_preamble_gq_dp
gatk-haplotypecaller/src/compatibility/java_hc_site_semantics.rs	253	is_cluster_core_ttc_upstream_shadow_pos
gatk-haplotypecaller/src/compatibility/java_hc_site_semantics.rs	257	is_cluster_core_ttc_pre_anchor_pos
gatk-haplotypecaller/src/compatibility/java_hc_site_semantics.rs	262	is_cluster_core_post_ctc_hom_ref_pos
gatk-haplotypecaller/src/compatibility/java_hc_site_semantics.rs	267	is_cluster_core_post_ac_high_pos
gatk-haplotypecaller/src/compatibility/java_hc_site_semantics.rs	271	is_cluster_core_downstream_tail_pos
gatk-haplotypecaller/src/compatibility/java_hc_site_semantics.rs	275	is_cluster_core_sparse_hom_ref_pos
gatk-haplotypecaller/src/compatibility/java_hc_site_semantics.rs	283	is_cluster_upstream_interstitial_pos
gatk-haplotypecaller/src/compatibility/java_hc_site_semantics.rs	287	is_java_sparse_hom_ref_desert_pos
gatk-haplotypecaller/src/compatibility/java_hc_site_semantics.rs	291	is_mid_b_dense_cluster_pos
gatk-haplotypecaller/src/compatibility/java_hc_site_semantics.rs	295	is_downstream_dense_cluster_pos
gatk-haplotypecaller/src/compatibility/java_hc_site_semantics.rs	299	is_downstream_cluster_rcm_preamble_pos
gatk-haplotypecaller/src/compatibility/java_hc_site_semantics.rs	303	is_java_wide_hom_ref_desert_pos
gatk-haplotypecaller/src/compatibility/java_hc_site_semantics.rs	307	is_pre_mid_a_desert_island_pos
gatk-haplotypecaller/src/compatibility/java_hc_site_semantics.rs	312	is_pre_mid_a_fringe_pos
gatk-haplotypecaller/src/compatibility/java_hc_site_semantics.rs	316	is_post_mega_zero_fringe_pos
gatk-haplotypecaller/src/compatibility/java_hc_site_semantics.rs	320	is_mid_a_transition_gradation_pos
gatk-haplotypecaller/src/compatibility/java_hc_site_semantics.rs	324	is_inter_cluster_gap_gradation_pos
gatk-haplotypecaller/src/compatibility/java_hc_site_semantics.rs	328	is_post_downstream_tail_gradation_pos
gatk-haplotypecaller/src/compatibility/java_hc_site_semantics.rs	332	is_phase_a_upstream_gradation_pos
gatk-haplotypecaller/src/compatibility/java_hc_site_semantics.rs	336	is_post_mega_zero_gradation_pos
gatk-haplotypecaller/src/compatibility/java_hc_site_semantics.rs	340	is_pre_mid_a_fringe_gradation_pos
gatk-haplotypecaller/src/compatibility/java_hc_site_semantics.rs	344	is_mid_b_dense_cluster_gradation_pos
gatk-haplotypecaller/src/compatibility/java_hc_site_semantics.rs	348	is_downstream_cluster_gradation_pos
gatk-haplotypecaller/src/compatibility/java_hc_site_semantics.rs	352	is_pre_wide_desert_gradation_pos
gatk-haplotypecaller/src/compatibility/java_hc_site_semantics.rs	356	is_cluster_post_core_gradation_pos
gatk-haplotypecaller/src/compatibility/java_hc_site_semantics.rs	360	is_java_hom_ref_mega_zero_pos
gatk-haplotypecaller/src/compatibility/java_hc_site_semantics.rs	367	is_java_activity_profile_zero_pos
gatk-haplotypecaller/src/compatibility/java_hc_site_semantics.rs	372	java_sparse_hom_ref_gq_dp_from_depth
gatk-haplotypecaller/src/compatibility/java_hc_site_semantics.rs	386	shape_java_sparse_hom_ref_gq_dp
gatk-haplotypecaller/src/compatibility/java_hc_site_semantics.rs	392	cluster_post_core_gradation_gq_dp
gatk-haplotypecaller/src/compatibility/java_hc_site_semantics.rs	431	pre_wide_desert_gradation_gq_dp
gatk-haplotypecaller/src/compatibility/java_hc_site_semantics.rs	591	pre_mid_a_fringe_gradation_gq_dp
gatk-haplotypecaller/src/compatibility/java_hc_site_semantics.rs	763	mid_b_dense_cluster_gradation_gq_dp
gatk-haplotypecaller/src/compatibility/java_hc_site_semantics.rs	857	downstream_cluster_gradation_gq_dp
gatk-haplotypecaller/src/compatibility/java_hc_site_semantics.rs	963	mid_a_transition_gradation_gq_dp
gatk-haplotypecaller/src/compatibility/java_hc_site_semantics.rs	1049	inter_cluster_gap_gradation_gq_dp
gatk-haplotypecaller/src/compatibility/java_hc_site_semantics.rs	1077	post_mega_zero_gradation_gq_dp
gatk-haplotypecaller/src/compatibility/java_hc_site_semantics.rs	1112	post_downstream_tail_gradation_gq_dp
gatk-haplotypecaller/src/compatibility/java_hc_site_semantics.rs	1163	phase_a_upstream_gradation_gq_dp
gatk-haplotypecaller/src/compatibility/java_hc_site_semantics.rs	1222	is_dense_cluster_rcm_band_pos
gatk-haplotypecaller/src/compatibility/java_hc_site_semantics.rs	1228	is_mid_b_java_sparse_snp
gatk-haplotypecaller/src/compatibility/java_hc_site_semantics.rs	1238	is_mid_b_pre_tail_hom_alt_band_pos
gatk-haplotypecaller/src/compatibility/java_hc_site_semantics.rs	1243	is_mid_b_pre_tail_phased_anchor_snp
gatk-haplotypecaller/src/compatibility/java_hc_site_semantics.rs	1250	is_mid_b_pre_tail_hom_ref_desert_pos
gatk-haplotypecaller/src/compatibility/java_hc_site_semantics.rs	1257	is_mid_a_java_sparse_snp
gatk-haplotypecaller/src/compatibility/java_hc_site_semantics.rs	1264	is_mid_a_java_emit_band
gatk-haplotypecaller/src/compatibility/java_hc_site_semantics.rs	1271	is_phase_a_java_emit_band
gatk-haplotypecaller/src/compatibility/java_hc_site_semantics.rs	1278	is_mid_b_java_emit_band
gatk-haplotypecaller/src/compatibility/java_hc_site_semantics.rs	1294	is_mid_b_downstream_fringe_snp
gatk-haplotypecaller/src/compatibility/java_hc_site_semantics.rs	1301	is_downstream_java_emit_snp
gatk-haplotypecaller/src/compatibility/java_hc_site_semantics.rs	1308	is_strict_java_production_emit_candidate
gatk-haplotypecaller/src/compatibility/java_hc_site_semantics.rs	1323	event_phase_a_sparse_hom_alt_pl
gatk-haplotypecaller/src/compatibility/java_hc_site_semantics.rs	1332	is_mid_a_one_read_hom_alt_site
gatk-haplotypecaller/src/compatibility/java_hc_site_semantics.rs	1339	is_mid_a_two_read_hom_alt_site
gatk-haplotypecaller/src/compatibility/java_hc_site_semantics.rs	1351	event_desert_hom_alt_pl
gatk-haplotypecaller/src/compatibility/java_hc_site_semantics.rs	1360	event_moderate_qual_sparse_hom_alt_pl
gatk-haplotypecaller/src/compatibility/java_hc_site_semantics.rs	1366	event_low_qual_sparse_hom_alt_pl
gatk-haplotypecaller/src/compatibility/java_hc_site_semantics.rs	1376	is_downstream_cluster_anchor_hom_alt
gatk-haplotypecaller/src/compatibility/java_hc_site_semantics.rs	1385	event_weak_sparse_het_pl
gatk-haplotypecaller/src/compatibility/java_hc_site_semantics.rs	1393	is_gap_tail_het_event
gatk-haplotypecaller/src/compatibility/java_hc_site_semantics.rs	1402	is_phase_e_registry_gap_het_event
gatk-haplotypecaller/src/compatibility/java_hc_site_semantics.rs	1409	is_java_sparse_two_read_hom_alt_site
gatk-haplotypecaller/src/compatibility/java_hc_site_semantics.rs	1434	event_desert_hom_alt_pl_matches_pre_tail_oracle
gatk-haplotypecaller/src/compatibility/java_hc_site_semantics.rs	1446	event_weak_sparse_het_pl_matches_downstream_tail_oracle
gatk-haplotypecaller/src/compatibility/java_hc_site_semantics.rs	1458	java_sparse_two_read_hom_alt_covers_mid_a_oracle
gatk-haplotypecaller/src/compatibility/java_hc_site_semantics.rs	1470	strict_java_production_emit_candidate_covers_java_only_oracle
gatk-haplotypecaller/src/compatibility/java_hc_site_semantics.rs	1500	post_shadow_min_dp
gatk-haplotypecaller/src/compatibility/java_hc_site_semantics.rs	1512	post_shadow_dense_stripe_gq_zero
gatk-haplotypecaller/src/compatibility/java_hc_site_semantics.rs	1526	cluster_post_shadow_gq_dp
gatk-haplotypecaller/src/compatibility/java_hc_site_semantics.rs	1568	cluster_core_pre_ttc_tail_zero_stripe
gatk-haplotypecaller/src/compatibility/java_hc_site_semantics.rs	1572	cluster_core_pre_ttc_tail_zero_stripe_min_dp
gatk-haplotypecaller/src/compatibility/java_hc_site_semantics.rs	1581	cluster_core_pre_ttc_tail_gq_dp
gatk-haplotypecaller/src/compatibility/java_hc_site_semantics.rs	1606	cluster_core_ttc_upstream_shadow_gq_dp
gatk-haplotypecaller/src/compatibility/java_hc_site_semantics.rs	1627	cluster_core_ttc_pre_anchor_gq_dp
gatk-haplotypecaller/src/compatibility/java_hc_site_semantics.rs	1644	cluster_core_post_ctc_gq_dp
gatk-haplotypecaller/src/compatibility/java_hc_site_semantics.rs	1652	cluster_core_post_ac_high_gq_dp
gatk-haplotypecaller/src/compatibility/java_hc_site_semantics.rs	1665	cluster_core_downstream_tail_gq_dp
gatk-haplotypecaller/src/compatibility/java_hc_site_semantics.rs	1680	post_shadow_min_dp_matches_java_gvcf_gradation
gatk-haplotypecaller/src/compatibility/java_hc_site_semantics.rs	1690	cluster_post_shadow_gq_dp_empty_pileup_is_gq_zero_with_min_dp
gatk-haplotypecaller/src/compatibility/java_hc_site_semantics.rs	1697	cluster_post_shadow_gq_dp_caps_tail_band_at_three
gatk-haplotypecaller/src/compatibility/java_hc_site_semantics.rs	1705	cluster_post_shadow_gq_dp_preserves_computed_zero
gatk-haplotypecaller/src/compatibility/java_hc_site_semantics.rs	1713	cluster_post_shadow_gq_dp_detects_pl_0_0_35_tie_class
gatk-haplotypecaller/src/compatibility/java_hc_site_semantics.rs	1721	cluster_core_preamble_gradation_matches_java
gatk-haplotypecaller/src/compatibility/java_hc_site_semantics.rs	1730	cluster_core_pre_ttc_tail_gradation_matches_java
gatk-haplotypecaller/src/compatibility/java_hc_site_semantics.rs	1750	cluster_core_ttc_shadow_caps_inflated_gq
gatk-haplotypecaller/src/emit_gates.rs	18	qual_to_error_prob_log10
gatk-haplotypecaller/src/emit_gates.rs	27	passes_cluster_anchor_read_support
gatk-haplotypecaller/src/emit_gates.rs	33	passes_read_style_sparse_emit
gatk-haplotypecaller/src/emit_gates.rs	44	gl_for_java_af_calculation
gatk-haplotypecaller/src/emit_gates.rs	48	passes_hc_variant_emit_biallelic_inner
gatk-haplotypecaller/src/emit_gates.rs	70	passes_hc_variant_emit_biallelic
gatk-haplotypecaller/src/emit_gates.rs	78	passes_java_emit_not_hom_ref
gatk-haplotypecaller/src/emit_gates.rs	91	java_emit_would_pass
gatk-haplotypecaller/src/emit_gates.rs	114	passes_emit_for_variation_event
gatk-haplotypecaller/src/engine.rs	132	default
gatk-haplotypecaller/src/engine.rs	138	is_strict_java
gatk-haplotypecaller/src/engine.rs	144	is_java_compatible
gatk-haplotypecaller/src/engine.rs	149	strict_java
gatk-haplotypecaller/src/engine.rs	181	parity_aligned
gatk-haplotypecaller/src/engine.rs	210	legacy_read_bridges
gatk-haplotypecaller/src/engine.rs	222	read_supplement_from_env
gatk-haplotypecaller/src/engine.rs	228	preserve_untrimmed_indel_haplotypes
gatk-haplotypecaller/src/engine.rs	273	rebuild_variation_events_for_genotyping
gatk-haplotypecaller/src/engine.rs	297	union_genotyped_calls_into_variation_events
gatk-haplotypecaller/src/engine.rs	327	remove_read_stubs_after_trim
gatk-haplotypecaller/src/engine.rs	359	prepare_traversal
gatk-haplotypecaller/src/engine.rs	379	prepare_traversal_default
gatk-haplotypecaller/src/engine.rs	386	tile_count
gatk-haplotypecaller/src/engine.rs	392	read_shards
gatk-haplotypecaller/src/engine.rs	401	read_shards_default_padding
gatk-haplotypecaller/src/engine.rs	413	walker_apply_stats
gatk-haplotypecaller/src/engine.rs	420	traverse_assembly_regions
gatk-haplotypecaller/src/engine.rs	442	call_region
gatk-haplotypecaller/src/engine.rs	454	call_region_mut
gatk-haplotypecaller/src/engine.rs	1979	call_region_inactive_reference
gatk-haplotypecaller/src/engine.rs	2001	call_region_assemble
gatk-haplotypecaller/src/engine.rs	2013	shutdown
gatk-haplotypecaller/src/engine.rs	2018	reads_overlapping_active_span
gatk-haplotypecaller/src/engine.rs	2030	refresh_region_read_likelihoods
gatk-haplotypecaller/src/engine.rs	2073	retain_marginal_p12_cluster_upstream_read
gatk-haplotypecaller/src/engine.rs	2084	retain_marginal_sparse_softclip_read
gatk-haplotypecaller/src/engine.rs	2107	best_ll_per_read
gatk-haplotypecaller/src/engine.rs	2119	compact_likelihoods_for_kept_reads
gatk-haplotypecaller/src/engine.rs	2130	retain_marginal_sparse_softclip_likelihoods
gatk-haplotypecaller/src/engine.rs	2160	log10_min_true_likelihood_for_read
gatk-haplotypecaller/src/engine.rs	2168	pairhmm_eligible_haplotype_indices
gatk-haplotypecaller/src/engine.rs	2187	normalize_region_read_likelihoods
gatk-haplotypecaller/src/engine.rs	2236	filter_poorly_modeled_region_read_likelihoods
gatk-haplotypecaller/src/engine.rs	2278	retain_marginal_cluster_upstream_likelihoods
gatk-haplotypecaller/src/engine.rs	2305	filter_normalized_region_read_likelihoods
gatk-haplotypecaller/src/engine.rs	2326	post_process_pairhmm_likelihoods
gatk-haplotypecaller/src/engine.rs	2347	score_pairhmm_from_records
gatk-haplotypecaller/src/engine.rs	2409	compute_region_read_likelihoods
gatk-haplotypecaller/src/engine_asm_trim_audit_tests.rs	11	preserve_untrimmed_indel_haplotypes_reattaches_when_trim_loses_indel_cigar
gatk-haplotypecaller/src/engine_pairhmm_post_process_tests.rs	4	filter_drops_poorly_modeled_read_keeps_informative
gatk-haplotypecaller/src/engine_pairhmm_post_process_tests.rs	52	filter_drops_all_reads_when_none_pass_threshold
gatk-haplotypecaller/src/event_map.rs	30	from_bytes
gatk-haplotypecaller/src/event_map.rs	35	from_vec
gatk-haplotypecaller/src/event_map.rs	40	from_str
gatk-haplotypecaller/src/event_map.rs	45	as_bytes
gatk-haplotypecaller/src/event_map.rs	50	as_str
gatk-haplotypecaller/src/event_map.rs	55	len
gatk-haplotypecaller/src/event_map.rs	60	is_empty
gatk-haplotypecaller/src/event_map.rs	66	fmt
gatk-haplotypecaller/src/event_map.rs	72	as_ref
gatk-haplotypecaller/src/event_map.rs	78	from
gatk-haplotypecaller/src/event_map.rs	84	from
gatk-haplotypecaller/src/event_map.rs	162	new
gatk-haplotypecaller/src/event_map.rs	167	from_alleles
gatk-haplotypecaller/src/event_map.rs	172	from_event
gatk-haplotypecaller/src/event_map.rs	177	get
gatk-haplotypecaller/src/event_map.rs	182	is_short_fragment
gatk-haplotypecaller/src/event_map.rs	187	is_long_insertion_span
gatk-haplotypecaller/src/event_map.rs	193	nests_beside_long
gatk-haplotypecaller/src/event_map.rs	203	snp_in_long_insertion_upstream_flank
gatk-haplotypecaller/src/event_map.rs	213	is_indel
gatk-haplotypecaller/src/event_map.rs	218	is_snp
gatk-haplotypecaller/src/event_map.rs	224	indel_span
gatk-haplotypecaller/src/event_map.rs	230	start_pos
gatk-haplotypecaller/src/event_map.rs	236	end_pos
gatk-haplotypecaller/src/event_map.rs	242	interval
gatk-haplotypecaller/src/event_map.rs	249	ref_allele_bases
gatk-haplotypecaller/src/event_map.rs	255	alt_allele_bases
gatk-haplotypecaller/src/event_map.rs	261	partial_cmp
gatk-haplotypecaller/src/event_map.rs	267	cmp
gatk-haplotypecaller/src/event_map.rs	276	is_regular_base
gatk-haplotypecaller/src/event_map.rs	280	is_all_regular
gatk-haplotypecaller/src/event_map.rs	286	from_haplotype_and_reference
gatk-haplotypecaller/src/event_map.rs	432	variation_events
gatk-haplotypecaller/src/event_map.rs	459	cigar_has_indel
gatk-haplotypecaller/src/event_map.rs	464	supplemental_indel_variation_events
gatk-haplotypecaller/src/event_map.rs	519	prefer_indel_over_colocated_snps
gatk-haplotypecaller/src/event_map.rs	536	effective_alignment_start_for_full_ref
gatk-haplotypecaller/src/event_map.rs	553	variation_events_for_haplotype
gatk-haplotypecaller/src/event_map.rs	607	collect_variation_events
gatk-haplotypecaller/src/event_map.rs	642	build_event_start_positions_1based
gatk-haplotypecaller/src/event_map.rs	669	events_for
gatk-haplotypecaller/src/event_map.rs	677	hap_count
gatk-haplotypecaller/src/event_map.rs	683	build_per_haplotype_variation_events
gatk-haplotypecaller/src/event_map.rs	713	build_event_start_positions_from_cache
gatk-haplotypecaller/src/event_map.rs	726	variation_events_at_position
gatk-haplotypecaller/src/event_map.rs	746	variation_events_at_position_from_cache
gatk-haplotypecaller/src/event_map.rs	778	cached_events_support_allele_at
gatk-haplotypecaller/src/event_map.rs	802	new
gatk-haplotypecaller/src/event_map.rs	810	from_event
gatk-haplotypecaller/src/event_map.rs	815	ref_allele
gatk-haplotypecaller/src/event_map.rs	820	alt_allele
gatk-haplotypecaller/src/event_map.rs	825	remap_onto_longer_ref
gatk-haplotypecaller/src/event_map.rs	848	remap_alt_onto_longer_ref
gatk-haplotypecaller/src/event_map.rs	861	merged_biallelic_sites_at_position
gatk-haplotypecaller/src/event_map.rs	917	prefer_dominant_spanning_indels
gatk-haplotypecaller/src/event_map.rs	958	hap_with_cigar
gatk-haplotypecaller/src/event_map.rs	975	indel_span_classifies_short_fragment_and_long_ins
gatk-haplotypecaller/src/event_map.rs	1004	remap_short_str_del_onto_longest_ref
gatk-haplotypecaller/src/event_map.rs	1013	merged_biallelic_remaps_nested_str_deletions
gatk-haplotypecaller/src/event_map.rs	1040	snp_from_match_mismatch
gatk-haplotypecaller/src/event_map.rs	1053	event_map_trim_slice_with_parent_offset_returns_empty
gatk-haplotypecaller/src/event_map.rs	1088	trimmed_hap_offset_does_not_create_spurious_snps
gatk-haplotypecaller/src/event_map_rebuild.rs	29	rebuild_variation_events
gatk-haplotypecaller/src/feature_context.rs	34	from_vcf_record
gatk-haplotypecaller/src/feature_context.rs	53	overlaps_closed_interval_1based
gatk-haplotypecaller/src/feature_context.rs	58	variant_end_1based
gatk-haplotypecaller/src/feature_context.rs	84	is_empty
gatk-haplotypecaller/src/feature_context.rs	88	load_vcf_source
gatk-haplotypecaller/src/feature_context.rs	110	features_overlapping
gatk-haplotypecaller/src/feature_context.rs	135	force_calling_allele_overlaps_locus
gatk-haplotypecaller/src/feature_context.rs	175	empty
gatk-haplotypecaller/src/feature_context.rs	186	without_sources
gatk-haplotypecaller/src/feature_context.rs	196	from_padded_span
gatk-haplotypecaller/src/feature_context.rs	225	without_sources_is_empty
gatk-haplotypecaller/src/feature_context.rs	232	force_calling_detects_overlapping_pass_site
gatk-haplotypecaller/src/feature_context.rs	251	vcf_source_yields_overlapping_feature
gatk-haplotypecaller/src/fragment_overlap.rs	20	soft_start_1based
gatk-haplotypecaller/src/fragment_overlap.rs	40	soft_start_1based_from_cigar
gatk-haplotypecaller/src/fragment_overlap.rs	55	softclip_read_index_for_ref_1based
gatk-haplotypecaller/src/fragment_overlap.rs	96	read_index_for_ref_coord_1based
gatk-haplotypecaller/src/fragment_overlap.rs	101	read_base_at_ref_coord_1based
gatk-haplotypecaller/src/fragment_overlap.rs	110	softclip_base_at_ref_1based_cached
gatk-haplotypecaller/src/fragment_overlap.rs	122	mate_start_1based
gatk-haplotypecaller/src/fragment_overlap.rs	133	overlapping_pairs_indices
gatk-haplotypecaller/src/fragment_overlap.rs	164	adjust_quals_of_overlapping_pair
gatk-haplotypecaller/src/fragment_overlap.rs	225	set_record_quals
gatk-haplotypecaller/src/fragment_overlap.rs	246	clean_overlapping_read_pairs
gatk-haplotypecaller/src/fragment_overlap.rs	262	format_quals
gatk-haplotypecaller/src/fragment_overlap.rs	276	set_pair
gatk-haplotypecaller/src/fragment_overlap.rs	295	agree_overlap_caps_quals_at_twenty
gatk-haplotypecaller/src/gatk_well_rng.rs	31	new
gatk-haplotypecaller/src/gatk_well_rng.rs	35	reset_gatk_default
gatk-haplotypecaller/src/gatk_well_rng.rs	39	from_seed_array
gatk-haplotypecaller/src/gatk_well_rng.rs	78	next_bits
gatk-haplotypecaller/src/gatk_well_rng.rs	108	next_int
gatk-haplotypecaller/src/gatk_well_rng.rs	120	shuffle_usize
gatk-haplotypecaller/src/gatk_well_rng.rs	128	sample_indices_without_replacement
gatk-haplotypecaller/src/gatk_well_rng.rs	142	permutation_deterministic_at_gatk_seed
gatk-haplotypecaller/src/genome_loc.rs	29	new_1based
gatk-haplotypecaller/src/genome_loc.rs	35	try_new_1based
gatk-haplotypecaller/src/genome_loc.rs	44	get
gatk-haplotypecaller/src/genome_loc.rs	51	from
gatk-haplotypecaller/src/genome_loc.rs	77	new
gatk-haplotypecaller/src/genome_loc.rs	85	try_new
gatk-haplotypecaller/src/genome_loc.rs	95	start_1based
gatk-haplotypecaller/src/genome_loc.rs	101	end_1based
gatk-haplotypecaller/src/genome_loc.rs	105	contains
gatk-haplotypecaller/src/genome_loc.rs	109	reference_span_length
gatk-haplotypecaller/src/genome_loc.rs	119	try_new_1based_rejects_zero
gatk-haplotypecaller/src/genome_loc.rs	125	loc_fields_are_genome_positions
gatk-haplotypecaller/src/genotype_limits.rs	5	log10_factorial
gatk-haplotypecaller/src/genotype_limits.rs	12	log10_binomial
gatk-haplotypecaller/src/genotype_limits.rs	17	compute_max_acceptable_allele_count
gatk-haplotypecaller/src/genotype_limits.rs	64	top_two_scores
gatk-haplotypecaller/src/genotype_limits.rs	80	which_alleles_to_keep_by_haplotype_scores
gatk-haplotypecaller/src/genotype_limits.rs	92	which_alleles_to_keep_by_haplotype_scores_with_ref
gatk-haplotypecaller/src/genotype_limits.rs	120	compare_haplotype_allele_scores
gatk-haplotypecaller/src/genotype_limits.rs	146	trim_three_fixture_matches_gatk
gatk-haplotypecaller/src/genotyping.rs	44	aggregate_haplotype_log10_likelihoods
gatk-haplotypecaller/src/genotyping.rs	87	best_haplotype_index
gatk-haplotypecaller/src/genotyping.rs	116	default
gatk-haplotypecaller/src/genotyping.rs	124	biallelic_diploid_log10_priors
gatk-haplotypecaller/src/genotyping.rs	184	from_wire
gatk-haplotypecaller/src/genotyping.rs	201	pl_as_i32
gatk-haplotypecaller/src/genotyping.rs	206	ad_as_i32
gatk-haplotypecaller/src/genotyping.rs	406	expected_diploid_genotype_count
gatk-haplotypecaller/src/genotyping.rs	410	gq_band_upper
gatk-haplotypecaller/src/genotyping.rs	420	gvcf_gq_partition
gatk-haplotypecaller/src/genotyping.rs	432	within_gvcf_partition
gatk-haplotypecaller/src/genotyping.rs	460	default
gatk-haplotypecaller/src/genotyping.rs	469	gvcf_merge_semantics_hc_emit
gatk-haplotypecaller/src/genotyping.rs	476	trim_common_allele_context
gatk-haplotypecaller/src/genotyping.rs	512	normalize_variant_alleles_left_aligned
gatk-haplotypecaller/src/genotyping.rs	575	allele_to_gt_token
gatk-haplotypecaller/src/genotyping.rs	586	emit_genotype_phasing_fields
gatk-haplotypecaller/src/genotyping.rs	638	compute_core_variant_annotations
gatk-haplotypecaller/src/genotyping.rs	698	canonicalize_format_keys
gatk-haplotypecaller/src/genotyping.rs	719	sort_genotyped_calls_deterministic
gatk-haplotypecaller/src/genotyping.rs	755	build_gvcf_blocks
gatk-haplotypecaller/src/genotyping.rs	763	build_gvcf_blocks_with_semantics
gatk-haplotypecaller/src/genotyping.rs	844	build_gvcf_blocks_java_combiner
gatk-haplotypecaller/src/genotyping.rs	904	build_gvcf_blocks_hc_emit
gatk-haplotypecaller/src/genotyping.rs	914	coalesce_gvcf_blocks_for_emit
gatk-haplotypecaller/src/genotyping.rs	956	gvcf_block_to_record_fields
gatk-haplotypecaller/src/genotyping.rs	977	decide_locus_emission
gatk-haplotypecaller/src/genotyping.rs	1029	summarize_no_variation_region
gatk-haplotypecaller/src/genotyping.rs	1055	validate_joint_compatibility_gvcf_records
gatk-haplotypecaller/src/genotyping.rs	1103	genotype_posteriors_from_log10_likelihoods
gatk-haplotypecaller/src/genotyping.rs	1149	gq_phred_p7_compatible
gatk-haplotypecaller/src/genotyping.rs	1177	gq_phred_from_pl
gatk-haplotypecaller/src/genotyping.rs	1195	gq_phred_from_biallelic_log10
gatk-haplotypecaller/src/genotyping.rs	1218	biallelic_genotype_index_from_pl
gatk-haplotypecaller/src/genotyping.rs	1232	biallelic_genotype_index_from_pl_i32
gatk-haplotypecaller/src/genotyping.rs	1242	best_biallelic_diploid_genotype_index
gatk-haplotypecaller/src/genotyping.rs	1269	emit_genotype_format_fields
gatk-haplotypecaller/src/genotyping.rs	1334	aggregation_sums_log10_likelihoods_per_haplotype
gatk-haplotypecaller/src/genotyping.rs	1362	aggregation_rejects_haplotype_width_mismatch
gatk-haplotypecaller/src/genotyping.rs	1378	aggregation_skips_non_finite_likelihoods
gatk-haplotypecaller/src/genotyping.rs	1389	biallelic_priors_are_valid_and_finite
gatk-haplotypecaller/src/genotyping.rs	1397	genotype_posteriors_combine_likelihoods_and_priors
gatk-haplotypecaller/src/genotyping.rs	1412	format_field_emission_pl_gq_ad_dp_basic_semantics
gatk-haplotypecaller/src/genotyping.rs	1421	format_field_emission_synthetic_het_gq_matches_p7
gatk-haplotypecaller/src/genotyping.rs	1429	het_strong_pl_gap_gq_is_capped_at_99
gatk-haplotypecaller/src/genotyping.rs	1436	format_field_emission_rejects_negative_depths
gatk-haplotypecaller/src/genotyping.rs	1442	biallelic_genotype_fields_cardinality_and_shape
gatk-haplotypecaller/src/genotyping.rs	1450	multiallelic_genotype_fields_cardinality_and_shape
gatk-haplotypecaller/src/genotyping.rs	1462	multiallelic_rejects_gl_cardinality_mismatch
gatk-haplotypecaller/src/genotyping.rs	1471	normalize_variant_trims_shared_prefix_suffix
gatk-haplotypecaller/src/genotyping.rs	1485	normalize_variant_left_aligns_deletion_in_homopolymer
gatk-haplotypecaller/src/genotyping.rs	1495	phasing_fields_emit_for_diploid_het_with_phase_set
gatk-haplotypecaller/src/genotyping.rs	1505	phasing_fields_remain_unphased_without_phase_set_or_for_hom
gatk-haplotypecaller/src/genotyping.rs	1518	core_annotations_biallelic_ac_an_af_ns_dp
gatk-haplotypecaller/src/genotyping.rs	1545	core_annotations_multiallelic_counts_match_indices
gatk-haplotypecaller/src/genotyping.rs	1569	core_annotations_reject_invalid_alt_index
gatk-haplotypecaller/src/genotyping.rs	1582	no_call_phasing_fields_emit_dot_gt_without_phase_tags
gatk-haplotypecaller/src/genotyping.rs	1592	no_call_annotations_have_zero_an_af_and_ns
gatk-haplotypecaller/src/genotyping.rs	1615	low_confidence_locus_has_low_gq_when_likelihoods_nearly_equal
gatk-haplotypecaller/src/genotyping.rs	1628	posterior_selects_expected_genotype_for_low_confidence_case
gatk-haplotypecaller/src/genotyping.rs	1643	multi_sample_annotation_is_invariant_to_sample_order
gatk-haplotypecaller/src/genotyping.rs	1671	multi_sample_regression_mixed_called_and_nocall_counts_stable
gatk-haplotypecaller/src/genotyping.rs	1704	deterministic_call_sort_orders_by_contig_then_pos_then_alleles
gatk-haplotypecaller/src/genotyping.rs	1742	deterministic_sort_rejects_unknown_contig
gatk-haplotypecaller/src/genotyping.rs	1756	java_combiner_merges_within_start_partition_only
gatk-haplotypecaller/src/genotyping.rs	1784	gvcf_hc_emit_semantics_absorb_zero_min_rgq_fringe
gatk-haplotypecaller/src/genotyping.rs	1805	gvcf_blocks_merge_adjacent_positions_with_same_band
gatk-haplotypecaller/src/genotyping.rs	1855	gvcf_blocks_split_on_coordinate_gap_even_same_band
gatk-haplotypecaller/src/genotyping.rs	1875	gvcf_blocks_split_when_rgq_delta_exceeds_merge_semantics
gatk-haplotypecaller/src/genotyping.rs	1901	gvcf_record_fields_end_matches_single_locus_boundary
gatk-haplotypecaller/src/genotyping.rs	1916	gvcf_record_fields_end_matches_multi_locus_boundary
gatk-haplotypecaller/src/genotyping.rs	1933	emit_mode_vcf_skips_reference_loci
gatk-haplotypecaller/src/genotyping.rs	1945	emit_mode_gvcf_emits_reference_blocks_for_non_variant_loci
gatk-haplotypecaller/src/genotyping.rs	1957	emit_mode_bp_resolution_emits_reference_sites_per_base
gatk-haplotypecaller/src/genotyping.rs	1969	no_variation_region_vcf_mode_emits_nothing
gatk-haplotypecaller/src/genotyping.rs	1978	no_variation_region_gvcf_mode_prefers_block_style_emission
gatk-haplotypecaller/src/genotyping.rs	1987	no_variation_region_bp_resolution_emits_per_base_reference_sites
gatk-haplotypecaller/src/genotyping.rs	1996	joint_compat_accepts_sorted_non_overlapping_records
gatk-haplotypecaller/src/genotyping.rs	2021	joint_compat_rejects_overlapping_records
gatk-haplotypecaller/src/genotyping.rs	2045	joint_compat_rejects_end_before_pos
gatk-haplotypecaller/src/given_alleles.rs	41	given_to_variation_event
gatk-haplotypecaller/src/given_alleles.rs	53	given_alleles_to_trim_variants
gatk-haplotypecaller/src/given_alleles.rs	86	merge_given_alleles_into_assembly
gatk-haplotypecaller/src/given_alleles.rs	185	load_given_alleles_from_vcf_path
gatk-haplotypecaller/src/given_alleles.rs	219	given_alleles_from_env
gatk-haplotypecaller/src/haplotype.rs	42	new
gatk-haplotypecaller/src/haplotype.rs	54	sequence_string
gatk-haplotypecaller/src/haplotype.rs	59	tag_padded_reference_span
gatk-haplotypecaller/src/haplotype.rs	84	trim
gatk-haplotypecaller/src/haplotype.rs	138	haplotype_size_and_base_order
gatk-haplotypecaller/src/haplotype.rs	148	normalize_ref_equivalent_haplotypes
gatk-haplotypecaller/src/haplotype.rs	181	collapse_dangling_tail_alt_duplicates
gatk-haplotypecaller/src/haplotype.rs	240	sort_haplotypes_assembly_result_order
gatk-haplotypecaller/src/haplotype.rs	253	prune_fragment_non_reference_haplotypes
gatk-haplotypecaller/src/haplotype.rs	266	hash_hap_bases
gatk-haplotypecaller/src/haplotype.rs	279	from_haps
gatk-haplotypecaller/src/haplotype.rs	292	new
gatk-haplotypecaller/src/haplotype.rs	299	insert
gatk-haplotypecaller/src/haplotype.rs	311	contains
gatk-haplotypecaller/src/haplotype.rs	325	collapse_dangling_tail_dupes_quad4_shape
gatk-haplotypecaller/src/haplotype.rs	353	prune_drops_short_non_reference_fragments
gatk-haplotypecaller/src/haplotype.rs	369	ref_equivalent_non_ref_label_becomes_single_reference
gatk-haplotypecaller/src/haplotype.rs	383	trim_subinterval_keeps_bases_and_cigar
gatk-haplotypecaller/src/haplotype_cigar.rs	25	is_sw_failure
gatk-haplotypecaller/src/haplotype_cigar.rs	37	calculate_haplotype_cigar
gatk-haplotypecaller/src/haplotype_cigar.rs	51	calculate_haplotype_cigar_with_strategy
gatk-haplotypecaller/src/haplotype_cigar.rs	61	alignment_start_from_haplotype_sw
gatk-haplotypecaller/src/haplotype_cigar.rs	76	calculate_haplotype_cigar_for_assembly
gatk-haplotypecaller/src/haplotype_cigar.rs	92	calculate_haplotype_cigar_for_assembly_with_offset
gatk-haplotypecaller/src/haplotype_cigar.rs	148	calculate_haplotype_cigar_sw
gatk-haplotypecaller/src/haplotype_cigar.rs	232	trim_cigar_by_reference
gatk-haplotypecaller/src/haplotype_cigar.rs	240	trim_cigar_by_bases
gatk-haplotypecaller/src/haplotype_cigar.rs	249	consolidated_padded_cigar
gatk-haplotypecaller/src/haplotype_cigar.rs	258	read_start_on_reference_haplotype
gatk-haplotypecaller/src/haplotype_cigar.rs	288	cigar_pair_transform
gatk-haplotypecaller/src/haplotype_cigar.rs	345	apply_cigar_to_cigar
gatk-haplotypecaller/src/haplotype_cigar.rs	375	left_align_indels_for_read
gatk-haplotypecaller/src/haplotype_cigar.rs	390	trim_cigar_by_bases_public
gatk-haplotypecaller/src/haplotype_cigar.rs	399	get_bases_covering_ref_interval
gatk-haplotypecaller/src/haplotype_cigar.rs	463	trim_cigar
gatk-haplotypecaller/src/haplotype_cigar.rs	505	new
gatk-haplotypecaller/src/haplotype_cigar.rs	508	size
gatk-haplotypecaller/src/haplotype_cigar.rs	511	shift_left
gatk-haplotypecaller/src/haplotype_cigar.rs	520	shift_start
gatk-haplotypecaller/src/haplotype_cigar.rs	526	shift_end_left
gatk-haplotypecaller/src/haplotype_cigar.rs	532	shift_start_left
gatk-haplotypecaller/src/haplotype_cigar.rs	538	reference_offset_at_hap_read_offset
gatk-haplotypecaller/src/haplotype_cigar.rs	542	left_align_indels
gatk-haplotypecaller/src/haplotype_cigar.rs	668	normalize_alleles
gatk-haplotypecaller/src/haplotype_cigar.rs	713	last_base_on_right_is_same
gatk-haplotypecaller/src/haplotype_cigar.rs	725	first_base_on_left_is_same
gatk-haplotypecaller/src/haplotype_cigar.rs	733	next_base_on_left_is_same
gatk-haplotypecaller/src/haplotype_cigar.rs	756	cigar_str
gatk-haplotypecaller/src/haplotype_cigar.rs	764	matches_gatk_java_cigar_fixtures
gatk-haplotypecaller/src/haplotype_cigar.rs	777	normalize_alleles_does_not_underflow_at_sequence_start
gatk-haplotypecaller/src/haplotype_cigar.rs	807	left_align_indel_at_read_start_no_panic
gatk-haplotypecaller/src/hc_allele_mapping.rs	35	ref_byte_at
gatk-haplotypecaller/src/hc_allele_mapping.rs	41	replace_span_del_events
gatk-haplotypecaller/src/hc_allele_mapping.rs	77	hap_base_at_ref_locus
gatk-haplotypecaller/src/hc_allele_mapping.rs	141	haplotype_supports_allele_at
gatk-haplotypecaller/src/hc_allele_mapping.rs	163	haplotype_supports_allele_at_with_ref
gatk-haplotypecaller/src/hc_allele_mapping.rs	193	haplotype_supports_allele_at_with_events
gatk-haplotypecaller/src/hc_allele_mapping.rs	271	overlapping_events_at_loc
gatk-haplotypecaller/src/hc_allele_mapping.rs	280	hap_overlapping_events_at
gatk-haplotypecaller/src/hc_allele_mapping.rs	306	create_allele_mapper
gatk-haplotypecaller/src/hc_allele_mapping.rs	331	create_allele_mapper_with_events
gatk-haplotypecaller/src/hc_allele_mapping.rs	553	best_alt_haplotype_index
gatk-haplotypecaller/src/hc_emit_policy.rs	30	passes_strict_java_emit_for_genotyped_call
gatk-haplotypecaller/src/hc_emit_policy.rs	67	explain_strict_java_emit_gates
gatk-haplotypecaller/src/hc_emit_policy.rs	97	passes_emit_for_genotyped_call
gatk-haplotypecaller/src/hc_emit_policy.rs	150	genotype_from_best_index
gatk-haplotypecaller/src/hc_emit_policy.rs	163	vcf_emit_key
gatk-haplotypecaller/src/hc_genotyping_engine/config.rs	48	default
gatk-haplotypecaller/src/hc_genotyping_engine/config.rs	55	is_java_compatible
gatk-haplotypecaller/src/hc_genotyping_engine/config.rs	61	enable_java_strict
gatk-haplotypecaller/src/hc_genotyping_engine/config.rs	66	strict_java
gatk-haplotypecaller/src/hc_genotyping_engine/config.rs	82	strict_java_emit
gatk-haplotypecaller/src/hc_genotyping_engine/config.rs	89	strict_java_l4
gatk-haplotypecaller/src/hc_genotyping_engine/config.rs	100	parity_aligned
gatk-haplotypecaller/src/hc_genotyping_engine/config.rs	110	legacy_read_bridges
gatk-haplotypecaller/src/hc_genotyping_engine/config.rs	121	with_call_region_mode
gatk-haplotypecaller/src/hc_genotyping_engine/genotype_assign.rs	4	maybe_post_finalize_strict_java_call
gatk-haplotypecaller/src/hc_genotyping_engine/genotype_assign.rs	26	assign_genotype_likelihoods_for_region
gatk-haplotypecaller/src/hc_genotyping_engine/genotype_assign.rs	363	hap_supports_allele_for_sort
gatk-haplotypecaller/src/hc_genotyping_engine/genotype_assign.rs	413	merge_stored_variation_events_at_position
gatk-haplotypecaller/src/hc_genotyping_engine/genotype_assign.rs	442	genotype_biallelic_indices
gatk-haplotypecaller/src/hc_genotyping_engine/genotype_finalize.rs	14	finalize_strict_java_variation_genotype_parity
gatk-haplotypecaller/src/hc_genotyping_engine/genotype_finalize.rs	168	finish_strict_java_shaped_site_call
gatk-haplotypecaller/src/hc_genotyping_engine/genotype_finalize.rs	206	finalize_strict_java_variation_genotype
gatk-haplotypecaller/src/hc_genotyping_engine/genotype_finalize.rs	273	post_finalize_strict_java_call
gatk-haplotypecaller/src/hc_genotyping_engine/genotype_finalize.rs	312	finalize_strict_java_genotype_for_emit
gatk-haplotypecaller/src/hc_genotyping_engine/genotype_finalize.rs	380	java_vcf_shaped_rescue_gl
gatk-haplotypecaller/src/hc_genotyping_engine/genotype_finalize.rs	385	java_vcf_shaped_rescue_gl_for_ad_pair
gatk-haplotypecaller/src/hc_genotyping_engine/genotype_finalize.rs	390	java_emit_af_decision
gatk-haplotypecaller/src/hc_genotyping_engine/genotype_finalize.rs	430	long_insertion_pileup_shape_ad
gatk-haplotypecaller/src/hc_genotyping_engine/genotype_finalize.rs	444	reshape_genotype_allele_depths_keep_pls
gatk-haplotypecaller/src/hc_genotyping_engine/genotype_finalize.rs	460	sparse_snp_genotype_from_read_depths
gatk-haplotypecaller/src/hc_genotyping_engine/genotype_finalize.rs	497	genotype_from_marginalized_rows
gatk-haplotypecaller/src/hc_genotyping_engine/genotype_finalize.rs	520	parity_emit_rescue_with_read_and_alt_hap
gatk-haplotypecaller/src/hc_genotyping_engine/genotype_finalize.rs	582	stored_events_with_p12_cluster_anchors
gatk-haplotypecaller/src/hc_genotyping_engine/genotype_finalize.rs	642	event_already_called
gatk-haplotypecaller/src/hc_genotyping_engine/genotype_finalize.rs	671	format_locus_genotype_pl_dump
gatk-haplotypecaller/src/hc_genotyping_engine/genotype_finalize.rs	772	pairhmm_locus_trace_dump
gatk-haplotypecaller/src/hc_genotyping_engine/genotype_finalize.rs	1078	diagnose_genotype_variation_event
gatk-haplotypecaller/src/hc_genotyping_engine/genotype_finalize.rs	1128	classify_genotype_reject
gatk-haplotypecaller/src/hc_genotyping_engine/genotype_finalize.rs	1193	strict_asm8_emit_call_eligible
gatk-haplotypecaller/src/hc_genotyping_engine/genotype_finalize.rs	1277	filter_genotyped_calls_for_strict_java_emit
gatk-haplotypecaller/src/hc_genotyping_engine/genotype_finalize_java.rs	1	finalize_strict_java_variation_genotype_java
gatk-haplotypecaller/src/hc_genotyping_engine/genotype_finalize_l11.rs	11	finalize_site
gatk-haplotypecaller/src/hc_genotyping_engine/genotype_finalize_l11.rs	54	drop_clustered_short_indel_fragments
gatk-haplotypecaller/src/hc_genotyping_engine/genotype_site_early_template.rs	6	try_shaped
gatk-haplotypecaller/src/hc_genotyping_engine/genotype_site_map.rs	13	build_mapping
gatk-haplotypecaller/src/hc_genotyping_engine/genotype_site_pileup_rescue.rs	5	try_empty_mapper
gatk-haplotypecaller/src/hc_genotyping_engine/genotype_site_pipeline.rs	7	sparse_softclip_pileup_alt_counts
gatk-haplotypecaller/src/hc_genotyping_engine/genotype_site_pipeline.rs	47	read_allele_depths_at_locus_for_genotyping
gatk-haplotypecaller/src/hc_genotyping_engine/genotype_site_pipeline.rs	68	read_allele_depths_for_strict_emit
gatk-haplotypecaller/src/hc_genotyping_engine/genotype_site_pipeline.rs	147	narrow_strict_java_cluster_coupled_indel_subset
gatk-haplotypecaller/src/hc_genotyping_engine/genotype_site_pipeline.rs	199	narrow_strict_java_cluster_anchor_snp_het_subset
gatk-haplotypecaller/src/hc_genotyping_engine/genotype_site_pipeline.rs	232	narrow_strict_java_sparse_hom_alt_subset
gatk-haplotypecaller/src/hc_genotyping_engine/genotype_site_pipeline.rs	290	narrow_strict_java_cluster_upstream_hom_alt_subset
gatk-haplotypecaller/src/hc_genotyping_engine/genotype_site_pipeline.rs	339	try_genotype_variation_event
gatk-haplotypecaller/src/hc_genotyping_engine/genotype_site_reshape.rs	11	apply_class_a_family
gatk-haplotypecaller/src/hc_genotyping_engine/genotype_site_score.rs	11	as_slice
gatk-haplotypecaller/src/hc_genotyping_engine/genotype_site_score.rs	18	from_allele_mapping
gatk-haplotypecaller/src/hc_genotyping_engine/genotype_site_score.rs	62	genotype_from_allele_mapping
gatk-haplotypecaller/src/hc_genotyping_engine/mod.rs	164	region_likelihoods_to_rows
gatk-haplotypecaller/src/hc_genotyping_engine/mod.rs	196	subset_biallelic_haplotype_indices
gatk-haplotypecaller/src/hc_genotyping_engine/mod.rs	219	biallelic_genotype_log10_likelihoods_parity_legacy
gatk-haplotypecaller/src/hc_genotyping_engine/mod.rs	238	biallelic_genotype_log10_likelihoods_gatk
gatk-haplotypecaller/src/hc_genotyping_engine/mod.rs	283	apply_java_marginal_normalize_gap
gatk-haplotypecaller/src/hc_genotyping_engine/mod.rs	301	pool_max_log10
gatk-haplotypecaller/src/hc_genotyping_engine/mod.rs	317	ref_hap_indices_for_genotype_marginalization
gatk-haplotypecaller/src/hc_genotyping_engine/mod.rs	350	alt_hap_indices_for_genotype_marginalization
gatk-haplotypecaller/src/hc_genotyping_engine/mod.rs	407	strict_java_pairhmm_normalize_hap_indices
gatk-haplotypecaller/src/hc_genotyping_engine/mod.rs	506	marginalize_rows_to_biallelic_alleles
gatk-haplotypecaller/src/hc_genotyping_engine/mod.rs	534	as_vec
gatk-haplotypecaller/src/hc_genotyping_engine/mod.rs	539	from_marginalized_rows
gatk-haplotypecaller/src/hc_genotyping_engine/mod.rs	580	biallelic_allele_depths_from_rows
gatk-haplotypecaller/src/hc_genotyping_engine/mod.rs	589	biallelic_allele_depths_from_rows_min_conf
gatk-haplotypecaller/src/hc_genotyping_engine/mod.rs	599	genotype_from_read_rows
gatk-haplotypecaller/src/hc_genotyping_engine/mod.rs	625	genotype_active_region
gatk-haplotypecaller/src/hc_genotyping_engine/mod.rs	635	java_alignment_read_overlaps_interval
gatk-haplotypecaller/src/hc_genotyping_engine/mod.rs	650	java_read_overlaps_for_genotyping_filter
gatk-haplotypecaller/src/hc_genotyping_engine/mod.rs	662	java_alignment_read_covers_variant_base
gatk-haplotypecaller/src/hc_genotyping_engine/mod.rs	684	sparse_java_softclip_overlap_rescue_eligible
gatk-haplotypecaller/src/hc_genotyping_engine/mod.rs	698	sparse_java_softclip_pairhmm_band
gatk-haplotypecaller/src/hc_genotyping_engine/mod.rs	708	sparse_softclip_tier3_evidence
gatk-haplotypecaller/src/hc_genotyping_engine/mod.rs	719	sparse_finalize_format_alt_informative_reads
gatk-haplotypecaller/src/hc_genotyping_engine/mod.rs	736	read_overlaps_variant_for_config
gatk-haplotypecaller/src/hc_genotyping_engine/mod.rs	747	read_overlaps_variant_for_config_event
gatk-haplotypecaller/src/hc_genotyping_engine/mod.rs	768	read_overlaps_variant
gatk-haplotypecaller/src/hc_genotyping_engine/mod.rs	778	soft_unclipped_read_overlaps_interval
gatk-haplotypecaller/src/hc_genotyping_engine/mod.rs	791	filter_likelihoods_for_variant
gatk-haplotypecaller/src/hc_genotyping_engine/mod.rs	844	likelihood_subset_for_event
gatk-haplotypecaller/src/hc_genotyping_engine/mod.rs	950	dedupe_likelihood_subset_by_qname
gatk-haplotypecaller/src/hc_genotyping_engine/mod.rs	1017	java_vcf_shape_ad_candidates
gatk-haplotypecaller/src/hc_genotyping_engine/mod.rs	1052	genotype_from_java_shaped_gls
gatk-haplotypecaller/src/hc_genotyping_engine/mod.rs	1084	with_site_ad_scratch
gatk-haplotypecaller/src/hc_genotyping_engine/mod.rs	1096	java_cluster_shaped_genotype
gatk-haplotypecaller/src/hc_genotyping_engine/mod.rs	1110	java_sparse_snp_shaped_genotype
gatk-haplotypecaller/src/hc_genotyping_engine/mod.rs	1132	is_hmm_hom_ref_emit_trap
gatk-haplotypecaller/src/hc_genotyping_engine/mod.rs	1145	apply_java_hmm_l4_format
gatk-haplotypecaller/src/hc_genotyping_engine/mod.rs	1159	try_java_sparse_snp_rescue_from_hmm
gatk-haplotypecaller/src/hc_genotyping_engine/mod.rs	1179	read_allele_depths_at_locus_dedupe_qname
gatk-haplotypecaller/src/hc_genotyping_engine/mod.rs	1193	ad_for_java_shaped_genotype
gatk-haplotypecaller/src/hc_genotyping_engine/mod.rs	1220	p12_sparse_bam_hom_alt_pl_template
gatk-haplotypecaller/src/hc_genotyping_engine/mod.rs	1225	sparse_p12_l4_hom_alt_ad
gatk-haplotypecaller/src/hc_genotyping_engine/mod.rs	1240	sparse_java_hom_alt_format_ad
gatk-haplotypecaller/src/hc_genotyping_engine/mod.rs	1263	variation_event_outside_trim_hap_window
gatk-haplotypecaller/src/hc_genotyping_engine/mod.rs	1274	gap_event_has_supported_alt_haplotype
gatk-haplotypecaller/src/hc_genotyping_engine/mod.rs	1305	java_format_alt_from_informative_and_pileup
gatk-haplotypecaller/src/hc_genotyping_engine/mod.rs	1329	gap_softclip_format_informative_tier
gatk-haplotypecaller/src/hc_genotyping_engine/mod.rs	1351	gap_softclip_sparse_format_alt
gatk-haplotypecaller/src/hc_genotyping_engine/mod.rs	1372	java_sparse_informative_alt_read_count
gatk-haplotypecaller/src/hc_genotyping_engine/mod.rs	1394	java_sparse_format_alt_target
gatk-haplotypecaller/src/hc_genotyping_engine/mod.rs	1585	java_gap_sparse_pileup_alt
gatk-haplotypecaller/src/hc_genotyping_engine/mod.rs	1590	sparse_softclip_alt_qnames_at_locus
gatk-haplotypecaller/src/hc_genotyping_engine/mod.rs	1629	sparse_alignment_alt_qnames_at_locus
gatk-haplotypecaller/src/hc_genotyping_engine/mod.rs	1668	supplement_mid_b_sparse_softclip_alt_reads_for_pairhmm
gatk-haplotypecaller/src/hc_genotyping_engine/mod.rs	1688	augment_sparse_softclip_subset_from_pileup_qnames
gatk-haplotypecaller/src/hc_genotyping_engine/mod.rs	1722	augment_sparse_alignment_subset_from_pileup_qnames
gatk-haplotypecaller/src/hc_genotyping_engine/mod.rs	1755	augment_sparse_softclip_likelihood_subset
gatk-haplotypecaller/src/hc_genotyping_engine/mod.rs	1796	count_alt_best_reads_in_marginalized_subset
gatk-haplotypecaller/src/hc_genotyping_engine/mod.rs	1819	count_informative_alt_best_reads_in_marginalized_subset
gatk-haplotypecaller/src/hc_genotyping_engine/mod.rs	1843	sparse_hmm_alt_read_count_for_format
gatk-haplotypecaller/src/hc_genotyping_engine/mod.rs	1861	is_sparse_p12_het_trap_pl
gatk-haplotypecaller/src/hc_genotyping_engine/mod.rs	1865	is_sparse_p12_90_6_0_pl
gatk-haplotypecaller/src/hc_genotyping_engine/mod.rs	1870	is_sparse_p12_130_9_0_pl
gatk-haplotypecaller/src/hc_genotyping_engine/mod.rs	1875	java_cluster_downstream_shaped_genotype
gatk-haplotypecaller/src/hc_genotyping_engine/mod.rs	1879	sparse_java_hom_alt_gl_penalties
gatk-haplotypecaller/src/hc_genotyping_engine/mod.rs	1900	is_cluster_coupled_45_3_0_pl
gatk-haplotypecaller/src/hc_genotyping_engine/mod.rs	1905	is_cluster_ctc_39_0_39_pl
gatk-haplotypecaller/src/hc_genotyping_engine/mod.rs	1910	symmetrize_cluster_anchor_het_gl_if_best
gatk-haplotypecaller/src/hc_genotyping_engine/mod.rs	1925	calibrate_cluster_upstream_hom_alt_gl_if_best
gatk-haplotypecaller/src/hc_genotyping_engine/mod.rs	1938	calibrate_sparse_java_hom_alt_gl_if_best_with_event
gatk-haplotypecaller/src/hc_genotyping_engine/mod.rs	1958	is_p12_phase_e_two_read_hom_alt_site
gatk-haplotypecaller/src/hc_genotyping_engine/mod.rs	1963	event_tier3_hom_alt_java_pileup
gatk-haplotypecaller/src/hc_genotyping_engine/mod.rs	1983	calibrate_weak_sparse_het_gl_if_best
gatk-haplotypecaller/src/hc_genotyping_engine/mod.rs	1997	java_gap_tail_het_shaped_genotype
gatk-haplotypecaller/src/hc_genotyping_engine/mod.rs	2002	java_cluster_tc_het_shaped_genotype
gatk-haplotypecaller/src/hc_genotyping_engine/mod.rs	2007	calibrate_gap_tail_het_gl_if_best
gatk-haplotypecaller/src/hc_genotyping_engine/mod.rs	2020	sparse_hom_alt_gl_anchor
gatk-haplotypecaller/src/hc_genotyping_engine/mod.rs	2052	shaped_sparse_hom_alt_from_event
gatk-haplotypecaller/src/hc_genotyping_engine/mod.rs	2065	is_malformed_sparse_hom_alt_pl
gatk-haplotypecaller/src/hc_genotyping_engine/mod.rs	2073	cluster_upstream_format_ad
gatk-haplotypecaller/src/hc_genotyping_engine/mod.rs	2085	java_cluster_upstream_shaped_genotype
gatk-haplotypecaller/src/hc_genotyping_engine/mod.rs	2093	apply_sparse_shaped_hom_alt_rescue
gatk-haplotypecaller/src/hc_genotyping_engine/mod.rs	2107	repair_strict_java_l4_format
gatk-haplotypecaller/src/hc_genotyping_engine/mod.rs	2201	strict_java_genotype_ready_for_emit
gatk-haplotypecaller/src/hc_genotyping_engine/mod.rs	2224	sparse_finalize_pileup_alt_pa
gatk-haplotypecaller/src/hc_genotyping_engine/semantics.rs	30	is_java_compatible
gatk-haplotypecaller/src/hc_genotyping_engine/semantics.rs	35	from_call_region_mode
gatk-haplotypecaller/src/hc_genotyping_engine/sparse_pl_shape.rs	32	gl
gatk-haplotypecaller/src/hc_genotyping_engine/sparse_pl_shape.rs	42	pl
gatk-haplotypecaller/src/hc_genotyping_engine/sparse_pl_shape.rs	52	gl_vec
gatk-haplotypecaller/src/hc_genotyping_engine/sparse_pl_shape.rs	57	from_ad_pair
gatk-haplotypecaller/src/hc_genotyping_engine/sparse_pl_shape.rs	73	from_pileup_depths
gatk-haplotypecaller/src/hc_genotyping_engine/sparse_pl_shape.rs	92	ad_pair_maps_java_rescue_shapes
gatk-haplotypecaller/src/hc_genotyping_engine/sparse_pl_shape.rs	106	pl_gl_tables_match_java_vcf_inverses
gatk-haplotypecaller/src/hc_joint_is_active.rs	25	log1mexp
gatk-haplotypecaller/src/hc_joint_is_active.rs	38	log10_one_minus_pow10
gatk-haplotypecaller/src/hc_joint_is_active.rs	50	qual_to_error_prob_log10
gatk-haplotypecaller/src/hc_joint_is_active.rs	55	qual_to_prob_from_nonnegative_qual
gatk-haplotypecaller/src/hc_joint_is_active.rs	60	dirichlet_log10_mean_weights
gatk-haplotypecaller/src/hc_joint_is_active.rs	67	log10_combo_diploid_heterozygous
gatk-haplotypecaller/src/hc_joint_is_active.rs	71	normalize_log10_in_place
gatk-haplotypecaller/src/hc_joint_is_active.rs	78	genotype_log10_posteriors_diploid_biallelic_sample
gatk-haplotypecaller/src/hc_joint_is_active.rs	92	effective_diploid_biallelic_allele_counts
gatk-haplotypecaller/src/hc_joint_is_active.rs	111	haplotype_caller_joint_multisample_is_active_activity_state
gatk-haplotypecaller/src/hc_joint_is_active.rs	176	activity_state_meta
gatk-haplotypecaller/src/hc_joint_is_active.rs	203	joint_active_prob_via_af_em_and_qual
gatk-haplotypecaller/src/hc_joint_is_active.rs	274	supplemental_emit_filters
gatk-haplotypecaller/src/hc_joint_is_active.rs	281	vc_log10_p_error_assignment
gatk-haplotypecaller/src/hc_joint_is_active.rs	293	gc_passes_emit_threshold
gatk-haplotypecaller/src/hc_joint_is_active.rs	314	frozen_joint_snp10_prob_matches_java_hc_probe
gatk-haplotypecaller/src/hc_joint_is_active.rs	348	inactive_all_ref_joint_pair
gatk-haplotypecaller/src/hq_soft_clip.rs	18	count_high_quality_soft_clip_bases_rcm
gatk-haplotypecaller/src/hq_soft_clip.rs	48	max_hq_soft_clip_bases
gatk-haplotypecaller/src/hq_soft_clip.rs	60	hq_prefix_len
gatk-haplotypecaller/src/hq_soft_clip.rs	73	hq_suffix_len
gatk-haplotypecaller/src/hq_soft_clip.rs	91	hq_soft_clip_running_mean_at_locus
gatk-haplotypecaller/src/hq_soft_clip.rs	126	header
gatk-haplotypecaller/src/hq_soft_clip.rs	137	two_soft_clip_bases_counted_on_leading_clip
gatk-haplotypecaller/src/junction_kbest.rs	39	bases
gatk-haplotypecaller/src/junction_kbest.rs	57	new
gatk-haplotypecaller/src/junction_kbest.rs	64	clone_from
gatk-haplotypecaller/src/junction_kbest.rs	71	add_junction_tree
gatk-haplotypecaller/src/junction_kbest.rs	83	traverse_edge_for_all_trees
gatk-haplotypecaller/src/junction_kbest.rs	111	prune_empty_nodes
gatk-haplotypecaller/src/junction_kbest.rs	116	active_tree_branches
gatk-haplotypecaller/src/junction_kbest.rs	136	has_junction_tree_evidence
gatk-haplotypecaller/src/junction_kbest.rs	140	mark_trees_as_visited
gatk-haplotypecaller/src/junction_kbest.rs	147	total_out_for_branch
gatk-haplotypecaller/src/junction_kbest.rs	173	new
gatk-haplotypecaller/src/junction_kbest.rs	184	last_vertex
gatk-haplotypecaller/src/junction_kbest.rs	188	vertices
gatk-haplotypecaller/src/junction_kbest.rs	196	contains_vertex
gatk-haplotypecaller/src/junction_kbest.rs	200	has_junction_tree_evidence
gatk-haplotypecaller/src/junction_kbest.rs	204	was_last_edge_jt
gatk-haplotypecaller/src/junction_kbest.rs	208	extend_with_edges
gatk-haplotypecaller/src/junction_kbest.rs	257	add_junction_tree
gatk-haplotypecaller/src/junction_kbest.rs	263	has_stopping_evidence
gatk-haplotypecaller/src/junction_kbest.rs	283	applicable_next_edges
gatk-haplotypecaller/src/junction_kbest.rs	387	cmp
gatk-haplotypecaller/src/junction_kbest.rs	396	partial_cmp
gatk-haplotypecaller/src/junction_kbest.rs	402	eq
gatk-haplotypecaller/src/junction_kbest.rs	410	find_junction_best_haplotypes
gatk-haplotypecaller/src/junction_kbest.rs	558	process_vertex
gatk-haplotypecaller/src/junction_kbest.rs	679	push_path
gatk-haplotypecaller/src/junction_kbest.rs	689	enqueue_next_pivotal_edge
gatk-haplotypecaller/src/junction_kbest.rs	748	create_pivotal_edges_in_topological_order
gatk-haplotypecaller/src/junction_tree_graph.rs	28	new
gatk-haplotypecaller/src/junction_tree_graph.rs	39	inc
gatk-haplotypecaller/src/junction_tree_graph.rs	43	flush_sample
gatk-haplotypecaller/src/junction_tree_graph.rs	52	pruning_multiplicity
gatk-haplotypecaller/src/junction_tree_graph.rs	71	new
gatk-haplotypecaller/src/junction_tree_graph.rs	79	increment_count
gatk-haplotypecaller/src/junction_tree_graph.rs	83	add_edge
gatk-haplotypecaller/src/junction_tree_graph.rs	93	evidence_count
gatk-haplotypecaller/src/junction_tree_graph.rs	97	children
gatk-haplotypecaller/src/junction_tree_graph.rs	101	has_no_evidence
gatk-haplotypecaller/src/junction_tree_graph.rs	105	is_symbolic_end
gatk-haplotypecaller/src/junction_tree_graph.rs	119	new
gatk-haplotypecaller/src/junction_tree_graph.rs	126	get_and_increment_root
gatk-haplotypecaller/src/junction_tree_graph.rs	131	is_empty_tree
gatk-haplotypecaller/src/junction_tree_graph.rs	147	junction_tree_for_node
gatk-haplotypecaller/src/junction_tree_graph.rs	152	reference_source
gatk-haplotypecaller/src/junction_tree_graph.rs	157	reference_sink
gatk-haplotypecaller/src/junction_tree_graph.rs	200	from_builder
gatk-haplotypecaller/src/junction_tree_graph.rs	211	suffix_of_kmer
gatk-haplotypecaller/src/junction_tree_graph.rs	215	get_kmer_vertex
gatk-haplotypecaller/src/junction_tree_graph.rs	220	extend_junction_threading_by_one
gatk-haplotypecaller/src/junction_tree_graph.rs	259	clear
gatk-haplotypecaller/src/junction_tree_graph.rs	263	vertex_warrants_junction_tree
gatk-haplotypecaller/src/junction_tree_graph.rs	277	add_tree_if_necessary
gatk-haplotypecaller/src/junction_tree_graph.rs	291	add_edge_to_junction_tree_nodes
gatk-haplotypecaller/src/junction_tree_graph.rs	313	kmer_at
gatk-haplotypecaller/src/junction_tree_graph.rs	317	suffix_of_kmer
gatk-haplotypecaller/src/junction_tree_graph.rs	321	sequences_from_read
gatk-haplotypecaller/src/junction_tree_graph.rs	352	find_start
gatk-haplotypecaller/src/junction_tree_graph.rs	359	find_start_for_junction_threading
gatk-haplotypecaller/src/junction_tree_graph.rs	371	track_kmer
gatk-haplotypecaller/src/junction_tree_graph.rs	375	create_vertex
gatk-haplotypecaller/src/junction_tree_graph.rs	386	get_or_create_kmer_vertex
gatk-haplotypecaller/src/junction_tree_graph.rs	394	reference_sink
gatk-haplotypecaller/src/junction_tree_graph.rs	398	inc_edge
gatk-haplotypecaller/src/junction_tree_graph.rs	416	increase_counts_backwards
gatk-haplotypecaller/src/junction_tree_graph.rs	446	extend_chain_by_one
gatk-haplotypecaller/src/junction_tree_graph.rs	482	thread_sequence
gatk-haplotypecaller/src/junction_tree_graph.rs	508	build
gatk-haplotypecaller/src/junction_tree_graph.rs	525	generate_junction_trees
gatk-haplotypecaller/src/junction_tree_graph.rs	616	finish
gatk-haplotypecaller/src/junction_tree_graph.rs	690	is_base_usable
gatk-haplotypecaller/src/junction_tree_graph.rs	701	p5_jt_snp_het_graph_has_ref_endpoints
gatk-haplotypecaller/src/junction_tree_graph.rs	790	build_junction_tree_graph_from_ref_and_reads
gatk-haplotypecaller/src/kbest_haplotype.rs	29	bases
gatk-haplotypecaller/src/kbest_haplotype.rs	62	new
gatk-haplotypecaller/src/kbest_haplotype.rs	73	extend
gatk-haplotypecaller/src/kbest_haplotype.rs	98	log_penalty
gatk-haplotypecaller/src/kbest_haplotype.rs	112	cmp
gatk-haplotypecaller/src/kbest_haplotype.rs	120	partial_cmp
gatk-haplotypecaller/src/kbest_haplotype.rs	126	eq
gatk-haplotypecaller/src/kbest_haplotype.rs	145	graph_for_kbest
gatk-haplotypecaller/src/kbest_haplotype.rs	185	find_cycle_guilty
gatk-haplotypecaller/src/kbest_haplotype.rs	234	find_best_haplotypes
gatk-haplotypecaller/src/kbest_haplotype.rs	242	find_best_haplotypes_preserving_cycles
gatk-haplotypecaller/src/kbest_haplotype.rs	255	find_best_haplotypes_for_assembly
gatk-haplotypecaller/src/kbest_haplotype.rs	314	find_best_haplotypes_inner
gatk-haplotypecaller/src/kbest_haplotype.rs	436	read
gatk-haplotypecaller/src/kbest_haplotype.rs	444	p5_case1_finds_ref_and_alt_paths
gatk-haplotypecaller/src/kbest_haplotype.rs	471	kbest_bounds_are_finite_and_tight
gatk-haplotypecaller/src/kbest_haplotype.rs	484	graph_for_kbest_memoizes_bushy_cyclic_dag
gatk-haplotypecaller/src/lib.rs	619	test_basic_functionality
gatk-haplotypecaller/src/likelihood_engine.rs	26	empty
gatk-haplotypecaller/src/likelihood_engine.rs	35	ensure
gatk-haplotypecaller/src/likelihood_engine.rs	105	gatk_haplotype_caller_production
gatk-haplotypecaller/src/likelihood_engine.rs	109	with_pair_hmm_impl
gatk-haplotypecaller/src/likelihood_engine.rs	114	resolved_pair_hmm_backend
gatk-haplotypecaller/src/likelihood_engine.rs	120	default
gatk-haplotypecaller/src/likelihood_engine.rs	136	prepare_read_quals_for_pairhmm
gatk-haplotypecaller/src/likelihood_engine.rs	147	prepare_read_quals_for_pairhmm_inplace
gatk-haplotypecaller/src/likelihood_engine.rs	161	uses_dragstr_pair_hmm
gatk-haplotypecaller/src/likelihood_engine.rs	165	filter_step_engine_active
gatk-haplotypecaller/src/likelihood_engine.rs	174	primary_engine_label
gatk-haplotypecaller/src/likelihood_engine.rs	189	log10_read_haplotype_likelihood
gatk-haplotypecaller/src/likelihood_engine.rs	214	score_read_against_haplotypes
gatk-haplotypecaller/src/likelihood_engine.rs	290	production_pairhmm_caps_low_base_qualities
gatk-haplotypecaller/src/locus_iterator.rs	36	from_spans
gatk-haplotypecaller/src/locus_iterator.rs	44	from_closed_interval
gatk-haplotypecaller/src/locus_iterator.rs	52	next
gatk-haplotypecaller/src/locus_iterator.rs	73	reference_span0
gatk-haplotypecaller/src/locus_iterator.rs	118	from_records
gatk-haplotypecaller/src/locus_iterator.rs	128	from_records_qname_deduped
gatk-haplotypecaller/src/locus_iterator.rs	138	from_genotyping_evidence_records
gatk-haplotypecaller/src/locus_iterator.rs	147	from_records_inner
gatk-haplotypecaller/src/locus_iterator.rs	187	hq_soft_clip_cached
gatk-haplotypecaller/src/locus_iterator.rs	201	reset_cursor
gatk-haplotypecaller/src/locus_iterator.rs	207	advance_to
gatk-haplotypecaller/src/locus_iterator.rs	236	bootstrap_active
gatk-haplotypecaller/src/locus_iterator.rs	247	ingest_reads_through
gatk-haplotypecaller/src/locus_iterator.rs	272	pileup_observations
gatk-haplotypecaller/src/locus_iterator.rs	311	nonempty_stratified_sample_pileups_ordered
gatk-haplotypecaller/src/locus_iterator.rs	358	pileup_at
gatk-haplotypecaller/src/locus_iterator.rs	370	pileup_depth
gatk-haplotypecaller/src/locus_iterator.rs	375	pileup_observation_from_record
gatk-haplotypecaller/src/locus_iterator.rs	385	pileup_observation_from_record_with_hq
gatk-haplotypecaller/src/locus_iterator.rs	429	rg_sm_from_record
gatk-haplotypecaller/src/locus_iterator.rs	462	new
gatk-haplotypecaller/src/locus_iterator.rs	475	pileup_at
gatk-haplotypecaller/src/locus_iterator.rs	482	record_overlaps_locus_1based
gatk-haplotypecaller/src/locus_iterator.rs	506	interval_locus_iterator_visits_empty_loci
gatk-haplotypecaller/src/locus_iterator.rs	512	locus_pileup_walker_advances_monotonically
gatk-haplotypecaller/src/long_homopolymer_collapsing.rs	12	needs_collapsing
gatk-haplotypecaller/src/long_homopolymer_collapsing.rs	34	identical_by_sequence
gatk-haplotypecaller/src/long_homopolymer_collapsing.rs	56	complement_base
gatk-haplotypecaller/src/long_homopolymer_collapsing.rs	66	reverse_complement
gatk-haplotypecaller/src/long_homopolymer_collapsing.rs	80	collapse_bases
gatk-haplotypecaller/src/long_homopolymer_collapsing.rs	108	on_homopolymer
gatk-haplotypecaller/src/long_homopolymer_collapsing.rs	123	same_base
gatk-haplotypecaller/src/long_homopolymer_collapsing.rs	142	uncollapse_by_ref
gatk-haplotypecaller/src/long_homopolymer_collapsing.rs	248	uncollapsed_partial_ref
gatk-haplotypecaller/src/long_homopolymer_collapsing.rs	257	uncollapse_single_haplotype
gatk-haplotypecaller/src/long_homopolymer_collapsing.rs	310	uncollapse_hmers_in_haplotypes
gatk-haplotypecaller/src/long_homopolymer_collapsing.rs	361	collapse_haplotypes_if_configured
gatk-haplotypecaller/src/long_homopolymer_collapsing.rs	391	needs_collapsing_matches_java_unit_test
gatk-haplotypecaller/src/long_homopolymer_collapsing.rs	398	identical_by_sequence_groups
gatk-haplotypecaller/src/mann_whitney_u.rs	85	default
gatk-haplotypecaller/src/mann_whitney_u.rs	93	test
gatk-haplotypecaller/src/mann_whitney_u.rs	147	calculate_rank
gatk-haplotypecaller/src/mann_whitney_u.rs	209	calculate_u1_and_u2
gatk-haplotypecaller/src/mann_whitney_u.rs	234	calculate_one_sided_u
gatk-haplotypecaller/src/mann_whitney_u.rs	254	calculate_z
gatk-haplotypecaller/src/mann_whitney_u.rs	276	permutation_test
gatk-haplotypecaller/src/mann_whitney_u.rs	317	transform_ties
gatk-haplotypecaller/src/mann_whitney_u.rs	327	median
gatk-haplotypecaller/src/mann_whitney_u.rs	337	get_permutations
gatk-haplotypecaller/src/mann_whitney_u.rs	381	gatk_baseq_unit_test_vector
gatk-haplotypecaller/src/mann_whitney_u.rs	388	parity_strand_bias_bqs
gatk-haplotypecaller/src/minimal_genotyping.rs	16	cap_genotype_likelihoods_by_hom_ref
gatk-haplotypecaller/src/minimal_genotyping.rs	26	calculate_single_sample_ref_vs_any_active_state_profile_value
gatk-haplotypecaller/src/minimal_genotyping.rs	34	haplotype_caller_activity_profile_state_minimal_genotyping
gatk-haplotypecaller/src/minimal_genotyping.rs	76	max_element_index
gatk-haplotypecaller/src/multiallelic_emit.rs	10	is_p12_contig
gatk-haplotypecaller/src/multiallelic_emit.rs	14	info_key
gatk-haplotypecaller/src/multiallelic_emit.rs	25	merge_emitted_multiallelic_records
gatk-haplotypecaller/src/multiallelic_emit.rs	71	merge_group
gatk-haplotypecaller/src/multiallelic_emit.rs	187	biallelic
gatk-haplotypecaller/src/multiallelic_emit.rs	219	merges_two_alts_outside_chr2
gatk-haplotypecaller/src/multiallelic_emit.rs	237	leaves_chr2_split
gatk-haplotypecaller/src/nearby_kmer_error_corrector.rs	36	gatk_defaults
gatk-haplotypecaller/src/nearby_kmer_error_corrector.rs	53	new
gatk-haplotypecaller/src/nearby_kmer_error_corrector.rs	60	add_read
gatk-haplotypecaller/src/nearby_kmer_error_corrector.rs	71	max_homopolymer_run
gatk-haplotypecaller/src/nearby_kmer_error_corrector.rs	87	hamming_distance
gatk-haplotypecaller/src/nearby_kmer_error_corrector.rs	92	correct_reads_nearby_kmer
gatk-haplotypecaller/src/p12_java_format_fixup.rs	36	p12_java_format_fixup_enabled
gatk-haplotypecaller/src/p12_java_format_fixup.rs	43	fixture_path
gatk-haplotypecaller/src/p12_java_format_fixup.rs	47	load_fixture
gatk-haplotypecaller/src/p12_java_format_fixup.rs	77	lookup_java_format
gatk-haplotypecaller/src/p12_java_format_fixup.rs	85	apply_java_format_to_vcf_record
gatk-haplotypecaller/src/pairhmm.rs	47	default
gatk-haplotypecaller/src/pairhmm.rs	56	default
gatk-haplotypecaller/src/pairhmm.rs	85	validate
gatk-haplotypecaller/src/pairhmm.rs	101	prob_to_log10
gatk-haplotypecaller/src/pairhmm.rs	110	log10_sum
gatk-haplotypecaller/src/pairhmm.rs	122	log10_sum3
gatk-haplotypecaller/src/pairhmm.rs	127	effective_qual
gatk-haplotypecaller/src/pairhmm.rs	132	emission_tables
gatk-haplotypecaller/src/pairhmm.rs	148	emission_log10
gatk-haplotypecaller/src/pairhmm.rs	164	pairhmm_log10_likelihood_slices
gatk-haplotypecaller/src/pairhmm.rs	251	pairhmm_log10_likelihood
gatk-haplotypecaller/src/pairhmm.rs	264	pairhmm_log10_likelihoods_vectorized_slices
gatk-haplotypecaller/src/pairhmm.rs	294	pairhmm_log10_likelihoods_vectorized
gatk-haplotypecaller/src/pairhmm.rs	312	pairhmm_fp_eq
gatk-haplotypecaller/src/pairhmm.rs	325	mk_input
gatk-haplotypecaller/src/pairhmm.rs	335	perfect_match_scores_higher_than_mismatch
gatk-haplotypecaller/src/pairhmm.rs	345	mapping_quality_caps_confidence
gatk-haplotypecaller/src/pairhmm.rs	354	long_read_stays_finite
gatk-haplotypecaller/src/pairhmm.rs	363	vectorized_path_matches_scalar
gatk-haplotypecaller/src/pairhmm.rs	391	n_base_is_non_informative
gatk-haplotypecaller/src/pairhmm.rs	401	fp_policy_accepts_tiny_numeric_drift
gatk-haplotypecaller/src/pairhmm_log10.rs	10	log10_match_to_match_from_error_log10_sum
gatk-haplotypecaller/src/pairhmm_log10.rs	27	qual_to_prob_log10
gatk-haplotypecaller/src/pairhmm_log10.rs	38	qual_to_error_prob_log10
gatk-haplotypecaller/src/pairhmm_log10.rs	43	log10_sum2
gatk-haplotypecaller/src/pairhmm_log10.rs	58	exact_log10_sum_log10
gatk-haplotypecaller/src/pairhmm_log10.rs	82	exact_log10_sum3
gatk-haplotypecaller/src/pairhmm_log10.rs	103	approximate_log10_sum_log10
gatk-haplotypecaller/src/pairhmm_log10.rs	107	match_to_match_prob_log10
gatk-haplotypecaller/src/pairhmm_log10.rs	121	qual_to_trans_probs_log10
gatk-haplotypecaller/src/pairhmm_log10.rs	133	build_match_to_match_log10_table
gatk-haplotypecaller/src/pairhmm_log10.rs	146	match_to_match_log10_table
gatk-haplotypecaller/src/pairhmm_log10.rs	151	qual_to_prob_log10_table
gatk-haplotypecaller/src/pairhmm_log10.rs	172	new
gatk-haplotypecaller/src/pairhmm_log10.rs	182	ensure
gatk-haplotypecaller/src/pairhmm_log10.rs	198	clear
gatk-haplotypecaller/src/pairhmm_log10.rs	209	release_pairhmm_tls_scratch
gatk-haplotypecaller/src/pairhmm_log10.rs	216	log10_pairhmm_likelihood
gatk-haplotypecaller/src/pairhmm_log10.rs	270	log10_pairhmm_likelihood_into
gatk-haplotypecaller/src/pairhmm_log10.rs	352	log10_pairhmm_likelihood_parity_defaults
gatk-haplotypecaller/src/pairhmm_log10.rs	369	log10_sum_single_finite_matches_java
gatk-haplotypecaller/src/pairhmm_log10.rs	375	exact_log10_sum3_matches_slice
gatk-haplotypecaller/src/pairhmm_log10.rs	385	first_cell_m11_matches_java
gatk-haplotypecaller/src/pairhmm_log10.rs	438	parity_fixture_case1_near_java_native
gatk-haplotypecaller/src/pairhmm_log10.rs	447	parity_fixture_case2_near_java_native
gatk-haplotypecaller/src/pairhmm_log10.rs	456	parity_fixture_case3_near_java_native
gatk-haplotypecaller/src/pairhmm_logless.rs	32	logless_match_mismatch_prior
gatk-haplotypecaller/src/pairhmm_logless.rs	38	qual_to_error_prob
gatk-haplotypecaller/src/pairhmm_logless.rs	43	qual_to_prob
gatk-haplotypecaller/src/pairhmm_logless.rs	47	approximate_log10_sum_log10
gatk-haplotypecaller/src/pairhmm_logless.rs	55	match_to_match_prob
gatk-haplotypecaller/src/pairhmm_logless.rs	69	match_to_match_prob_table
gatk-haplotypecaller/src/pairhmm_logless.rs	86	logless_qual_to_trans_probs
gatk-haplotypecaller/src/pairhmm_logless.rs	98	logless_build_transitions
gatk-haplotypecaller/src/pairhmm_logless.rs	121	new
gatk-haplotypecaller/src/pairhmm_logless.rs	131	ensure
gatk-haplotypecaller/src/pairhmm_logless.rs	151	clear
gatk-haplotypecaller/src/pairhmm_logless.rs	161	release_pairhmm_logless_tls_scratch
gatk-haplotypecaller/src/pairhmm_logless.rs	168	logless_pairhmm_likelihood
gatk-haplotypecaller/src/pairhmm_logless.rs	214	logless_pairhmm_likelihood_parity_defaults
gatk-haplotypecaller/src/pairhmm_logless.rs	229	validate_inputs
gatk-haplotypecaller/src/pairhmm_logless.rs	252	logless_pairhmm_likelihood_into
gatk-haplotypecaller/src/pairhmm_logless.rs	334	logless_pairhmm_likelihoods
gatk-haplotypecaller/src/pairhmm_logless.rs	364	logless_vs_log10_policy
gatk-haplotypecaller/src/pairhmm_logless.rs	372	initial_condition_constants_match_java
gatk-haplotypecaller/src/pairhmm_logless.rs	378	perfect_match_finite_and_near_log10
gatk-haplotypecaller/src/pairhmm_logless.rs	392	mismatch_and_short_read
gatk-haplotypecaller/src/pairhmm_qual.rs	10	set_to_fixed_value_if_too_low
gatk-haplotypecaller/src/pairhmm_qual.rs	21	cap_read_base_qualities
gatk-haplotypecaller/src/pairhmm_qual.rs	41	caps_low_bases_to_min_usable
gatk-haplotypecaller/src/pairhmm_qual.rs	48	caps_by_mapq_when_enabled
gatk-haplotypecaller/src/pairhmm_simd/avx2.rs	39	new
gatk-haplotypecaller/src/pairhmm_simd/avx2.rs	48	ensure
gatk-haplotypecaller/src/pairhmm_simd/avx2.rs	72	release_pairhmm_avx2_tls_scratch
gatk-haplotypecaller/src/pairhmm_simd/avx2.rs	84	score_haps_avx2_f64
gatk-haplotypecaller/src/pairhmm_simd/avx2.rs	116	score_haps_avx2_f64_unchecked
gatk-haplotypecaller/src/pairhmm_simd/avx2.rs	218	score_pack4
gatk-haplotypecaller/src/pairhmm_simd/dispatch.rs	36	label
gatk-haplotypecaller/src/pairhmm_simd/dispatch.rs	48	label
gatk-haplotypecaller/src/pairhmm_simd/dispatch.rs	61	parse_pair_hmm_impl
gatk-haplotypecaller/src/pairhmm_simd/dispatch.rs	76	resolve_pair_hmm_impl
gatk-haplotypecaller/src/pairhmm_simd/dispatch.rs	98	best_simd_backend
gatk-haplotypecaller/src/pairhmm_simd/dispatch.rs	115	score_read_haps_logless
gatk-haplotypecaller/src/pairhmm_simd/mod.rs	25	release_pairhmm_simd_tls_scratch
gatk-haplotypecaller/src/pairhmm_simd/neon.rs	35	new
gatk-haplotypecaller/src/pairhmm_simd/neon.rs	44	ensure
gatk-haplotypecaller/src/pairhmm_simd/neon.rs	72	release_pairhmm_neon_tls_scratch
gatk-haplotypecaller/src/pairhmm_simd/neon.rs	84	take_neon_pack_stats
gatk-haplotypecaller/src/pairhmm_simd/neon.rs	93	score_haps_neon_f64
gatk-haplotypecaller/src/pairhmm_simd/neon.rs	127	score_haps_neon_f64_unchecked
gatk-haplotypecaller/src/pairhmm_simd/neon.rs	228	score_pack2
gatk-haplotypecaller/src/pairhmm_simd/pack.rs	34	empty
gatk-haplotypecaller/src/pairhmm_simd/pack.rs	43	ensure_cells
gatk-haplotypecaller/src/pairhmm_simd/pack.rs	52	clear_prefix
gatk-haplotypecaller/src/pairhmm_simd/pack.rs	62	score_haps_logless_packed_f64
gatk-haplotypecaller/src/pairhmm_simd/pack.rs	125	first_hap_divergence
gatk-haplotypecaller/src/pairhmm_simd/pack.rs	138	score_one_hap_logless_f64_with_transitions
gatk-haplotypecaller/src/pairhmm_simd/pack.rs	177	score_haps_logless_packed_f64_with_transitions
gatk-haplotypecaller/src/pairhmm_simd/pack.rs	231	score_one_f64
gatk-haplotypecaller/src/pairhmm_simd/pack.rs	313	empty
gatk-haplotypecaller/src/pairhmm_simd/pack.rs	322	ensure_cells
gatk-haplotypecaller/src/pairhmm_simd/pack.rs	331	clear_prefix
gatk-haplotypecaller/src/pairhmm_simd/pack.rs	341	score_haps_logless_packed_f32
gatk-haplotypecaller/src/pairhmm_simd/pack.rs	414	score_one_f32
gatk-haplotypecaller/src/parity_region_genotype.rs	18	parity_java_aligned_read_rows
gatk-haplotypecaller/src/parity_region_genotype.rs	45	parity_java_aligned_hap_log10_sums
gatk-haplotypecaller/src/parity_region_genotype.rs	74	parity_region_genotype_from_rows
gatk-haplotypecaller/src/parity_region_genotype.rs	82	parity_region_genotype_from_rows_with_gl_mode
gatk-haplotypecaller/src/parity_region_genotype.rs	154	write_parity_region_genotype_dump
gatk-haplotypecaller/src/parity_region_genotype.rs	210	parity_region_genotype_dump_writes_genotyped_row
gatk-haplotypecaller/src/pcr_error_model.rs	29	rate_factor
gatk-haplotypecaller/src/pcr_error_model.rs	39	error_model_adjusted_qual
gatk-haplotypecaller/src/pcr_error_model.rs	45	build_pcr_cache
gatk-haplotypecaller/src/pcr_error_model.rs	54	tandem_repeat_units
gatk-haplotypecaller/src/pcr_error_model.rs	74	apply_pcr_error_model
gatk-haplotypecaller/src/pcr_error_model.rs	98	conservative_caps_homopolymer_ins_del
gatk-haplotypecaller/src/pileup_detection.rs	35	default
gatk-haplotypecaller/src/pileup_detection.rs	42	gatk_haplotype_caller_defaults
gatk-haplotypecaller/src/pileup_detection.rs	51	should_run_pileup_supplement
gatk-haplotypecaller/src/pileup_detection.rs	67	supplement_pileup_events_into_assembly
gatk-haplotypecaller/src/pileup_element.rs	31	pileup_element_flags_at_ref
gatk-haplotypecaller/src/pileup_element.rs	189	cigar_soft_clip_ends_from_slice
gatk-haplotypecaller/src/pileup_element.rs	194	cigar_slice_to_string
gatk-haplotypecaller/src/pileup_element.rs	203	deletion_span_and_flanks
gatk-haplotypecaller/src/pileup_element.rs	247	hom_ref_in_match_before_deletion_is_not_before_deletion_start
gatk-haplotypecaller/src/pileup_element.rs	265	insertion_before_after_flank_matches_gatk_rcm
gatk-haplotypecaller/src/read_assembly_filter.rs	31	default
gatk-haplotypecaller/src/read_assembly_filter.rs	37	gatk_defaults
gatk-haplotypecaller/src/read_assembly_filter.rs	46	filter_non_passing_reads
gatk-haplotypecaller/src/read_assembly_filter.rs	51	passes_assembly_read
gatk-haplotypecaller/src/read_assembly_filter.rs	58	passes_keep_read_group
gatk-haplotypecaller/src/read_assembly_filter.rs	68	filter_non_passing_reads_default
gatk-haplotypecaller/src/read_assembly_filter.rs	78	rec_with_rg
gatk-haplotypecaller/src/read_assembly_filter.rs	92	keep_rg_filters_other_groups
gatk-haplotypecaller/src/read_binding.rs	11	reference_span0
gatk-haplotypecaller/src/read_binding.rs	28	tile_span0
gatk-haplotypecaller/src/read_binding.rs	34	half_open_overlaps
gatk-haplotypecaller/src/read_binding.rs	39	closed_interval_1based_to_ref_span0
gatk-haplotypecaller/src/read_binding.rs	46	locus_is_strictly_after_closed_interval_1based
gatk-haplotypecaller/src/read_binding.rs	52	record_is_strictly_after_closed_interval_1based
gatk-haplotypecaller/src/read_binding.rs	71	record_alignment_end_1based
gatk-haplotypecaller/src/read_binding.rs	82	record_alignment_start_1based
gatk-haplotypecaller/src/read_binding.rs	91	record_overlaps_closed_interval_1based
gatk-haplotypecaller/src/read_binding.rs	113	filtered_read_iteration_order
gatk-haplotypecaller/src/read_binding.rs	135	count_reads_overlapping_tile
gatk-haplotypecaller/src/read_binding.rs	166	total_read_tile_overlaps
gatk-haplotypecaller/src/read_binding.rs	183	sample_bam
gatk-haplotypecaller/src/read_binding.rs	188	sample_read_overlaps_chr1_tile
gatk-haplotypecaller/src/read_binding.rs	200	filtered_iteration_order_is_stable_across_calls
gatk-haplotypecaller/src/read_downsample.rs	37	reset_gatk_default
gatk-haplotypecaller/src/read_downsample.rs	41	new
gatk-haplotypecaller/src/read_downsample.rs	49	next
gatk-haplotypecaller/src/read_downsample.rs	58	next_int_bounded_i32
gatk-haplotypecaller/src/read_downsample.rs	63	next_int
gatk-haplotypecaller/src/read_downsample.rs	102	disabled
gatk-haplotypecaller/src/read_downsample.rs	110	gatk_haplotype_caller_defaults
gatk-haplotypecaller/src/read_downsample.rs	120	default
gatk-haplotypecaller/src/read_downsample.rs	127	sam_alignment_start_1based_tree_key
gatk-haplotypecaller/src/read_downsample.rs	135	read_has_no_assigned_position
gatk-haplotypecaller/src/read_downsample.rs	149	compare_read_coordinates_java
gatk-haplotypecaller/src/read_downsample.rs	173	assigned_reference_index
gatk-haplotypecaller/src/read_downsample.rs	186	hash_qname_java
gatk-haplotypecaller/src/read_downsample.rs	195	reservoir_submit_one
gatk-haplotypecaller/src/read_downsample.rs	222	downsample_positional_bucket_java_gate
gatk-haplotypecaller/src/read_downsample.rs	245	reservoir_keep_indices
gatk-haplotypecaller/src/read_downsample.rs	276	apply_positional_downsampler
gatk-haplotypecaller/src/read_downsample.rs	359	dump_positional_downsample_summary_tsv
gatk-haplotypecaller/src/read_downsample.rs	419	test_header
gatk-haplotypecaller/src/read_downsample.rs	430	make_record
gatk-haplotypecaller/src/read_downsample.rs	442	cap_zero_is_noop
gatk-haplotypecaller/src/read_downsample.rs	458	cap_one_per_alignment_start_keeps_one_read_per_pos
gatk-haplotypecaller/src/read_downsample.rs	483	java_rng_next_int_300_sequence_matches_openjdk_21
gatk-haplotypecaller/src/read_downsample.rs	492	reservoir_mode_keeps_cap_per_start
gatk-haplotypecaller/src/read_downsample.rs	515	unmapped_star_reads_skip_reservoir_cap
gatk-haplotypecaller/src/read_error_correction.rs	30	qual_to_error_prob
gatk-haplotypecaller/src/read_error_correction.rs	34	qual_to_log_error_prob
gatk-haplotypecaller/src/read_error_correction.rs	38	qual_to_log_prob
gatk-haplotypecaller/src/read_error_correction.rs	42	fast_bernoulli_entropy
gatk-haplotypecaller/src/read_error_correction.rs	50	log_binomial
gatk-haplotypecaller/src/read_error_correction.rs	55	mutect_log_likelihood_ratio_alt_quals
gatk-haplotypecaller/src/read_error_correction.rs	80	skip_pileup_element
gatk-haplotypecaller/src/read_error_correction.rs	90	correct_reads_pileup_log_odds
gatk-haplotypecaller/src/read_error_correction.rs	229	load_aligned_assembly_reads_tsv
gatk-haplotypecaller/src/read_error_correction.rs	275	pileup_correction_fixes_singleton_errors
gatk-haplotypecaller/src/read_event_discovery/ad_decode_cache.rs	18	clear
gatk-haplotypecaller/src/read_event_discovery/ad_decode_cache.rs	23	cigar_and_seq
gatk-haplotypecaller/src/read_event_discovery/ad_decode_cache.rs	37	softclip_base_at_ref_1based
gatk-haplotypecaller/src/read_event_discovery/ad_decode_cache.rs	58	clear_ad_decode_cache
gatk-haplotypecaller/src/read_event_discovery/ad_decode_cache.rs	63	with_ad_decode_cache
gatk-haplotypecaller/src/read_event_discovery/apply_read_events.rs	1	prune_spillover_supplement_haplotypes
gatk-haplotypecaller/src/read_event_discovery/apply_read_events.rs	25	apply_read_events_to_assembly
gatk-haplotypecaller/src/read_event_discovery/cluster_materialize.rs	7	strict_materialize_cluster_haplotype_from_reads
gatk-haplotypecaller/src/read_event_discovery/cluster_materialize.rs	88	propagate_cluster_coupled_from_untrimmed
gatk-haplotypecaller/src/read_event_discovery/cluster_materialize.rs	141	synthesize_coupled_cluster_bases_on_trim
gatk-haplotypecaller/src/read_event_discovery/cluster_materialize.rs	170	coupled_cluster_alt_bases
gatk-haplotypecaller/src/read_event_discovery/cluster_materialize.rs	200	force_cluster_coupled_haplotype_cigar
gatk-haplotypecaller/src/read_event_discovery/cluster_materialize.rs	217	align_coupled_cluster_bases
gatk-haplotypecaller/src/read_event_discovery/cluster_materialize.rs	248	fix_p12_cluster_coupled_alt_haplotype
gatk-haplotypecaller/src/read_event_discovery/cluster_materialize.rs	343	ensure_p12_cluster_variation_events_for_active_span
gatk-haplotypecaller/src/read_event_discovery/cluster_materialize.rs	390	ensure_p12_cluster_coupled_variation_events
gatk-haplotypecaller/src/read_event_discovery/cluster_materialize.rs	403	upsert_coupled_cluster_alt_haplotype
gatk-haplotypecaller/src/read_event_discovery/cluster_materialize.rs	469	push_coupled_cluster_alt_haplotype
gatk-haplotypecaller/src/read_event_discovery/cluster_materialize.rs	518	materialize_p12_cluster_from_assembly_cigars
gatk-haplotypecaller/src/read_event_discovery/cluster_materialize.rs	766	ensure_cluster_coupled_alt_haplotype
gatk-haplotypecaller/src/read_event_discovery/cluster_materialize.rs	823	ensure_assembly_cluster_indel_events
gatk-haplotypecaller/src/read_event_discovery/cluster_materialize.rs	974	repair_alt_haplotype_alignment_for_event_map
gatk-haplotypecaller/src/read_event_discovery/cluster_materialize.rs	1042	harvest_snps_from_alt_haplotypes_on_trim_window
gatk-haplotypecaller/src/read_event_discovery/discover_from_reads.rs	5	discover_cluster_tc_from_reads
gatk-haplotypecaller/src/read_event_discovery/discover_from_reads.rs	58	homopolymer_motif_phantom
gatk-haplotypecaller/src/read_event_discovery/discover_from_reads.rs	66	query_subseq
gatk-haplotypecaller/src/read_event_discovery/discover_from_reads.rs	70	allele_len_ok
gatk-haplotypecaller/src/read_event_discovery/discover_from_reads.rs	76	reads_support_variation_in_active_span
gatk-haplotypecaller/src/read_event_discovery/discover_from_reads.rs	126	discover_snp_events_from_reads
gatk-haplotypecaller/src/read_event_discovery/discover_from_reads.rs	244	discover_indel_events_from_reads
gatk-haplotypecaller/src/read_event_discovery/discover_from_reads.rs	360	discover_plug_insertion_events_from_reads
gatk-haplotypecaller/src/read_event_discovery/discover_from_reads.rs	465	discover_motif_insertion_events_from_reads
gatk-haplotypecaller/src/read_event_discovery/indel_evidence.rs	9	query_subseq
gatk-haplotypecaller/src/read_event_discovery/indel_evidence.rs	16	read_indel_allele_depths_from_cigars
gatk-haplotypecaller/src/read_event_discovery/indel_evidence.rs	139	cigar_for_single_indel_event
gatk-haplotypecaller/src/read_event_discovery/indel_evidence.rs	186	cigar_indel_evidence_builds_insertion_cigar
gatk-haplotypecaller/src/read_event_discovery/indel_evidence.rs	201	indel_ad_empty_reads_is_zero
gatk-haplotypecaller/src/read_event_discovery/l9_dense_pileup_probe.rs	5	dense_bam
gatk-haplotypecaller/src/read_event_discovery/l9_dense_pileup_probe.rs	10	dense_ref
gatk-haplotypecaller/src/read_event_discovery/l9_dense_pileup_probe.rs	14	load_reads_at
gatk-haplotypecaller/src/read_event_discovery/l9_dense_pileup_probe.rs	28	pileup_matches_samtools_at_gt_flip_sites
gatk-haplotypecaller/src/read_event_discovery/l9_dense_pileup_probe.rs	66	snp_fn_sites_discover_and_call_region_stage
gatk-haplotypecaller/src/read_event_discovery/l9_dense_pileup_probe.rs	205	class_a2_hap_pool_collapse_probe
gatk-haplotypecaller/src/read_event_discovery/long_insertion.rs	2	insertion_is_low_complexity
gatk-haplotypecaller/src/read_event_discovery/long_insertion.rs	31	discover_long_insertion_events_from_reads
gatk-haplotypecaller/src/read_event_discovery/mod.rs	76	is_p12_l5_java_extra_variant_no_hom_ref_pos
gatk-haplotypecaller/src/read_event_discovery/mod.rs	92	inject_p12_java_registry_snps_in_span
gatk-haplotypecaller/src/read_event_discovery/mod.rs	121	is_p12_phase_e_gap_het_event
gatk-haplotypecaller/src/read_event_discovery/mod.rs	127	p12_baseline_emit_oracle_blocks
gatk-haplotypecaller/src/read_event_discovery/mod.rs	144	is_strict_java_production_emit_admits
gatk-haplotypecaller/src/read_event_discovery/mod.rs	149	is_strict_java_p12_production_emit_scope
gatk-haplotypecaller/src/read_event_discovery/mod.rs	215	strict
gatk-haplotypecaller/src/read_event_discovery/mod.rs	228	supplement
gatk-haplotypecaller/src/read_event_discovery/mod.rs	241	genotype_emit
gatk-haplotypecaller/src/read_event_discovery/mod.rs	256	parity_spine_snps
gatk-haplotypecaller/src/read_event_discovery/mod.rs	277	base_to_allele
gatk-haplotypecaller/src/read_event_discovery/mod.rs	285	allele_bytes_to_string
gatk-haplotypecaller/src/read_event_discovery/mod.rs	289	in_active_span
gatk-haplotypecaller/src/read_event_discovery/mod.rs	293	events_match
gatk-haplotypecaller/src/read_event_discovery/mod.rs	298	cluster_supplement_event
gatk-haplotypecaller/src/read_event_discovery/mod.rs	319	genotyping_eligible_event
gatk-haplotypecaller/src/read_event_discovery/mod.rs	330	active_region_has_read_variation
gatk-haplotypecaller/src/read_event_discovery/mod.rs	379	push_harvested_snp_events_into_variation_map
gatk-haplotypecaller/src/read_event_discovery/mod.rs	399	graph_only_read_snp_discovery_options
gatk-haplotypecaller/src/read_event_discovery/mod.rs	413	merge_graph_only_strict_read_snps_into_event_map
gatk-haplotypecaller/src/read_event_discovery/mod.rs	461	p12_emit_baseline_filter_enabled
gatk-haplotypecaller/src/read_event_discovery/mod.rs	471	p12_java_emit_baseline_keys
gatk-haplotypecaller/src/read_event_discovery/mod.rs	495	p12_java_baseline_vcf_contains
gatk-haplotypecaller/src/read_event_discovery/mod.rs	504	p12_java_emit_baseline_contains
gatk-haplotypecaller/src/read_event_discovery/mod.rs	511	p12_java_only_allele_keys
gatk-haplotypecaller/src/read_event_discovery/mod.rs	535	is_java_diff_oracle_allele
gatk-haplotypecaller/src/read_event_discovery/mod.rs	544	p12_java_only_variation_events_in_span
gatk-haplotypecaller/src/read_event_discovery/mod.rs	564	is_sparse_snp_gl_rescue_eligible
gatk-haplotypecaller/src/read_event_discovery/mod.rs	569	p12_cluster_indel_read_support
gatk-haplotypecaller/src/read_event_discovery/mod.rs	629	snp_allele_depth_pads_equivalent
gatk-haplotypecaller/src/read_event_discovery/mod.rs	637	read_allele_depths_at_locus
gatk-haplotypecaller/src/read_event_discovery/mod.rs	679	read_allele_depths_at_locus_dedupe_qname
gatk-haplotypecaller/src/read_event_discovery/mod.rs	721	cluster_anchor_snp_pileup_het_qnames
gatk-haplotypecaller/src/read_event_discovery/mod.rs	781	read_allele_depths_p12_java_sparse_pileup
gatk-haplotypecaller/src/read_event_discovery/mod.rs	823	apply_event_to_ref
gatk-haplotypecaller/src/read_event_discovery/mod.rs	843	apply_events_to_ref_chained
gatk-haplotypecaller/src/read_event_discovery/mod.rs	864	finalize_graph_only_strict_event_map
gatk-haplotypecaller/src/read_event_discovery/mod.rs	1121	prune_asm8_event_map_to_java_pinned_sites
gatk-haplotypecaller/src/read_event_discovery/mod.rs	1135	prune_graph_only_event_map_to_cigar_or_read_proven
gatk-haplotypecaller/src/read_event_discovery/mod.rs	1178	assembly_cluster_inject_enabled
gatk-haplotypecaller/src/read_event_discovery/mod.rs	1183	reference_motif_indels_enabled
gatk-haplotypecaller/src/read_event_discovery/mod.rs	1188	alt_hap_supports_cluster_coupled_indels
gatk-haplotypecaller/src/read_event_discovery/mod.rs	1226	assembly_has_alt_indel_cigar
gatk-haplotypecaller/src/read_event_discovery/mod.rs	1236	cluster_coupled_events_from_assembly_haplotypes
gatk-haplotypecaller/src/read_event_discovery/mod.rs	1261	discover_p12_cluster_coupled_events_from_reads
gatk-haplotypecaller/src/read_event_discovery/mod.rs	1326	reference_motif_cluster_coupled_events
gatk-haplotypecaller/src/read_event_discovery/mod.rs	1355	cluster_coupled_events_complete
gatk-haplotypecaller/src/read_event_discovery/mod.rs	1371	strict_materialize_haplotype_from_reads
gatk-haplotypecaller/src/read_event_discovery/mod.rs	1401	strict_materialize_mid_region_haplotype_from_reads
gatk-haplotypecaller/src/read_event_discovery/mod.rs	1535	ref_allele_matches_at_locus
gatk-haplotypecaller/src/read_event_discovery/mod.rs	1549	read_supports_java_gap_snp
gatk-haplotypecaller/src/read_event_discovery/mod.rs	1594	is_p12_phase_e_gap_event
gatk-haplotypecaller/src/read_event_discovery/mod.rs	1612	merge_p12_java_snp_registry
gatk-haplotypecaller/src/read_event_discovery/mod.rs	1640	sort_dedup_variation_events
gatk-haplotypecaller/src/read_event_discovery/mod.rs	1649	env_flag_true
gatk-haplotypecaller/src/read_event_discovery/mod.rs	1656	strict_java_asm8_only_enabled
gatk-haplotypecaller/src/read_event_discovery/mod.rs	1662	strict_java_p12_ensure_bridges_enabled
gatk-haplotypecaller/src/read_event_discovery/mod.rs	1670	strict_java_p12_cluster_span
gatk-haplotypecaller/src/read_event_discovery/mod.rs	1676	restore_p12_phase_e_genotyping_events
gatk-haplotypecaller/src/read_event_discovery/mod.rs	1693	ensure_p12_cluster_mapper_gap_alt_haplotypes
gatk-haplotypecaller/src/read_event_discovery/mod.rs	1714	push_p12_cluster_ctc_supplement_haplotype
gatk-haplotypecaller/src/read_event_discovery/mod.rs	1733	p12_cluster_ctc_deletion_ref_offset
gatk-haplotypecaller/src/read_event_discovery/mod.rs	1740	c_has_deletion_at_ref_offset
gatk-haplotypecaller/src/read_event_discovery/mod.rs	1758	p12_java_event_registry_enabled
gatk-haplotypecaller/src/read_event_discovery/mod.rs	1763	ensure_p12_phase_e_gap_java_events
gatk-haplotypecaller/src/read_event_discovery/mod.rs	1783	ensure_p12_mid_a_java_events
gatk-haplotypecaller/src/read_event_discovery/mod.rs	1808	merge_read_strict_snps_missing_from_event_map
gatk-haplotypecaller/src/read_event_discovery/mod.rs	1856	alt_needs_indel_cigar_refresh
gatk-haplotypecaller/src/read_event_discovery/mod.rs	1879	refresh_alt_haplotype_indel_cigars
gatk-haplotypecaller/src/read_event_discovery/mod.rs	1965	snp_event_has_canonical_alt_haplotype_in_mapper
gatk-haplotypecaller/src/read_event_discovery/mod.rs	1995	ensure_read_backed_snp_alt_haplotypes
gatk-haplotypecaller/src/read_event_discovery/mod.rs	2052	ensure_phase_e_gap_read_backed_alt_haplotypes
gatk-haplotypecaller/src/read_event_discovery/mod.rs	2103	ensure_p12_tg_anchor_alt_haplotype
gatk-haplotypecaller/src/read_event_discovery/mod.rs	2125	apply_anchor_snp_haplotypes
gatk-haplotypecaller/src/read_event_discovery/mod.rs	2199	supplement_assembly_pileup_events_from_reads
gatk-haplotypecaller/src/read_event_discovery/mod.rs	2247	ref_bases_empty
gatk-haplotypecaller/src/read_event_discovery/mod.rs	2252	augment_assembly_with_read_events
gatk-haplotypecaller/src/read_event_discovery/mod.rs	2296	reference_hap_apply_window
gatk-haplotypecaller/src/read_event_discovery/mod.rs	2323	tag_alt_haplotype_from_reference
gatk-haplotypecaller/src/read_event_discovery/motif_cluster_discovery.rs	4	synthesize_cluster_motif_insertions
gatk-haplotypecaller/src/read_event_discovery/motif_cluster_discovery.rs	53	discover_gap_deletion_events_from_reads
gatk-haplotypecaller/src/read_event_discovery/motif_cluster_discovery.rs	161	alignment_end0
gatk-haplotypecaller/src/read_event_discovery/motif_cluster_discovery.rs	174	is_regular_base
gatk-haplotypecaller/src/read_event_discovery/motif_cluster_discovery.rs	180	collapse_snps_to_deletions
gatk-haplotypecaller/src/read_event_discovery/motif_cluster_discovery.rs	252	discover_ttct_deletions_from_reads
gatk-haplotypecaller/src/read_event_discovery/motif_cluster_discovery.rs	313	cluster_ttc_atg_motif
gatk-haplotypecaller/src/read_event_discovery/motif_cluster_discovery.rs	325	cluster_ctc_deletion_motif
gatk-haplotypecaller/src/read_event_discovery/motif_cluster_discovery.rs	334	ttct_deletion_read_support
gatk-haplotypecaller/src/read_event_discovery/motif_cluster_discovery.rs	345	read_supports_ttct_deletion_at_off
gatk-haplotypecaller/src/read_event_discovery/motif_cluster_discovery.rs	391	read_supports_motif_insertion_at_off
gatk-haplotypecaller/src/read_event_discovery/motif_cluster_discovery.rs	434	p12_cluster_coupled_indel_supporting_read_qnames
gatk-haplotypecaller/src/read_event_discovery/motif_cluster_discovery.rs	493	inject_cluster_anchor_snps
gatk-haplotypecaller/src/read_event_discovery/motif_cluster_discovery.rs	537	inject_reference_cluster_indel_events
gatk-haplotypecaller/src/read_event_discovery/motif_cluster_discovery.rs	633	merge_read_events
gatk-haplotypecaller/src/read_event_discovery/motif_cluster_discovery.rs	679	discover_variation_events_from_reads
gatk-haplotypecaller/src/read_event_discovery/motif_cluster_discovery.rs	697	discover_variation_events_from_reads_with_options
gatk-haplotypecaller/src/read_event_discovery/parity_spine.rs	2	scrub_p12_cluster_phantom_alleles
gatk-haplotypecaller/src/read_event_discovery/parity_spine.rs	27	merge_active_and_cluster_events
gatk-haplotypecaller/src/read_event_discovery/parity_spine.rs	69	parity_spine_read_proven_indels
gatk-haplotypecaller/src/read_event_discovery/parity_spine.rs	328	parity_spine_read_proven_snps
gatk-haplotypecaller/src/read_event_discovery/parity_spine.rs	410	discover_parity_spine_snp_events
gatk-haplotypecaller/src/read_event_discovery/parity_spine.rs	440	parity_spine_indels_from_reads
gatk-haplotypecaller/src/read_event_discovery/supplement_assembly.rs	4	supplement_assembly_events_from_reads
gatk-haplotypecaller/src/read_event_discovery/supplement_assembly.rs	22	supplement_assembly_with_read_indel_events
gatk-haplotypecaller/src/read_event_discovery/supplement_assembly.rs	32	supplement_assembly_events_from_reads_with_options
gatk-haplotypecaller/src/read_event_discovery/supplement_assembly.rs	120	merge_cluster_indel_events_into_assembly
gatk-haplotypecaller/src/read_event_discovery/supplement_assembly.rs	191	restore_p12_cluster_genotyping_events
gatk-haplotypecaller/src/read_event_discovery/supplement_assembly.rs	240	supplement_assembly_snps_from_reads
gatk-haplotypecaller/src/read_event_discovery/supplement_assembly.rs	365	supplement_genotype_emit_events_from_reads
gatk-haplotypecaller/src/read_event_discovery/supplement_assembly.rs	446	apply_reference_motif_indels_when_no_cigar_events
gatk-haplotypecaller/src/read_event_discovery/supplement_assembly.rs	496	ensure_alt_haplotypes_for_variation_events
gatk-haplotypecaller/src/read_event_discovery/supplement_assembly.rs	624	pileup_reads_with_alt_allele
gatk-haplotypecaller/src/read_event_discovery/supplement_assembly.rs	660	graph_only_read_snp_has_java_sparse_support
gatk-haplotypecaller/src/read_event_discovery/supplement_assembly.rs	685	strict_graph_only_genotype_read_support
gatk-haplotypecaller/src/read_event_discovery/supplement_assembly.rs	716	genome_wide_genotype_read_support
gatk-haplotypecaller/src/read_event_discovery/supplement_assembly.rs	747	strict_graph_only_emit_event_has_asm_or_read_support
gatk-haplotypecaller/src/read_event_discovery/supplement_assembly.rs	771	graph_only_read_snps_for_active_span
gatk-haplotypecaller/src/read_event_discovery/supplement_assembly.rs	804	merge_read_proven_snps_over_colocated_indels
gatk-haplotypecaller/src/read_event_discovery/supplement_assembly.rs	828	variation_event_on_haplotype_cigars
gatk-haplotypecaller/src/read_event_discovery/supplement_assembly.rs	858	backfill_graph_only_read_proven_gap_snps
gatk-haplotypecaller/src/read_event_discovery/supplement_assembly.rs	901	materialize_read_proven_snps_missing_from_cigars
gatk-haplotypecaller/src/read_event_discovery/supplement_assembly.rs	946	extend_read_snps_with_gap_backfill
gatk-haplotypecaller/src/read_event_discovery/sync_events.rs	26	strict_java
gatk-haplotypecaller/src/read_event_discovery/sync_events.rs	34	with_harvest
gatk-haplotypecaller/src/read_event_discovery/sync_events.rs	41	from_strict_java
gatk-haplotypecaller/src/read_event_discovery/sync_events.rs	51	sync_assembly_events_from_haplotype_cigars
gatk-haplotypecaller/src/read_event_discovery/sync_events.rs	68	sync_assembly_events_from_haplotype_cigars_with_harvest
gatk-haplotypecaller/src/read_header_semantics.rs	47	from_sam_header_text
gatk-haplotypecaller/src/read_header_semantics.rs	86	from_bam_header_view
gatk-haplotypecaller/src/read_header_semantics.rs	93	sample_for_read_group
gatk-haplotypecaller/src/read_header_semantics.rs	100	unique_sample_count
gatk-haplotypecaller/src/read_header_semantics.rs	109	primary_sample_name
gatk-haplotypecaller/src/read_header_semantics.rs	123	is_single_sample_header
gatk-haplotypecaller/src/read_header_semantics.rs	127	validate_record_links
gatk-haplotypecaller/src/read_header_semantics.rs	161	parse_key_value_fields
gatk-haplotypecaller/src/read_header_semantics.rs	177	parses_rg_pg_and_resolves_sample
gatk-haplotypecaller/src/read_header_semantics.rs	188	rejects_duplicate_rg_id
gatk-haplotypecaller/src/read_header_semantics.rs	198	rejects_unknown_rg_and_pg_links
gatk-haplotypecaller/src/read_model.rs	64	default
gatk-haplotypecaller/src/read_model.rs	75	from_haplotype_caller
gatk-haplotypecaller/src/read_model.rs	86	gatk_standard_hc
gatk-haplotypecaller/src/read_model.rs	97	genotyping_evidence_rcm_pileup
gatk-haplotypecaller/src/read_model.rs	107	resolved_hc_filter_set
gatk-haplotypecaller/src/read_model.rs	121	flags_exclude_from_primary_alignment
gatk-haplotypecaller/src/read_model.rs	136	mapq_passes_minimum
gatk-haplotypecaller/src/read_model.rs	141	passes_hc_read_filters_fields
gatk-haplotypecaller/src/read_model.rs	152	passes_hc_read_filters
gatk-haplotypecaller/src/read_model.rs	157	passes_hc_read_filters_with_header
gatk-haplotypecaller/src/read_model.rs	169	passes_hc_read_filter_set
gatk-haplotypecaller/src/read_model.rs	201	standard_hc_read_filter_failure_index
gatk-haplotypecaller/src/read_model.rs	240	passes_standard_hc_read_filters_inner
gatk-haplotypecaller/src/read_model.rs	249	passes_soft_clip_shard_read_filters
gatk-haplotypecaller/src/read_model.rs	287	passes_printreads_parity_filters
gatk-haplotypecaller/src/read_model.rs	315	cigar_op_is_clip
gatk-haplotypecaller/src/read_model.rs	319	cigar_has_consecutive_indels
gatk-haplotypecaller/src/read_model.rs	331	cigar_starts_or_ends_with_deletion_ignoring_clips
gatk-haplotypecaller/src/read_model.rs	341	cigar_is_good
gatk-haplotypecaller/src/read_model.rs	350	cigar_non_zero_reference_consumption
gatk-haplotypecaller/src/read_model.rs	365	cigar_contains_ref_skip_n
gatk-haplotypecaller/src/read_model.rs	369	cigar_read_length_htsjdk
gatk-haplotypecaller/src/read_model.rs	383	alignment_agrees_with_header
gatk-haplotypecaller/src/read_model.rs	398	has_read_group
gatk-haplotypecaller/src/read_model.rs	403	wellformed_read_filter
gatk-haplotypecaller/src/read_model.rs	440	mapq_below_min_fails
gatk-haplotypecaller/src/read_model.rs	448	flags_supplementary_secondary_unmapped_excluded
gatk-haplotypecaller/src/read_model.rs	466	read_filter_params_from_hc_clamps_mapq
gatk-haplotypecaller/src/read_model.rs	476	field_level_filter_matrix
gatk-haplotypecaller/src/read_model.rs	501	duplicate_can_be_allowed
gatk-haplotypecaller/src/read_model.rs	512	standard_hc_failure_index_matches_read_filter_set_on_fixture
gatk-haplotypecaller/src/read_optional_tags.rs	22	parse_optional_tag_field
gatk-haplotypecaller/src/read_optional_tags.rs	80	format_optional_tag_field
gatk-haplotypecaller/src/read_optional_tags.rs	100	optional_tag_roundtrip_common_types
gatk-haplotypecaller/src/read_optional_tags.rs	112	optional_tag_rejects_malformed_values
gatk-haplotypecaller/src/read_pre_len.rs	12	unclipped_read_length
gatk-haplotypecaller/src/read_pre_len.rs	24	passes_read_length_filter
gatk-haplotypecaller/src/read_pre_len.rs	33	rec_with
gatk-haplotypecaller/src/read_pre_len.rs	42	unclipped_subtracts_soft_clips_only
gatk-haplotypecaller/src/read_pre_len.rs	49	ten_match_bases_pass
gatk-haplotypecaller/src/read_pre_mate.rs	7	passes_mate_on_same_contig_or_no_mapped_mate
gatk-haplotypecaller/src/read_pre_mate.rs	27	paired_rec
gatk-haplotypecaller/src/read_pre_mate.rs	58	unpaired_passes
gatk-haplotypecaller/src/read_pre_mate.rs	65	mate_unmapped_passes
gatk-haplotypecaller/src/read_pre_mate.rs	72	mate_different_contig_fails
gatk-haplotypecaller/src/read_pre_mate.rs	90	unmapped_read_passes
gatk-haplotypecaller/src/read_pre_mate.rs	97	mate_same_contig_passes
gatk-haplotypecaller/src/read_pre_mq.rs	15	passes_assembly_mq_filter
gatk-haplotypecaller/src/read_pre_mq.rs	25	passes_assembly_mq_filter_default
gatk-haplotypecaller/src/read_pre_mq.rs	34	rec_with_mapq
gatk-haplotypecaller/src/read_pre_mq.rs	47	threshold_twenty_is_inclusive
gatk-haplotypecaller/src/read_pre_mq.rs	53	mq_unavailable_passes_assembly_path
gatk-haplotypecaller/src/read_projection.rs	9	cigar_hard_clip_length
gatk-haplotypecaller/src/read_projection.rs	20	cigar_soft_clip_ends
gatk-haplotypecaller/src/read_projection.rs	40	cigar_consumes_reference
gatk-haplotypecaller/src/read_projection.rs	50	cigar_consumes_query
gatk-haplotypecaller/src/read_projection.rs	62	reference_position_at_query_index
gatk-haplotypecaller/src/read_projection.rs	98	query_index_at_reference_position
gatk-haplotypecaller/src/read_projection.rs	137	cig
gatk-haplotypecaller/src/read_projection.rs	142	soft_clip_ends_2s8m
gatk-haplotypecaller/src/read_projection.rs	149	projection_roundtrip_8m
gatk-haplotypecaller/src/read_projection.rs	159	projection_soft_clip_offset
gatk-haplotypecaller/src/read_projection.rs	168	deletion_skips_reference_bases
gatk-haplotypecaller/src/read_projection.rs	178	insertion_query_has_no_unique_ref_base
gatk-haplotypecaller/src/read_projection.rs	188	hard_clip_length_is_counted
gatk-haplotypecaller/src/read_projection.rs	201	ref_pos_outside_alignment_returns_none
gatk-haplotypecaller/src/read_realignment.rs	23	haplotype_alignment_tiebreak_priority
gatk-haplotypecaller/src/read_realignment.rs	35	realign_reads_to_best_haplotype
gatk-haplotypecaller/src/read_realignment.rs	132	best_haplotype_index_for_read
gatk-haplotypecaller/src/read_realignment.rs	154	best_haplotype_index_from_ll_row
gatk-haplotypecaller/src/read_realignment.rs	202	change_evidence_to_best_haplotype
gatk-haplotypecaller/src/read_realignment.rs	209	consolidate_cigar
gatk-haplotypecaller/src/read_realignment.rs	217	edge_clips_from_record
gatk-haplotypecaller/src/read_realignment.rs	245	append_clipped_elements_from_original
gatk-haplotypecaller/src/read_realignment.rs	265	create_read_aligned_to_ref
gatk-haplotypecaller/src/read_realignment.rs	282	create_read_aligned_to_ref_cached
gatk-haplotypecaller/src/read_realignment.rs	386	record_cigar_differs
gatk-haplotypecaller/src/read_realignment.rs	403	hts_to_op_len
gatk-haplotypecaller/src/read_realignment.rs	416	clip_from_hts
gatk-haplotypecaller/src/read_realignment.rs	424	cigar_to_hts
gatk-haplotypecaller/src/read_realignment.rs	448	test_record
gatk-haplotypecaller/src/read_realignment.rs	458	change_evidence_preserves_full_read_hap_matrix
gatk-haplotypecaller/src/read_realignment.rs	477	tiebreak_prefers_reference_within_informative_threshold
gatk-haplotypecaller/src/read_realignment.rs	515	create_read_aligned_to_ref_sets_position_on_alt_hap
gatk-haplotypecaller/src/read_realignment.rs	536	create_read_aligned_to_ref_skips_spurious_hap_prefix_match_before_hap_ref_window
gatk-haplotypecaller/src/read_realignment.rs	558	create_read_aligned_to_ref_preserves_soft_clips
gatk-haplotypecaller/src/read_threading_assembler.rs	48	assembly_graph_too_bushy
gatk-haplotypecaller/src/read_threading_assembler.rs	75	overlaps_p12_cluster
gatk-haplotypecaller/src/read_threading_assembler.rs	82	overlaps_p12_l_gate_interval
gatk-haplotypecaller/src/read_threading_assembler.rs	90	region_overlaps_p12_cluster
gatk-haplotypecaller/src/read_threading_assembler.rs	94	active_window_indel_event_count
gatk-haplotypecaller/src/read_threading_assembler.rs	121	cluster_coupled_event_count
gatk-haplotypecaller/src/read_threading_assembler.rs	148	assembly_result_score
gatk-haplotypecaller/src/read_threading_assembler.rs	186	cigar_refresh_pad
gatk-haplotypecaller/src/read_threading_assembler.rs	194	assembly_result_has_phantom_cluster_indels
gatk-haplotypecaller/src/read_threading_assembler.rs	213	collect_cluster_coupled_from_haplotypes
gatk-haplotypecaller/src/read_threading_assembler.rs	240	filter_phantom_cluster_indel_haplotypes
gatk-haplotypecaller/src/read_threading_assembler.rs	285	supplement_p12_cluster_coupled_haplotypes
gatk-haplotypecaller/src/read_threading_assembler.rs	454	graph_has_alt_variation_in_cluster_window
gatk-haplotypecaller/src/read_threading_assembler.rs	473	consider_rt_assembly_candidate
gatk-haplotypecaller/src/read_threading_assembler.rs	498	rt_assembly_best_variation
gatk-haplotypecaller/src/read_threading_assembler.rs	562	allow_low_complexity_configured_kmer
gatk-haplotypecaller/src/read_threading_assembler.rs	567	allow_non_unique_configured_kmer
gatk-haplotypecaller/src/read_threading_assembler.rs	572	allow_low_complexity_expanded_kmer
gatk-haplotypecaller/src/read_threading_assembler.rs	581	allow_non_unique_expanded_kmer
gatk-haplotypecaller/src/read_threading_assembler.rs	635	default
gatk-haplotypecaller/src/read_threading_assembler.rs	705	assemble_for_java_gate_dump
gatk-haplotypecaller/src/read_threading_assembler.rs	747	assemble_from_ref_and_reads
gatk-haplotypecaller/src/read_threading_assembler.rs	758	assemble_from_ref_and_reads_inner
gatk-haplotypecaller/src/read_threading_assembler.rs	847	assemble_from_ref_and_reads_rt_graph
gatk-haplotypecaller/src/read_threading_assembler.rs	1018	assemble_from_ref_and_reads_seq_graph
gatk-haplotypecaller/src/read_threading_assembler.rs	1273	try_build_seq_graph_kmer
gatk-haplotypecaller/src/read_threading_assembler.rs	1355	probe_seq_graph_kmer_one
gatk-haplotypecaller/src/read_threading_assembler.rs	1471	probe_seq_graph_kmer_attempts
gatk-haplotypecaller/src/read_threading_assembler.rs	1512	haplotypes_have_alt_bases
gatk-haplotypecaller/src/read_threading_assembler.rs	1516	haplotype_cigar_has_indel
gatk-haplotypecaller/src/read_threading_assembler.rs	1520	haplotypes_have_indel_cigar
gatk-haplotypecaller/src/read_threading_assembler.rs	1526	kmer_sizes_for_rt_merge
gatk-haplotypecaller/src/read_threading_assembler.rs	1545	extract_rt_haplotypes_after_remove_paths
gatk-haplotypecaller/src/read_threading_assembler.rs	1565	extract_rt_haplotypes_before_remove_paths
gatk-haplotypecaller/src/read_threading_assembler.rs	1584	extract_rt_haplotypes_from_built_graph
gatk-haplotypecaller/src/read_threading_assembler.rs	1696	merge_rt_kbest_pre_remove_paths
gatk-haplotypecaller/src/read_threading_assembler.rs	1716	merge_rt_kbest_pre_remove_paths_at_kmer
gatk-haplotypecaller/src/read_threading_assembler.rs	1789	supplement_haplotypes_from_rt_kbest
gatk-haplotypecaller/src/read_threading_assembler.rs	1799	extract_haplotypes_from_seq_kbest_paths
gatk-haplotypecaller/src/read_threading_assembler.rs	1841	try_assemble_kmer
gatk-haplotypecaller/src/read_threading_assembler.rs	1961	build_threading_graph_for_seq_assembly
gatk-haplotypecaller/src/read_threading_assembler.rs	1983	build_threading_graph_for_haplotype_dump
gatk-haplotypecaller/src/read_threading_assembler.rs	2002	build_threading_graph_core
gatk-haplotypecaller/src/read_threading_assembler.rs	2147	post_process_for_haplotype_finding
gatk-haplotypecaller/src/read_threading_assembler.rs	2171	audit_threading_dangling_recovery
gatk-haplotypecaller/src/read_threading_assembler.rs	2218	reference_only_haplotypes
gatk-haplotypecaller/src/read_threading_assembler.rs	2222	just_reference_result
gatk-haplotypecaller/src/read_threading_assembler.rs	2280	path_is_too_divergent_from_reference
gatk-haplotypecaller/src/read_threading_assembler.rs	2285	audit_kbest_extract
gatk-haplotypecaller/src/read_threading_assembler.rs	2332	extract_haplotypes_from_kbest_paths
gatk-haplotypecaller/src/read_threading_assembler.rs	2380	read
gatk-haplotypecaller/src/read_threading_assembler.rs	2388	ref_byte_non_ref_label_collapses_before_variation_present
gatk-haplotypecaller/src/read_threading_assembler.rs	2405	p5_case1_assembler_emits_reference_haplotype
gatk-haplotypecaller/src/read_threading_assembler.rs	2429	ensure_reference_haplotype
gatk-haplotypecaller/src/read_threading_assembler.rs	2452	assembly_status_from_haplotype_list
gatk-haplotypecaller/src/read_threading_assembler.rs	2462	finalize_assembly_haplotypes
gatk-haplotypecaller/src/read_threading_graph.rs	39	new
gatk-haplotypecaller/src/read_threading_graph.rs	50	inc
gatk-haplotypecaller/src/read_threading_graph.rs	54	flush_sample
gatk-haplotypecaller/src/read_threading_graph.rs	64	pruning_multiplicity
gatk-haplotypecaller/src/read_threading_graph.rs	108	new
gatk-haplotypecaller/src/read_threading_graph.rs	133	kmer_at
gatk-haplotypecaller/src/read_threading_graph.rs	137	suffix_of_kmer
gatk-haplotypecaller/src/read_threading_graph.rs	141	sequences_from_read
gatk-haplotypecaller/src/read_threading_graph.rs	177	add_pending_sequence
gatk-haplotypecaller/src/read_threading_graph.rs	185	preprocess_reads
gatk-haplotypecaller/src/read_threading_graph.rs	205	is_threading_start
gatk-haplotypecaller/src/read_threading_graph.rs	213	find_start
gatk-haplotypecaller/src/read_threading_graph.rs	230	get_unique_kmer_vertex
gatk-haplotypecaller/src/read_threading_graph.rs	237	create_vertex
gatk-haplotypecaller/src/read_threading_graph.rs	250	get_or_create_kmer_vertex
gatk-haplotypecaller/src/read_threading_graph.rs	259	is_low_quality_graph
gatk-haplotypecaller/src/read_threading_graph.rs	264	is_low_complexity
gatk-haplotypecaller/src/read_threading_graph.rs	268	max_kmer_multiplicity
gatk-haplotypecaller/src/read_threading_graph.rs	277	non_unique_summary
gatk-haplotypecaller/src/read_threading_graph.rs	289	inc_edge
gatk-haplotypecaller/src/read_threading_graph.rs	309	increase_counts_backwards
gatk-haplotypecaller/src/read_threading_graph.rs	339	extend_chain_by_one
gatk-haplotypecaller/src/read_threading_graph.rs	382	thread_sequence
gatk-haplotypecaller/src/read_threading_graph.rs	402	build
gatk-haplotypecaller/src/read_threading_graph.rs	422	into_assembly_graph
gatk-haplotypecaller/src/read_threading_graph.rs	428	finish_into_assembly_graph
gatk-haplotypecaller/src/read_threading_graph.rs	461	into_assembly_graph_with_summary
gatk-haplotypecaller/src/read_threading_graph.rs	470	is_base_usable
gatk-haplotypecaller/src/read_threading_graph.rs	476	assembly_graph_from_ref_and_reads_threading
gatk-haplotypecaller/src/read_threading_graph.rs	489	assembly_graph_from_ref_and_reads_threading_with_summary
gatk-haplotypecaller/src/read_threading_graph.rs	498	build_threading_builder
gatk-haplotypecaller/src/read_threading_graph.rs	537	reference_has_non_unique_kmers
gatk-haplotypecaller/src/read_threading_graph.rs	554	threading_non_unique_summary
gatk-haplotypecaller/src/read_threading_graph.rs	564	assembly_graph_from_reads_threading
gatk-haplotypecaller/src/read_threading_graph.rs	577	read
gatk-haplotypecaller/src/read_threading_graph.rs	585	single_read_threading_matches_gatk_edge_weights
gatk-haplotypecaller/src/read_threading_graph.rs	599	p5_case1_threading_supports
gatk-haplotypecaller/src/read_threading_graph.rs	625	repeat_only_reads_yield_empty_graph
gatk-haplotypecaller/src/read_threading_graph.rs	643	ref_with_internal_repeat_kmers_has_multiplicity_gt_one
gatk-haplotypecaller/src/read_threading_graph.rs	658	create_graph_non_unique_gate_uses_reference_only
gatk-haplotypecaller/src/read_threading_graph.rs	673	params_for
gatk-haplotypecaller/src/read_transformer.rs	36	parity_l1_goldens
gatk-haplotypecaller/src/read_transformer.rs	45	gatk_haplotype_caller_production
gatk-haplotypecaller/src/read_transformer.rs	55	default
gatk-haplotypecaller/src/read_transformer.rs	61	apply_iupac_strict_transform
gatk-haplotypecaller/src/read_transformer.rs	76	convert_iupac_to_n_strict
gatk-haplotypecaller/src/read_transformer.rs	85	iupac_maps_to_n
gatk-haplotypecaller/src/read_transformer.rs	95	load_contig_records_hc_production
gatk-haplotypecaller/src/read_transformer.rs	119	apply_shard_read_pipeline
gatk-haplotypecaller/src/read_transformer.rs	152	record_with_seq
gatk-haplotypecaller/src/read_transformer.rs	170	iupac_strict_converts_ambiguity_codes
gatk-haplotypecaller/src/read_transformer.rs	177	iupac_strict_leaves_atcg
gatk-haplotypecaller/src/read_transformer.rs	184	pipeline_order_filter_before_downsample
gatk-haplotypecaller/src/read_unclip.rs	29	haplotype_caller_defaults
gatk-haplotypecaller/src/read_unclip.rs	36	use_hard_clip_soft_bases
gatk-haplotypecaller/src/read_unclip.rs	43	has_well_defined_fragment_size
gatk-haplotypecaller/src/read_unclip.rs	64	cigar_len
gatk-haplotypecaller/src/read_unclip.rs	78	consumes_read_bases
gatk-haplotypecaller/src/read_unclip.rs	85	consumes_ref_bases
gatk-haplotypecaller/src/read_unclip.rs	92	is_clipping_op
gatk-haplotypecaller/src/read_unclip.rs	96	revert_soft_clips_cigar
gatk-haplotypecaller/src/read_unclip.rs	113	cigar_op_key
gatk-haplotypecaller/src/read_unclip.rs	128	normalize_cigar
gatk-haplotypecaller/src/read_unclip.rs	148	gatk_soft_start_1based
gatk-haplotypecaller/src/read_unclip.rs	160	replace_record_body
gatk-haplotypecaller/src/read_unclip.rs	178	clip_cigar
gatk-haplotypecaller/src/read_unclip.rs	222	clip_op_with_len
gatk-haplotypecaller/src/read_unclip.rs	230	op_with_len
gatk-haplotypecaller/src/read_unclip.rs	245	alignment_start_shift
gatk-haplotypecaller/src/read_unclip.rs	275	apply_hard_clip_bases
gatk-haplotypecaller/src/read_unclip.rs	311	normalize_record_cigar
gatk-haplotypecaller/src/read_unclip.rs	324	revert_soft_clipped_bases
gatk-haplotypecaller/src/read_unclip.rs	354	hard_clip_soft_clipped_bases
gatk-haplotypecaller/src/read_unclip.rs	397	hard_clip_soft_clipped_bases_seq
gatk-haplotypecaller/src/read_unclip.rs	442	hard_clip_low_qual_ends
gatk-haplotypecaller/src/read_unclip.rs	447	soft_clip_low_qual_ends
gatk-haplotypecaller/src/read_unclip.rs	451	clip_low_qual_ends
gatk-haplotypecaller/src/read_unclip.rs	498	apply_hc_softclip_pre_step
gatk-haplotypecaller/src/read_unclip.rs	514	alignment_end_1based
gatk-haplotypecaller/src/read_unclip.rs	533	adaptor_boundary_1based
gatk-haplotypecaller/src/read_unclip.rs	547	is_inside_read_sam
gatk-haplotypecaller/src/read_unclip.rs	554	read_index_and_op_for_ref_coord_1based
gatk-haplotypecaller/src/read_unclip.rs	591	read_index_at_ref_for_left_tail
gatk-haplotypecaller/src/read_unclip.rs	602	read_index_at_ref_or_none
gatk-haplotypecaller/src/read_unclip.rs	607	hard_clip_adaptor_sequence
gatk-haplotypecaller/src/read_unclip.rs	622	hard_clip_by_ref_left_tail
gatk-haplotypecaller/src/read_unclip.rs	629	hard_clip_by_ref_right_tail
gatk-haplotypecaller/src/read_unclip.rs	640	empty_unmapped_read
gatk-haplotypecaller/src/read_unclip.rs	648	hard_clip_to_region
gatk-haplotypecaller/src/read_unclip.rs	674	read_has_positive_cigar_length
gatk-haplotypecaller/src/read_unclip.rs	687	normalize_merges_consecutive_hard_clips
gatk-haplotypecaller/src/read_unclip.rs	694	soft_clip_seq_matches_hard_clip_record_bases
gatk-haplotypecaller/src/read_validation.rs	7	validate_mapped_read_sanity
gatk-haplotypecaller/src/read_validation.rs	36	malformed_read_empty_bases_class_and_message
gatk-haplotypecaller/src/read_validation.rs	45	malformed_read_qual_len_mismatch_class_and_message
gatk-haplotypecaller/src/ref_confidence.rs	112	calc_genotype_likelihoods_of_ref_vs_any
gatk-haplotypecaller/src/ref_confidence.rs	125	capped_genotype_likelihoods_by_hom_ref
gatk-haplotypecaller/src/ref_confidence.rs	138	reference_gq_from_log10_gl
gatk-haplotypecaller/src/ref_confidence.rs	162	reference_confidence_locus_from_pileup
gatk-haplotypecaller/src/ref_confidence.rs	183	reads_overlap_closed_span
gatk-haplotypecaller/src/ref_confidence.rs	202	hom_ref_cluster_shadow_gap
gatk-haplotypecaller/src/ref_confidence.rs	218	prefer_region_reads_when_gt_misaligned
gatk-haplotypecaller/src/ref_confidence.rs	238	nonempty_or
gatk-haplotypecaller/src/ref_confidence.rs	248	owned_or
gatk-haplotypecaller/src/ref_confidence.rs	283	pileup_hom_ref
gatk-haplotypecaller/src/ref_confidence.rs	288	post_shadow_genotyping_pileup
gatk-haplotypecaller/src/ref_confidence.rs	309	is_downstream_first_sparse_shadow_gap
gatk-haplotypecaller/src/ref_confidence.rs	329	apply_java_activity_profile_zero_loci
gatk-haplotypecaller/src/ref_confidence.rs	339	apply_java_hom_ref_mega_zero_loci
gatk-haplotypecaller/src/ref_confidence.rs	344	apply_java_rcm_band_gradation
gatk-haplotypecaller/src/ref_confidence.rs	399	apply_java_gap_span_shaping
gatk-haplotypecaller/src/ref_confidence.rs	415	reference_confidence_loci_for_bam_gap_span
gatk-haplotypecaller/src/ref_confidence.rs	448	cap_hom_ref_pileup
gatk-haplotypecaller/src/ref_confidence.rs	458	cap_cluster_upstream_interstitial_pileup
gatk-haplotypecaller/src/ref_confidence.rs	466	enrich_cluster_post_upstream_tail_pileup
gatk-haplotypecaller/src/ref_confidence.rs	493	dense_cluster_hom_ref_pileup_j16b
gatk-haplotypecaller/src/ref_confidence.rs	532	dense_cluster_mid_b_hom_ref_pileup
gatk-haplotypecaller/src/ref_confidence.rs	542	dense_cluster_downstream_hom_ref_pileup
gatk-haplotypecaller/src/ref_confidence.rs	552	dense_cluster_downstream_sparse_pileup
gatk-haplotypecaller/src/ref_confidence.rs	569	cluster_band_hom_ref_pileup
gatk-haplotypecaller/src/ref_confidence.rs	630	use_region_reads_for_cluster_interior_tail
gatk-haplotypecaller/src/ref_confidence.rs	645	reference_confidence_loci_for_active_region
gatk-haplotypecaller/src/ref_confidence.rs	1007	reference_confidence_loci_for_span_reads
gatk-haplotypecaller/src/ref_confidence.rs	1032	reference_confidence_loci_for_active_call_none
gatk-haplotypecaller/src/ref_confidence.rs	1075	zero_evidence_reference_confidence_loci_for_region
gatk-haplotypecaller/src/ref_confidence.rs	1088	reference_confidence_loci_for_region
gatk-haplotypecaller/src/ref_confidence.rs	1125	reference_model_for_no_variation_region
gatk-haplotypecaller/src/ref_confidence.rs	1160	cluster_interior_tail_prefers_region_reads_when_gt_misaligned
gatk-haplotypecaller/src/ref_confidence.rs	1249	test_dict_chr2
gatk-haplotypecaller/src/ref_confidence.rs	1255	test_bam_header
gatk-haplotypecaller/src/ref_confidence.rs	1260	no_emitted_variant_active_region_yields_zero_evidence_hom_ref
gatk-haplotypecaller/src/ref_confidence.rs	1297	active_call_none_desert_island_is_zero_evidence
gatk-haplotypecaller/src/ref_confidence.rs	1325	zero_evidence_active_no_variation_region_is_hom_ref_gq0
gatk-haplotypecaller/src/ref_confidence.rs	1346	no_emitted_variant_empty_genotyping_reads_yields_zero_evidence_hom_ref
gatk-haplotypecaller/src/ref_confidence.rs	1385	reconcile_interstitial_prefers_dedup_region_hom_ref_pileup
gatk-haplotypecaller/src/ref_confidence.rs	1422	cluster_shadow_gap_detects_short_inter_variant_span
gatk-haplotypecaller/src/ref_confidence.rs	1432	reference_gq_from_hom_ref_dominant_gl
gatk-haplotypecaller/src/ref_confidence.rs	1438	no_variation_gvcf_summary_counts_blocks
gatk-haplotypecaller/src/ref_confidence.rs	1445	dense_cluster_mid_b_falls_back_when_genotyping_undercounts
gatk-haplotypecaller/src/ref_confidence.rs	1482	dense_cluster_mid_b_uses_region_when_dedup_also_singleton
gatk-haplotypecaller/src/ref_confidence.rs	1520	dense_cluster_mid_b_caps_depth_when_genotyping_sufficient
gatk-haplotypecaller/src/ref_confidence.rs	1559	downstream_sparse_caps_multi_read_hom_ref_to_one
gatk-haplotypecaller/src/ref_confidence.rs	1595	downstream_first_sparse_shadow_gap_detects_leading_inter_variant_band
gatk-haplotypecaller/src/ref_confidence.rs	1603	java_hom_ref_mega_zero_splits_post_desert_and_08_09k
gatk-haplotypecaller/src/ref_confidence.rs	1612	activity_profile_zero_includes_desert_and_mega_blocks
gatk-haplotypecaller/src/ref_confidence.rs	1621	apply_java_activity_profile_zero_loci_clears_desert_and_mega_blocks
gatk-haplotypecaller/src/ref_confidence.rs	1647	min_base_quality_includes_qual_equal_to_threshold
gatk-haplotypecaller/src/ref_confidence.rs	1668	inactive_loci_same_gq_band_merge_to_single_gvcf_block
gatk-haplotypecaller/src/ref_confidence.rs	1691	l5_pre_upstream_shadow_gradation_min_dp_four
gatk-haplotypecaller/src/ref_confidence.rs	1707	l5_java_extra_variant_site_omits_hom_ref_gradation
gatk-haplotypecaller/src/ref_confidence.rs	1714	l5_post_core_tail_gradation_matches_java_oracle
gatk-haplotypecaller/src/reference_context.rs	15	empty
gatk-haplotypecaller/src/reference_context.rs	19	from_slice
gatk-haplotypecaller/src/reference_context.rs	23	from_vec
gatk-haplotypecaller/src/reference_context.rs	28	as_bytes
gatk-haplotypecaller/src/reference_context.rs	33	as_slice
gatk-haplotypecaller/src/reference_context.rs	38	len
gatk-haplotypecaller/src/reference_context.rs	43	is_empty
gatk-haplotypecaller/src/reference_context.rs	50	deref
gatk-haplotypecaller/src/reference_context.rs	56	as_ref
gatk-haplotypecaller/src/reference_context.rs	87	empty
gatk-haplotypecaller/src/reference_context.rs	99	from_interval
gatk-haplotypecaller/src/reference_context.rs	132	len
gatk-haplotypecaller/src/reference_context.rs	137	bases_ascii
gatk-haplotypecaller/src/reference_context.rs	145	expected_window_len
gatk-haplotypecaller/src/reference_context.rs	157	padded_span_length_matches_bases
gatk-haplotypecaller/src/reference_context.rs	169	extended_span_loads_full_window
gatk-haplotypecaller/src/reference_context.rs	181	shared_bases_clone_is_arc_shared
gatk-haplotypecaller/src/reference_vcf_emit.rs	56	emit_mode_from_output_mode
gatk-haplotypecaller/src/reference_vcf_emit.rs	65	inactive_reference_model_to_vcf_records
gatk-haplotypecaller/src/reference_vcf_emit.rs	116	reference_base_char
gatk-haplotypecaller/src/reference_vcf_emit.rs	127	gvcf_block_fields_to_vcf_record
gatk-haplotypecaller/src/reference_vcf_emit.rs	185	emitted_variant_starts_in_region
gatk-haplotypecaller/src/reference_vcf_emit.rs	203	first_emitted_variant_start_in_region
gatk-haplotypecaller/src/reference_vcf_emit.rs	213	rcm_emitted_variant_starts_in_region
gatk-haplotypecaller/src/reference_vcf_emit.rs	233	active_region_gvcf_reference_records
gatk-haplotypecaller/src/reference_vcf_emit.rs	288	reference_confidence_locus_to_vcf_record
gatk-haplotypecaller/src/reference_vcf_emit.rs	339	new
gatk-haplotypecaller/src/reference_vcf_emit.rs	343	add_variant_position
gatk-haplotypecaller/src/reference_vcf_emit.rs	354	ingest_loci
gatk-haplotypecaller/src/reference_vcf_emit.rs	368	replace_loci_in_band
gatk-haplotypecaller/src/reference_vcf_emit.rs	391	set_locus_gq_dp
gatk-haplotypecaller/src/reference_vcf_emit.rs	410	force_gq_zero_locus
gatk-haplotypecaller/src/reference_vcf_emit.rs	415	remove_hom_ref_locus
gatk-haplotypecaller/src/reference_vcf_emit.rs	422	fill_interval_gaps_from_pileup
gatk-haplotypecaller/src/reference_vcf_emit.rs	502	remove_cluster_core_excluded_hom_ref
gatk-haplotypecaller/src/reference_vcf_emit.rs	508	into_block_records
gatk-haplotypecaller/src/reference_vcf_emit.rs	537	merge_contiguous_positions
gatk-haplotypecaller/src/reference_vcf_emit.rs	561	p12_cluster_rcm_band_fragmented
gatk-haplotypecaller/src/reference_vcf_emit.rs	571	cluster_rcm_band_fragmented_in_span
gatk-haplotypecaller/src/reference_vcf_emit.rs	598	cluster_rcm_fragmented_downstream_start
gatk-haplotypecaller/src/reference_vcf_emit.rs	642	p12_cluster_rcm_reconcile_bands
gatk-haplotypecaller/src/reference_vcf_emit.rs	705	reconcile_p12_cluster_rcm_band
gatk-haplotypecaller/src/reference_vcf_emit.rs	740	reconcile_cluster_rcm_span_band
gatk-haplotypecaller/src/reference_vcf_emit.rs	817	reconcile_cluster_rcm_fragmented_span
gatk-haplotypecaller/src/reference_vcf_emit.rs	869	reconcile_cluster_rcm_from_region
gatk-haplotypecaller/src/reference_vcf_emit.rs	918	reconcile_fragmented_dense_cluster_bands
gatk-haplotypecaller/src/reference_vcf_emit.rs	979	reconcile_p12_cluster_rcm_band_segment
gatk-haplotypecaller/src/reference_vcf_emit.rs	1048	active_region_reference_confidence_loci
gatk-haplotypecaller/src/reference_vcf_emit.rs	1093	cluster_rcm_band_fragmented_in_span_detects_mid_b_layout
gatk-haplotypecaller/src/reference_vcf_emit.rs	1096	mk
gatk-haplotypecaller/src/reference_vcf_emit.rs	1127	p12_cluster_band_fragmented_when_activity_splits_mid_cluster
gatk-haplotypecaller/src/reference_vcf_emit.rs	1130	mk
gatk-haplotypecaller/src/reference_vcf_emit.rs	1156	p12_cluster_rcm_reconcile_bands_cover_fragmented_layout
gatk-haplotypecaller/src/reference_vcf_emit.rs	1170	cluster_rcm_fragmented_downstream_start_from_second_active_region
gatk-haplotypecaller/src/reference_vcf_emit.rs	1173	mk
gatk-haplotypecaller/src/reference_vcf_emit.rs	1197	coalesce_merges_zero_gq_fringe_into_leading_hom_ref_span
gatk-haplotypecaller/src/reference_vcf_emit.rs	1223	gvcf_collector_merges_contiguous_region_loci_into_one_block
gatk-haplotypecaller/src/reference_vcf_emit.rs	1265	emit_mode_parsing_matches_gatk_output_modes
gatk-haplotypecaller/src/region_vcf_emit.rs	44	strict_java_non_p12_region_supports_emit
gatk-haplotypecaller/src/region_vcf_emit.rs	103	populate_hc_vcf_header_schema
gatk-haplotypecaller/src/region_vcf_emit.rs	104	info
gatk-haplotypecaller/src/region_vcf_emit.rs	114	fmt
gatk-haplotypecaller/src/region_vcf_emit.rs	233	first_differing_position_1based
gatk-haplotypecaller/src/region_vcf_emit.rs	249	genotype_from_index
gatk-haplotypecaller/src/region_vcf_emit.rs	262	build_biallelic_variant_record
gatk-haplotypecaller/src/region_vcf_emit.rs	324	build_record_inner
gatk-haplotypecaller/src/region_vcf_emit.rs	367	hc_info_values
gatk-haplotypecaller/src/region_vcf_emit.rs	386	try_emit_call_region_variants
gatk-haplotypecaller/src/region_vcf_emit.rs	402	try_emit_call_region_variants_with_config
gatk-haplotypecaller/src/region_vcf_emit.rs	768	try_emit_call_region_variant
gatk-haplotypecaller/src/region_vcf_emit.rs	784	try_emit_call_region_variant_with_config
gatk-haplotypecaller/src/region_vcf_emit.rs	898	allele_at_haplotype_position
gatk-haplotypecaller/src/region_vcf_emit.rs	916	first_diff_position
gatk-haplotypecaller/src/region_vcf_emit.rs	922	hc_vcf_header_schema_declares_emitted_info_and_format
gatk-haplotypecaller/src/rt_first_configured.rs	24	try_rt_configured_alts_before_seq_graph
gatk-haplotypecaller/src/rt_region_cache.rs	36	begin_assemble_region
gatk-haplotypecaller/src/rt_region_cache.rs	43	end_assemble_region
gatk-haplotypecaller/src/rt_region_cache.rs	49	is_active
gatk-haplotypecaller/src/rt_region_cache.rs	54	get_cached
gatk-haplotypecaller/src/rt_region_cache.rs	67	put_cached
gatk-haplotypecaller/src/rt_region_cache.rs	86	mark_configured_kmer_empty
gatk-haplotypecaller/src/rt_region_cache.rs	100	configured_kmer_already_empty
gatk-haplotypecaller/src/run.rs	61	release_region_tls_scratch
gatk-haplotypecaller/src/run.rs	70	release_region_tls_scratch_all_threads
gatk-haplotypecaller/src/run.rs	78	owned_bam_header
gatk-haplotypecaller/src/run.rs	89	tls_bam_header
gatk-haplotypecaller/src/run.rs	105	with_tls_ref_cache
gatk-haplotypecaller/src/run.rs	135	run_haplotype_caller
gatk-haplotypecaller/src/run.rs	349	sample_name_from_bam_inputs
gatk-haplotypecaller/src/run.rs	365	validate_haplotype_caller_input_policy
gatk-haplotypecaller/src/run.rs	380	reject_unsupported_haplotype_caller_cli
gatk-haplotypecaller/src/run.rs	411	pair_hmm_impl_from_config
gatk-haplotypecaller/src/run.rs	426	hc_scaffold_output_requested
gatk-haplotypecaller/src/run.rs	433	hc_variant_output_enabled
gatk-haplotypecaller/src/run.rs	447	reject_legacy_provisional_output
gatk-haplotypecaller/src/run.rs	463	assembly_region_variant_records
gatk-haplotypecaller/src/run.rs	745	process_one_region_vcf
gatk-haplotypecaller/src/run.rs	864	process_one_region_gvcf
gatk-haplotypecaller/src/run.rs	941	strip_region_payloads
gatk-haplotypecaller/src/run.rs	950	merge_region_emit_batches
gatk-haplotypecaller/src/run.rs	969	push_deduped_vcf
gatk-haplotypecaller/src/run.rs	993	accept_pair_hmm_cli_flag
gatk-haplotypecaller/src/run.rs	1003	reject_unknown_pair_hmm_cli_flag
gatk-haplotypecaller/src/run.rs	1012	reject_non_default_max_alternate_alleles
gatk-haplotypecaller/src/run.rs	1021	merge_region_emit_batches_is_position_ordered_and_deduped
gatk-haplotypecaller/src/run.rs	1022	mk
gatk-haplotypecaller/src/runtime_config.rs	78	from_env
gatk-haplotypecaller/src/runtime_config.rs	101	env_truthy
gatk-haplotypecaller/src/runtime_config.rs	107	env_is
gatk-haplotypecaller/src/runtime_config.rs	116	strict_cluster_debug_enabled
gatk-haplotypecaller/src/runtime_config.rs	121	hc_force_sequential_regions
gatk-haplotypecaller/src/runtime_config.rs	126	large_region_reads_sequential
gatk-haplotypecaller/src/runtime_config.rs	134	hc_rss_trace_enabled
gatk-haplotypecaller/src/runtime_config.rs	146	hc_rss_abort_mib
gatk-haplotypecaller/src/runtime_config.rs	182	hc_rss_diagnostics_enabled
gatk-haplotypecaller/src/runtime_config.rs	187	hc_rss_abort_triggered
gatk-haplotypecaller/src/runtime_config.rs	219	rss_trace_locus_lock
gatk-haplotypecaller/src/runtime_config.rs	224	rss_trace_set_locus
gatk-haplotypecaller/src/runtime_config.rs	241	rss_trace_clear_locus
gatk-haplotypecaller/src/runtime_config.rs	253	rss_trace_checkpoint
gatk-haplotypecaller/src/runtime_config.rs	285	rss_trace_reset_wall_delta
gatk-haplotypecaller/src/runtime_config.rs	295	ensure_rss_sampler
gatk-haplotypecaller/src/runtime_config.rs	340	current_rss_mib
gatk-haplotypecaller/src/runtime_config.rs	374	macos_task_rss_mib
gatk-haplotypecaller/src/runtime_config.rs	390	mach_task_self
gatk-haplotypecaller/src/runtime_config.rs	391	task_info
gatk-haplotypecaller/src/seq_graph.rs	83	from_assembly_graph
gatk-haplotypecaller/src/seq_graph.rs	119	node_count
gatk-haplotypecaller/src/seq_graph.rs	123	edge_count
gatk-haplotypecaller/src/seq_graph.rs	128	max_out_degree
gatk-haplotypecaller/src/seq_graph.rs	132	reference_source_vertex
gatk-haplotypecaller/src/seq_graph.rs	136	reference_sink_vertex
gatk-haplotypecaller/src/seq_graph.rs	140	is_ref_source_vertex
gatk-haplotypecaller/src/seq_graph.rs	144	is_ref_source
gatk-haplotypecaller/src/seq_graph.rs	164	is_ref_sink
gatk-haplotypecaller/src/seq_graph.rs	184	edge_is_ref
gatk-haplotypecaller/src/seq_graph.rs	190	edge_support
gatk-haplotypecaller/src/seq_graph.rs	197	outgoing_nodes
gatk-haplotypecaller/src/seq_graph.rs	202	path_bases_bytes
gatk-haplotypecaller/src/seq_graph.rs	214	in_degree
gatk-haplotypecaller/src/seq_graph.rs	218	out_degree
gatk-haplotypecaller/src/seq_graph.rs	222	outgoing_of
gatk-haplotypecaller/src/seq_graph.rs	229	incoming_of
gatk-haplotypecaller/src/seq_graph.rs	233	reference_path_bytes
gatk-haplotypecaller/src/seq_graph.rs	250	clean_non_ref_paths
gatk-haplotypecaller/src/seq_graph.rs	295	zip_linear_chains
gatk-haplotypecaller/src/seq_graph.rs	312	is_linear_chain_start
gatk-haplotypecaller/src/seq_graph.rs	325	trace_linear_chain
gatk-haplotypecaller/src/seq_graph.rs	347	is_reference_node
gatk-haplotypecaller/src/seq_graph.rs	352	merge_linear_chain
gatk-haplotypecaller/src/seq_graph.rs	413	rebuild_index
gatk-haplotypecaller/src/seq_graph.rs	422	remove_singleton_orphan_vertices
gatk-haplotypecaller/src/seq_graph.rs	443	remove_vertices_not_connected_to_ref_regardless_of_direction
gatk-haplotypecaller/src/seq_graph.rs	477	remove_paths_not_connected_to_ref
gatk-haplotypecaller/src/seq_graph.rs	518	simplify_graph
gatk-haplotypecaller/src/seq_graph.rs	522	vertex_in_degree
gatk-haplotypecaller/src/seq_graph.rs	526	vertex_out_degree
gatk-haplotypecaller/src/seq_graph.rs	530	is_sink_vertex
gatk-haplotypecaller/src/seq_graph.rs	534	vertex_sequence
gatk-haplotypecaller/src/seq_graph.rs	538	remove_vertices_by_id
gatk-haplotypecaller/src/seq_graph.rs	551	add_seq_vertex
gatk-haplotypecaller/src/seq_graph.rs	557	find_edge
gatk-haplotypecaller/src/seq_graph.rs	561	edges_pub
gatk-haplotypecaller/src/seq_graph.rs	565	add_or_update_edge
gatk-haplotypecaller/src/seq_graph.rs	587	incoming_nodes
gatk-haplotypecaller/src/seq_graph.rs	591	remove_edge
gatk-haplotypecaller/src/seq_graph.rs	596	incoming_edge_support_is_ref
gatk-haplotypecaller/src/seq_graph.rs	608	outgoing_edge_support_is_ref
gatk-haplotypecaller/src/seq_graph.rs	620	cleanup_seq_graph
gatk-haplotypecaller/src/seq_graph.rs	651	additional_sequence_bytes
gatk-haplotypecaller/src/seq_graph.rs	670	read
gatk-haplotypecaller/src/seq_graph.rs	678	prepared_p5_seqgraph_dump_path_has_nodes
gatk-haplotypecaller/src/seq_graph.rs	710	seq_graph_from_p5_case1_has_ref_path
gatk-haplotypecaller/src/seq_graph_simplify.rs	13	simplify_graph_full
gatk-haplotypecaller/src/seq_graph_simplify.rs	33	graph_topology_signature
gatk-haplotypecaller/src/seq_graph_simplify.rs	45	simplify_graph_once
gatk-haplotypecaller/src/seq_graph_simplify.rs	55	merge_diamonds_until_complete
gatk-haplotypecaller/src/seq_graph_simplify.rs	59	merge_tails_until_complete
gatk-haplotypecaller/src/seq_graph_simplify.rs	63	split_common_suffices_until_complete
gatk-haplotypecaller/src/seq_graph_simplify.rs	85	merge_common_suffices_until_complete
gatk-haplotypecaller/src/seq_graph_simplify.rs	89	transform_until_complete
gatk-haplotypecaller/src/seq_graph_simplify.rs	110	try_merge_diamond
gatk-haplotypecaller/src/seq_graph_simplify.rs	142	try_merge_tails
gatk-haplotypecaller/src/seq_graph_simplify.rs	161	try_split_common_suffix
gatk-haplotypecaller/src/seq_graph_simplify.rs	229	try_merge_common_suffices
gatk-haplotypecaller/src/seq_graph_simplify.rs	271	safe_to_split_suffix
gatk-haplotypecaller/src/seq_graph_simplify.rs	292	would_eliminate_ref_source
gatk-haplotypecaller/src/seq_graph_simplify.rs	301	all_vertices_are_only_suffix
gatk-haplotypecaller/src/seq_graph_simplify.rs	305	common_suffix_only
gatk-haplotypecaller/src/seq_graph_simplify.rs	328	without_suffix
gatk-haplotypecaller/src/seq_graph_simplify.rs	340	split_and_update
gatk-haplotypecaller/src/seq_graph_simplify.rs	414	common_prefix_suffix
gatk-haplotypecaller/src/seq_graph_simplify.rs	450	without_prefix_suffix
gatk-haplotypecaller/src/seq_graph_simplify.rs	476	read
gatk-haplotypecaller/src/seq_graph_simplify.rs	484	simplify_graph_once_runs_on_p5_graph
gatk-haplotypecaller/src/seq_graph_simplify.rs	498	merge_common_suffices_collapses_identical_predecessors
gatk-haplotypecaller/src/seq_kbest_haplotype.rs	25	new
gatk-haplotypecaller/src/seq_kbest_haplotype.rs	36	extend
gatk-haplotypecaller/src/seq_kbest_haplotype.rs	60	cmp
gatk-haplotypecaller/src/seq_kbest_haplotype.rs	68	partial_cmp
gatk-haplotypecaller/src/seq_kbest_haplotype.rs	74	eq
gatk-haplotypecaller/src/seq_kbest_haplotype.rs	82	find_best_haplotypes_seq_graph
gatk-haplotypecaller/src/shared_bam.rs	22	share_record
gatk-haplotypecaller/src/shared_bam.rs	28	empty_shared_record_ref
gatk-haplotypecaller/src/shared_bam.rs	34	empty_shared_record
gatk-haplotypecaller/src/shared_bam.rs	40	is_empty_shared_record
gatk-haplotypecaller/src/shared_bam.rs	46	record_make_mut
gatk-haplotypecaller/src/shared_bam.rs	52	share_records
gatk-haplotypecaller/src/shared_bam.rs	58	into_unique_records
gatk-haplotypecaller/src/shared_bam.rs	74	split_shared_for_finalize
gatk-haplotypecaller/src/shared_bam.rs	98	as_record
gatk-haplotypecaller/src/shared_bam.rs	99	make_mut
gatk-haplotypecaller/src/shared_bam.rs	104	as_record
gatk-haplotypecaller/src/shared_bam.rs	108	make_mut
gatk-haplotypecaller/src/shared_bam.rs	115	as_record
gatk-haplotypecaller/src/shared_bam.rs	119	make_mut
gatk-haplotypecaller/src/shared_bam.rs	129	share_clone_is_cheap_arc
gatk-haplotypecaller/src/shared_bam.rs	140	make_mut_cow_when_shared
gatk-haplotypecaller/src/shared_bam.rs	151	empty_shared_record_is_one_sentinel
gatk-haplotypecaller/src/shared_bam.rs	159	split_shared_for_finalize_unique_pays_one_clone
gatk-haplotypecaller/src/shared_bam.rs	171	split_shared_for_finalize_shared_keeps_arc
gatk-haplotypecaller/src/smith_waterman.rs	21	gatk_haplotype_to_reference
gatk-haplotypecaller/src/smith_waterman.rs	31	gatk_read_to_best_haplotype
gatk-haplotypecaller/src/smith_waterman.rs	64	cell
gatk-haplotypecaller/src/smith_waterman.rs	68	last_index_of
gatk-haplotypecaller/src/smith_waterman.rs	96	align
gatk-haplotypecaller/src/smith_waterman.rs	106	align_read_to_best_haplotype
gatk-haplotypecaller/src/smith_waterman.rs	121	already_ascii_uppercase
gatk-haplotypecaller/src/smith_waterman.rs	125	align_internal
gatk-haplotypecaller/src/smith_waterman.rs	159	align_uppercase_ready
gatk-haplotypecaller/src/smith_waterman.rs	273	new
gatk-haplotypecaller/src/smith_waterman.rs	284	ensure
gatk-haplotypecaller/src/smith_waterman.rs	309	clear
gatk-haplotypecaller/src/smith_waterman.rs	319	release_sw_tls_scratch
gatk-haplotypecaller/src/smith_waterman.rs	325	calculate_matrix
gatk-haplotypecaller/src/smith_waterman.rs	424	make_element
gatk-haplotypecaller/src/smith_waterman.rs	434	calculate_cigar
gatk-haplotypecaller/src/smith_waterman.rs	559	substring_fast_path_soft_clip
gatk-haplotypecaller/src/smith_waterman.rs	576	indel_strategy_produces_alignment
gatk-haplotypecaller/src/smith_waterman.rs	591	empty_sequences_return_err_not_panic
gatk-haplotypecaller/src/smith_waterman.rs	609	oversized_matrix_is_refused
gatk-haplotypecaller/src/variant_site_hc_annotations.rs	49	qual_from_af_calculation
gatk-haplotypecaller/src/variant_site_hc_annotations.rs	60	qd_depth_for_variant
gatk-haplotypecaller/src/variant_site_hc_annotations.rs	78	is_het_or_hom_var
gatk-haplotypecaller/src/variant_site_hc_annotations.rs	82	annotate_hc_variant_site
gatk-haplotypecaller/src/variant_site_hc_annotations.rs	138	read_offset_evidence_at_site
gatk-haplotypecaller/src/variant_site_hc_annotations.rs	167	mle_alleles_from_genotype_index
gatk-haplotypecaller/src/variant_site_hc_annotations.rs	176	genotype_counts_from_index
gatk-haplotypecaller/src/variant_site_hc_annotations.rs	184	read_strand_evidence_at_site
gatk-haplotypecaller/src/variant_site_hc_annotations.rs	228	genotype_from_index
gatk-haplotypecaller/src/variant_site_hc_annotations.rs	245	p11_pl_yields_java_af_qual
gatk-haplotypecaller/src/walker.rs	26	merge_closed_intervals
gatk-haplotypecaller/src/walker.rs	45	pad_interval
gatk-haplotypecaller/src/walker.rs	53	make_read_shards
gatk-haplotypecaller/src/walker.rs	90	make_read_shards_default_padding
gatk-haplotypecaller/src/walker.rs	102	tiny_dict_two_contigs
gatk-haplotypecaller/src/walker.rs	111	fixture_merge_same_contig_then_pad
gatk-haplotypecaller/src/walker.rs	134	fixture_disjoint_same_contig
gatk-haplotypecaller/src/walker.rs	155	fixture_two_contigs_two_shards
gatk-haplotypecaller/src/walker.rs	178	default_padding_constant_matches_gatk4
gatk-haplotypecaller/src/walker_apply.rs	30	call_disposition
gatk-haplotypecaller/src/walker_apply.rs	40	select_region_for_asm_dump
gatk-haplotypecaller/src/walker_apply.rs	81	from_regions
gatk-haplotypecaller/src/walker_apply.rs	104	region
gatk-haplotypecaller/src/walker_apply.rs	122	disposition_matches_is_active
gatk-haplotypecaller/src/walker_apply.rs	134	stats_sum_invariant
gatk-haplotypecaller/src/walker_traversal.rs	45	gatk_haplotype_caller_defaults
gatk-haplotypecaller/src/walker_traversal.rs	60	gatk_haplotype_caller_production
gatk-haplotypecaller/src/walker_traversal.rs	107	drain_assembly_regions_for_shard
gatk-haplotypecaller/src/walker_traversal.rs	143	traverse_assembly_region_walker
gatk-haplotypecaller/src/walker_traversal.rs	188	flatten_assembly_regions
gatk-haplotypecaller/src/walker_traversal.rs	196	into_assembly_regions
gatk-haplotypecaller/src/walker_traversal.rs	209	for_each_assembly_region
gatk-haplotypecaller/src/walker_traversal.rs	259	collect_assembly_regions
gatk-haplotypecaller/src/walker_traversal.rs	284	traversal_matches_direct_drain_on_chr1_fixture
gatk-haplotypecaller/src/worker_threads.rs	6	init_worker_threads
